Title,Date,Score,Review
the-legend-of-zelda-breath-of-the-wild,"May 19, 2026",10,"The Legend of Zelda: Breath of the Wild is, hands down, the best game on the Nintendo Switch. It is totally different from any other Zelda game, featuring a completely open world with barely any boundaries. The controls are seamless, the story is compelling, and the graphics are amazing. If you own a Switch, a Wii U, or a Switch 2, the game is a must-play experience."
the-legend-of-zelda-breath-of-the-wild,"May 6, 2026",9,The game is not all that 97 on metacritic is tooo high the game is not top1 in fiction it's solid 9/10 and that's it
the-legend-of-zelda-breath-of-the-wild,"May 18, 2026",10,"It is an amazing game that still holds up to this day, this is my favorite game of all time nothing feels tedious and the shika slate abilities are amazing."
the-legend-of-zelda-breath-of-the-wild,"May 17, 2026",9,"très différent des différents jeux The Legend of Zelda, avec des armes que l'on récupère sur des ennemis majoritairement, qui se brisent etc. Malgré cet énorme changement dans la licence, le jeu reste incroyable"
the-legend-of-zelda-breath-of-the-wild,"May 17, 2026",9,[SPOILER ALERT: This review contains spoilers.]
the-legend-of-zelda-breath-of-the-wild,"May 17, 2026",10,Juegazo. tal vez el mejor que haya jugado en mi vida. la libertad de jugar sin que te digan a donde ir. la adrenalina de duración de armas. la música. su historia que si me atrapo a punta de recuerdos. es un juego 10/10 recomendado
the-legend-of-zelda-breath-of-the-wild,"May 17, 2026",3,"Surement un des pires jeux que j'ai acheté ...
Le jeu vous lâche au milieux de nul part et ne vous explique pas quoi faire et ou aller . Si vous aimez l'aventure je vous conseille alors Genshin Impact ."
the-legend-of-zelda-breath-of-the-wild,"May 13, 2026",10,"Such an amazing game, amazing graphics for its release and still amazing! I love fighting guardians and lynels. Master Mode makes the game even better!"
the-legend-of-zelda-breath-of-the-wild,"May 12, 2026",10,"A completely new chapter to zelda with open world mechanics and so much to see. A great amount to discover with a decent story and bosses.
A little repetitive at points, but that's just open world and you have to keep it fresh by doing other things.
Basically a must play on the list of top games."
the-legend-of-zelda-breath-of-the-wild,"May 10, 2026",9,"The Legend of Zelda: Breath of the Wild starts off medium‑fast: it doesn’t throw you into the open world immediately, but it does a great job teaching the basics. The tutorial island is tight, clear, and never feels like a boring checklist. By the time you leave the starting point, the game truly opens itself and becomes a reactive, fun, and interesting experience that keeps you engaged from minute one to final credits. A world that wants to be messed with. The sheer amount of things you can interact with is insane.•	You can set fires, cook, craft, experiment with weapons, and watch the world react: rain puts out flames, wind spreads fire, metal conducts electricity, and climbing works everywhere.•	There are tons of recipes, enemy types, sword types, and shields, so you never feel like you’re repeating the same loop.•	Every town and region has its own lore, vibe, and mini‑story, and the side quests are actual stories, not just “kill 10 monsters” spam.•	Easy‑minded enemies throw rocks at you, gang up if there are more of them, and try to flank you.•	Bigger enemies later on are even better, they’ll cover their weakness once you hit them, reposition, and force you to adapt. The characters are interesting and lovely, the towns look great, and the overall story is engaging enough to keep you invested, even when you’re off doing random side stuff. The enemies actually react how you fight them, which makes combat feel smart instead of just mindless.  There are many, many more little tweaks like this, and they make every fight feel like a tiny puzzle instead of a button‑mash. The game has:•	Cold sensor / heat sensor for different biomes,•	Noise sensor where a clanking weapon on your back makes your sneaking louder; unequip that loud sword and suddenly you’re way stealthier. These aren’t just “flavour” details: they’re real gameplay incentives to think about your gear, position, and timing. Want to take out multiple enemies?•	Shoot some fire arrows around them, make them panic, and then clean up the mess.•	The skeleton animations are hilarious! I’m not spoiling it; you just have to experience it yourself. Puzzles that actually feel like Zelda. I’m usually bad at puzzles, but the ones in Breath of the Wild make sense.•	They’re canon‑adjacent, not just “time‑waste” filler.•	They feel like real puzzles, not random busywork, and they’re actually fun to solve.  Resident Evil games could really learn from this: puzzles that match the world and don’t feel like homework. Loot, loot, and more loot The game is packed with loot:•	Weapons to pick up,•	Shields to experiment with,•	Food to cook,•	Items to trade,•	Side quests that feel meaningful. Even after you finish the main story, there’s a ton of content to keep you going. You can keep exploring, crafting, cooking, and doing side quests, and it still feels like you’re discovering something new. Final verdict: 10/10.  This is a fantastic f***king game and truly one of the best games ever. AFTER Beating the game: The game can be very hard, but very balanced if you use everything the game gives you."
the-legend-of-zelda-breath-of-the-wild,"May 8, 2026",10,A must play. Please if you are thinking about playing it. Play it. It is the best game I ever played.
the-legend-of-zelda-breath-of-the-wild,"May 5, 2026",10,"Потрясающая игра тем более для своего времени, очень привлекательная визуальная составляющая заманчивая графика дающая чувство сразу и ностальгия и чувство детства , физика потрясающая можно взаимодействовать почти с каждым предметом , потрясающая игра в которую можно провести просто огромная куча времени видно что разработчики проделали огромную работу по созданию такого супер детального мира отличный эксклюзив 10 из 10 тем более если мы вспоминаем 2017 год"
the-legend-of-zelda-breath-of-the-wild,"May 4, 2026",8,"This was my first Zelda game , so my expectations were high . Actually i like this game but i cant say 'this is the best video game has ever made in that it had more flow than i anticipated . Firstly , enemy variety is not enough . In my 100 hours experince i always fight same enemy types plus game is contain not much boss variety either . After that , game difficulty . i think this topic is controversial but i my opinion game is so basic in everyway . for example shrines i had very high expectations for the shrines so i am dissapointed . we have 5 diffierent ability actually abilities are enough but we are not combinating them . This leads us to keep making the same things over and over . Additionally , ı was bored in the last 10 hours since i had consumed all the bosses therefore i didnt find formidable enemy . Nonethless i think the game is peak . the game provided an exceptionally rewarding experience that kept me thoroughly engaged ."
the-legend-of-zelda-breath-of-the-wild,"Apr 29, 2026",10,"The best open-world game I've ever played. You can't put it down because you keep wanting to go here and do there. The mountains and hills, and the advantage of being at high altitude, just like in real life, are very well thought out. Although Divine Beasts seems structurally repetitive, each game takes place in a different biome. In short, once you start playing, you're faced with a masterpiece that you won't be able to put down and will keep you occupied for hours. I recommend it to everyone."
the-legend-of-zelda-breath-of-the-wild,"Apr 26, 2026",10,Un onde ouvert qui révolutionne le monde ouvert. Un sentiment de liberté dans un monde merveilleux. Graphismes qui vont très bien avec cette licence. A aucun moment je me suis ennuyé tellement l'envie de parcourir la map est présente.
the-legend-of-zelda-breath-of-the-wild,"Apr 26, 2026",10,"Tremendo juegazo lo he jugado mas de mil horas y nunca me aburre, definitivamente el mejor juego de mundo abierto de la historia"
the-legend-of-zelda-breath-of-the-wild,"Apr 25, 2026",9,"This game is system-buying worthy and that’s exactly what happened. I’ve pinned over playing this for 5 years and after finally experiencing it, I’m not disappointed. It’s huge, it's innovative, it's beautiful, it's nostalgic, it's new. Its only downfall is the lack of a story. Zelda titles previously have been at the top tier in storytelling and this story is underbaked and unsatisfying."
the-legend-of-zelda-breath-of-the-wild,"Apr 23, 2026",10,Best zelda game hands down! Everything is amazing buy this game you wont regret it!
the-legend-of-zelda-breath-of-the-wild,"Apr 23, 2026",9,"2017 REVISITED: A REVOLUTION IN FREEDOM: Looking back at 2017, it’s hard to overstate how much this game changed the industry. While other open-world games were obsessed with checklists and map markers, Breath of the Wild gave us a paraglider and told us to ""go."" The true greatness of this game lies in its physics-based chemistry system. Whether you were using a metal sword to attract lightning during a storm or freezing a boulder to launch it at a camp, the game rewarded curiosity in a way that felt truly revolutionary at the time. TECHNICAL PERFORMANCE: AGING WITH GRACE: Does it show its age? Yes. When played today, you’ll notice the 30 FPS cap (granted, there is a switch 2 edition, but it costs money) and the occasional frame dips in dense areas like Korok Forest. However, the art style is so strong that it masks the technical limitations of the original Switch hardware. The painterly, watercolor aesthetic ensures that Hyrule still feels vast and inviting, rather than ""outdated."" It’s a testament to the art direction that a game from 2017 can still stand side-by-side with modern Switch 2 titles without feeling out of place. THE WORLD: A RELEVANT MASTERPIECE: The most surprising thing about playing this today is how relevant it remains. Many games have tried to copy the ""Zelda formula,"" but few capture the same sense of lonely, quiet exploration. The lack of a constant music track—replaced by the sounds of wind and grass—makes the world feel alive and ""lived-in."" Even with its sequel out in the world, the original journey of Link waking up in the Shrine of Resurrection still carries a weight and a simplicity that is unmatched. THE DURABILITY DILEMMA: If there is one thing that frustrates me the most in this game, it’s definitely the weapon durability system. While it encourages you to try new gear, it can still feel frustrating to have a legendary weapon shatter after a single encounter. It creates a ""hoarding"" mentality that sometimes clashes with the game’s otherwise perfect sense of freedom. PROS: Unrivaled sense of exploration and freedom. Timeless art style that still looks beautiful today. The ""Chemistry Engine"" allows for insane player creativity. CONS: Divisive weapon durability system.Occasional frame rate stutters in busy environments. THE FINAL VERDICT: 9/10: In 2017, this game was a 10/10. Today, it remains a near-perfect 9/10. It is a technical marvel of its time that has aged with incredible grace. Even with newer titles pushing hardware further, the original ""Breath"" remains an essential, quiet, and breathtaking journey that every gamer should experience at least once."
the-legend-of-zelda-breath-of-the-wild,"Apr 19, 2026",10,"One of the greatest games of all time, the freedom I experienced when playing this game for the first time was unbelievable. The individuality of every playthrough makes it one of the most replayable games out there."
the-legend-of-zelda-breath-of-the-wild,"Oct 29, 2025",10,"At first I was a bit bored from this game. The starting area is a bit tedious. But then it became super fun and addicting - exploring the different areas of the map, not knowing what you will find makes you want to keep playing the game. The shrines are neat puzzles, some of which really test your problem solving skills.

The combat is descent. I like how you can get better by learning to parry and flurry rush, but it can get repetitive a bit boring after like 50 hoursm but exploring is the thing that makes the game a masterpiece so it isn't a problem. Plus there are many different weapons with different natural abilities (fire, ice...) that make it more interesting.

The story is intriguing and you help figure stuff out by finding memories (which you access by playing like geoguessr which is fun). The characters can be a bit goofy and have intereseting things to say.

The quest are ok I guess. Some are very hard to figure out so you will probably need to look them up on youtube.

The only thing I genuinely don't like is that there isn't a big variety in enemies. There are only 3-4 enemy types in the different zones and it does get a bit dull, but as I said combat is not the main part of the game (it does play a hue big, but exploration is number 1)."
the-legend-of-zelda-breath-of-the-wild,"Apr 17, 2026",10,"Melhor jogo que eu joguei na minha vida! Nunca tinha jogado nada do universo Zelda. Porém, fiquei totalmente fascinado."
the-legend-of-zelda-breath-of-the-wild,"Jul 4, 2025",10,Il miglior gioco del mondo insieme a rdr2. Grafica ottima e storia bella. Incredibile.
the-legend-of-zelda-breath-of-the-wild,"Apr 16, 2026",10,"Prawdziwy powiew świeżości w grach video.
The Legend of Zelda: Breath of the Wild przywraca na nowo radość z grania."
the-legend-of-zelda-breath-of-the-wild,"Apr 16, 2026",10,a really nice game with cool graphics and a very interesting story and good controls
the-legend-of-zelda-breath-of-the-wild,"Apr 14, 2026",10,"Este juego me marcó demasiado, es de esos juegos que cuando necesitas desconectar de la vida diaria, está ahí para poder apoyarte en el y disfrutarlo como si no hubiera un mañana. El juego para mí podría ser mejorable en algunos aspectos, pero muy pocos, porque en general me parece sublime y le tengo un inmenso cariño. Gracias Nintendo por crear este tipo de joyas."
the-legend-of-zelda-breath-of-the-wild,"Apr 14, 2026",10,"Легенда Зельди найчудовіша гра на світч персонально для мене, мила, красива по своєму. Бойовка, на справді, легка, але для мене як для новачка світу консолей було складнувато."
the-legend-of-zelda-breath-of-the-wild,"Apr 12, 2026",10,"Jeśli ktoś szuka sandboxa na ponad 100h, must have!
Jeśli ktoś nie lubi eksploracji i sandboxowych otwartych światów, to raczej się odbije...

Kontekst: Zelda w klimacie post-apo, dostajemy duży otwarty świat który po przejściu dobrze tłumaczącego mechaniki prologu (nie prowadzi za rączkę jak typowe AAA) praktycznie cały stoi przed nami otworem, fabuła jest tylko tłem ale dobrze nakreśla cel i daje motywację do gry.
Gameplay: gra nie wprowadza niczego całkowicie nowego, ale łączy w idealny sposób wiele znanych mechanik. Eksploracja jest genialnie zrealizowana, jeśli tylko pozwoli nam na to poziom staminy i nasze umiejętności jesteśmy w stanie dostać się wszędzie gdzie tylko zechcemy, świat jest wystarczający duży żeby móc na spokojnie eksplorować i poczuć klimat podróży, ale jednocześnie nie jest pusty, jeśli coś przykuje naszą uwagę, to najprawdopodobniej coś ciekawego tam znajdziemy. System walki jest prosty, ale satysfakcjonujący, a przez mnogość sposobów na eliminowanie przeciwników nie nudzi nawet pod koniec gry, tak na prawdę najgorsze walki to te z bossami, bo tam mamy ograniczoną przestrzeń i często wymuszony sposób walki. Mamy tu system niszczenia się broni, który wymusza na nas ciągłe zmienianie naszego rynsztunku i szukanie nowych broni, dzięki temu nawet jeśli znajdziemy na początku gry silny miecz, nie przejdziemy nim całej gry. Gra oferuje też wiele pomniejszych mechanik, takich jak jedzenie, temperatura, wspinaczka, latanie na lotni, moce które dostajemy w prologu, czy wierzchowce. 
Grafika i dźwięk: styl artystyczny doprze pasuje do gry, buduje klimat, udźwiękowienie też jest na najwyższym poziomie, z jedną wadą... praktycznie w grze nie uświadczymy dubbingu. Muzyka jak chyba w każdej zeldzie jest na bardzo wysokim poziomie i świetnie wpasowuje się w to gdzie jesteśmy i co aktualnie dzieje się na ekranie. Nie ma co ukrywać że gra momentami nie zachwyca szczegółowością tekstur czy rozdzielczością, ale to kwestia przestarzałej konsoli i na szczęście wersja na switch 2 eliminuje wszystkie te niedociągnięcia.
Wydajność/optymalizacja: Gra jest świetnie zoptymalizowana, wyciska z pierwszego pstryczka 100%, momentami zdarzają się chrupnięcia, czasy ładowania na pierwszym switch'u też nie są najkrótsze, ale nadal gra się przyjemnie, a nawet lekkie ścinki nie zaburzają gry i nie irytują, jest to na prawdę solidny port z WII'U. 
Najważniejsze + i -
+ Eksploracja!
+ Brak prowadzenia za rączkę
+ Ogrom aktywności w świecie gry
- Walki z bossami
- brak dubbingu...
Podsumowując, jest to gra która na pewno nie trafi do każdego, stawia na kreatywność gracza, eksploracje i sandboxowość, jeśli ktoś nie lubi takich sandboxowych otwartych światów i po prostu chce przebiec przez fabułę, jasne, można, ale w takim wypadku raczej nie polecam, ale dla graczy takich jak ja, którzy szukają dużego otwartego sandboxa nie prowadzącego za rączkę jest to tytuł obowiązkowy, obiektywnie gra ma niedociągnięcia, braki i nie jest idealna, więc na pewno nie zasługuje na 10/10, a raczej na solidne 8,5/10, ale dla mnie osobiście, to aktualnie najlepsza gra w jaką kiedykolwiek grałem!"
the-legend-of-zelda-breath-of-the-wild,"Apr 13, 2026",10,"Legend of Zelda: Breath of the Wild is by far the greatest open world game of all time, rivaling games like Skyrim and Ghost of Tsushima. Gameplay wise, you could spend 1000 hours in BotW and still not find every Korok Seed, Shrine, or shop. Its no wonder why this is the highest rated video game ever. All acclaim that this game receives is deserved. One of my favorite games of all time."
the-legend-of-zelda-breath-of-the-wild,"Apr 9, 2026",10,This game changed they way we look at games and experience them. The game evolves around the players no matter which way you choose while enjoying perfect mechanics and the most atmospheric scenery. All this is put together in simple but sophisticated way.
the-legend-of-zelda-breath-of-the-wild,"Apr 6, 2026",10,Honnestly this game changed the whole gaming industry forever its criminal to rate it below 10
the-legend-of-zelda-breath-of-the-wild,"Apr 5, 2026",10,"The best game I ever played. No game has that much freedom at all. The feeling when you step out of the shrine of living is amazing. And yet nearly 8 years later I still play this game. The Freedom to go wherever you want whenever you want is so good. The Story is perfect and you learn time after time the things you need to progress further
All in all is it the best game in the world of games"
the-legend-of-zelda-breath-of-the-wild,"Apr 5, 2026",10,Despite not being a perfect game (Tears would make it slightly better) it is almost perfect the world and how everything interacts is awesome. The best open world released still in 2026.
the-legend-of-zelda-breath-of-the-wild,"Apr 5, 2026",10,"An Amazing game with great graphics, open world area and repetitive gameplay that you can enjoy all the time, there are some flaws like the weapon durability system but overall it's amazing."
the-legend-of-zelda-breath-of-the-wild,"Apr 1, 2026",10,[SPOILER ALERT: This review contains spoilers.]
the-legend-of-zelda-breath-of-the-wild,"Mar 29, 2026",7,"cute, interesting world to discover, some parts are very underutilized and the shrine thing that you have to learn skills in those **** massive balls. The story was kinda whatever but it was a fun playthrough. 50 hours is **** mental however, and the end bossfight was way too easy in comparison to the other bossfights you had to do. A few parts of this game was a bit underwhelming but other than that it is a pretty solid one if you are into this kind of stuff."
the-legend-of-zelda-breath-of-the-wild,"Apr 2, 2026",10,"Ho giocato questo gioco tempo fa, e dopo aver giocato titoli famosi come Rdr2, TLOU 1/2, Ghost of Tsushima e tanti altri, questo rimane per me sempre in cima alla lista, per le tante cose da fare nel mondo open world e anche per una trama bellissima. La cosa fantastica di questo gioco è che la storia principale dura poco, ma è la voglia di scoprire ed esplorare che la fa allungare di tantissime ore."
the-legend-of-zelda-breath-of-the-wild,"Apr 2, 2026",10,"Candidate for my favourite game of all time. 

This game had multiple moments in which it took me back to the feeling of being a little kid experiencing the wonder of video games for the first time again."
the-legend-of-zelda-breath-of-the-wild,"Apr 1, 2026",9,"The most ""Open world"" open world an open world game can get without being too much, the exploration is great but not overwhelming."
the-legend-of-zelda-breath-of-the-wild,"Apr 1, 2026",10,[SPOILER ALERT: This review contains spoilers.]
the-legend-of-zelda-breath-of-the-wild,"Apr 1, 2026",9,"A complete masterpiece, Nintendo's second best (after TotK). It is a revolutionary game where you can explore a huge free world. The game is almost perfect but there is one problem: you cannot do anything with the drops from monsters and that is why TotK is better, they fixed it..."
the-legend-of-zelda-breath-of-the-wild,"Apr 1, 2026",10,"juegazo lo jugue con 15 años y lo seguire jugando igual, cada parte del mapa explorable es una belleza muy buen juego hoy con 22 años entiendo lo que fue para mi infancia y lo que sigue siendo es una obra maestra"
the-legend-of-zelda-breath-of-the-wild,"Mar 31, 2026",10,"Zelda: Breath of the Wild (9.9/10) is a masterclass in open-world design. Every corner of Hyrule feels alive, with physics-driven puzzles, dynamic weather, and stunning vistas. The freedom to explore, experiment, and approach challenges your way is unparalleled. Combat is satisfying, shrines are clever, and the story, though subtle, resonates. A breathtaking adventure that sets a new standard for gaming."
the-legend-of-zelda-breath-of-the-wild,"Mar 28, 2026",7,"The Legend of Zelda: Breath of The Wild has a wonderful open world and engaging concept for a story, but struggles to tell that story in a satisfying way and the player will spend more time doing tedious chores than adventuring."
the-legend-of-zelda-breath-of-the-wild,"Mar 28, 2026",10,"I simply love the exploration and setting of this game; the soundtrack and art direction drive me crazy. Needless to say, the freedom this game gives you is insane. Without a doubt, one of my favorites."
the-legend-of-zelda-breath-of-the-wild,"Mar 28, 2026",10,Uno de los mejores videojuegos que he jugado en mi vida. No hay palabras suficientes para describir todo lo que he podido vivir y sentir. Un imprescindible.
the-legend-of-zelda-breath-of-the-wild,"Mar 27, 2026",10,"Absolute masterpiece! The first game I played on switch! Open world, many things to explore and of course the following saying applies perfectly onto this game: Life is about the journey, not the destination. You're in a vast unknown world, you can go everywhere your eyes can see. Wherever you go there will be something to obtain, from completing a quest, or just getting a korok seed. The artwork is beautiful, the music is relaxing. It's not about rushing to complete this game. It's about exploring, picking a direction and just heading that way and whatever happens. I really wish i could forget this game and experience it once again from scratch. 10/10"
the-legend-of-zelda-breath-of-the-wild,"Mar 25, 2026",10,Este es sin duda alguna mi videojuego favorito con diferencia nunca me había encontrado con un juego tan hermoso y épico tal vez hable desde el amor que le tengo a esta saga pero no puedo dejar de decir lo mucho que amo este juego yo creo que nunca voy a encontrar un juego que me guste más que este
the-legend-of-zelda-breath-of-the-wild,"Mar 24, 2026",10,"One of the best games ever made. An incredibly beautiful world- so much to explore and find. 
This game truly encapsulates the sense of wonder of games of old.
Take your time with this game and enjoy every moment it has to offer- there is no wasted time when getting into this world."
the-legend-of-zelda-breath-of-the-wild,"Mar 24, 2026",10,"È un gioco perfetto, la grafica nel 2026 sembra quella di un gioco non curatissimo ma di certo non datato. Gameplay 10, QoL 10, grafica, se contiamo che il gioco sia tanto datato 10"
the-legend-of-zelda-breath-of-the-wild,"May 19, 2026",10,"The Legend of Zelda: Breath of the Wild is, hands down, the best game on the Nintendo Switch. It is totally different from any other Zelda game, featuring a completely open world with barely any boundaries. The controls are seamless, the story is compelling, and the graphics are amazing. If you own a Switch, a Wii U, or a Switch 2, the game is a must-play experience."
the-legend-of-zelda-breath-of-the-wild,"May 6, 2026",9,The game is not all that 97 on metacritic is tooo high the game is not top1 in fiction it's solid 9/10 and that's it
the-legend-of-zelda-breath-of-the-wild,"May 18, 2026",10,"It is an amazing game that still holds up to this day, this is my favorite game of all time nothing feels tedious and the shika slate abilities are amazing."
the-legend-of-zelda-breath-of-the-wild,"May 17, 2026",9,"très différent des différents jeux The Legend of Zelda, avec des armes que l'on récupère sur des ennemis majoritairement, qui se brisent etc. Malgré cet énorme changement dans la licence, le jeu reste incroyable"
the-legend-of-zelda-breath-of-the-wild,"May 17, 2026",9,[SPOILER ALERT: This review contains spoilers.]
the-legend-of-zelda-breath-of-the-wild,"May 17, 2026",10,Juegazo. tal vez el mejor que haya jugado en mi vida. la libertad de jugar sin que te digan a donde ir. la adrenalina de duración de armas. la música. su historia que si me atrapo a punta de recuerdos. es un juego 10/10 recomendado
the-legend-of-zelda-breath-of-the-wild,"May 17, 2026",3,"Surement un des pires jeux que j'ai acheté ...
Le jeu vous lâche au milieux de nul part et ne vous explique pas quoi faire et ou aller . Si vous aimez l'aventure je vous conseille alors Genshin Impact ."
the-legend-of-zelda-breath-of-the-wild,"May 13, 2026",10,"Such an amazing game, amazing graphics for its release and still amazing! I love fighting guardians and lynels. Master Mode makes the game even better!"
the-legend-of-zelda-breath-of-the-wild,"May 12, 2026",10,"A completely new chapter to zelda with open world mechanics and so much to see. A great amount to discover with a decent story and bosses.
A little repetitive at points, but that's just open world and you have to keep it fresh by doing other things.
Basically a must play on the list of top games."
the-legend-of-zelda-breath-of-the-wild,"May 10, 2026",9,"The Legend of Zelda: Breath of the Wild starts off medium‑fast: it doesn’t throw you into the open world immediately, but it does a great job teaching the basics. The tutorial island is tight, clear, and never feels like a boring checklist. By the time you leave the starting point, the game truly opens itself and becomes a reactive, fun, and interesting experience that keeps you engaged from minute one to final credits. A world that wants to be messed with. The sheer amount of things you can interact with is insane.•	You can set fires, cook, craft, experiment with weapons, and watch the world react: rain puts out flames, wind spreads fire, metal conducts electricity, and climbing works everywhere.•	There are tons of recipes, enemy types, sword types, and shields, so you never feel like you’re repeating the same loop.•	Every town and region has its own lore, vibe, and mini‑story, and the side quests are actual stories, not just “kill 10 monsters” spam.•	Easy‑minded enemies throw rocks at you, gang up if there are more of them, and try to flank you.•	Bigger enemies later on are even better, they’ll cover their weakness once you hit them, reposition, and force you to adapt. The characters are interesting and lovely, the towns look great, and the overall story is engaging enough to keep you invested, even when you’re off doing random side stuff. The enemies actually react how you fight them, which makes combat feel smart instead of just mindless.  There are many, many more little tweaks like this, and they make every fight feel like a tiny puzzle instead of a button‑mash. The game has:•	Cold sensor / heat sensor for different biomes,•	Noise sensor where a clanking weapon on your back makes your sneaking louder; unequip that loud sword and suddenly you’re way stealthier. These aren’t just “flavour” details: they’re real gameplay incentives to think about your gear, position, and timing. Want to take out multiple enemies?•	Shoot some fire arrows around them, make them panic, and then clean up the mess.•	The skeleton animations are hilarious! I’m not spoiling it; you just have to experience it yourself. Puzzles that actually feel like Zelda. I’m usually bad at puzzles, but the ones in Breath of the Wild make sense.•	They’re canon‑adjacent, not just “time‑waste” filler.•	They feel like real puzzles, not random busywork, and they’re actually fun to solve.  Resident Evil games could really learn from this: puzzles that match the world and don’t feel like homework. Loot, loot, and more loot The game is packed with loot:•	Weapons to pick up,•	Shields to experiment with,•	Food to cook,•	Items to trade,•	Side quests that feel meaningful. Even after you finish the main story, there’s a ton of content to keep you going. You can keep exploring, crafting, cooking, and doing side quests, and it still feels like you’re discovering something new. Final verdict: 10/10.  This is a fantastic f***king game and truly one of the best games ever. AFTER Beating the game: The game can be very hard, but very balanced if you use everything the game gives you."
the-legend-of-zelda-breath-of-the-wild,"May 8, 2026",10,A must play. Please if you are thinking about playing it. Play it. It is the best game I ever played.
the-legend-of-zelda-breath-of-the-wild,"May 5, 2026",10,"Потрясающая игра тем более для своего времени, очень привлекательная визуальная составляющая заманчивая графика дающая чувство сразу и ностальгия и чувство детства , физика потрясающая можно взаимодействовать почти с каждым предметом , потрясающая игра в которую можно провести просто огромная куча времени видно что разработчики проделали огромную работу по созданию такого супер детального мира отличный эксклюзив 10 из 10 тем более если мы вспоминаем 2017 год"
the-legend-of-zelda-breath-of-the-wild,"May 4, 2026",8,"This was my first Zelda game , so my expectations were high . Actually i like this game but i cant say 'this is the best video game has ever made in that it had more flow than i anticipated . Firstly , enemy variety is not enough . In my 100 hours experince i always fight same enemy types plus game is contain not much boss variety either . After that , game difficulty . i think this topic is controversial but i my opinion game is so basic in everyway . for example shrines i had very high expectations for the shrines so i am dissapointed . we have 5 diffierent ability actually abilities are enough but we are not combinating them . This leads us to keep making the same things over and over . Additionally , ı was bored in the last 10 hours since i had consumed all the bosses therefore i didnt find formidable enemy . Nonethless i think the game is peak . the game provided an exceptionally rewarding experience that kept me thoroughly engaged ."
the-legend-of-zelda-breath-of-the-wild,"Apr 29, 2026",10,"The best open-world game I've ever played. You can't put it down because you keep wanting to go here and do there. The mountains and hills, and the advantage of being at high altitude, just like in real life, are very well thought out. Although Divine Beasts seems structurally repetitive, each game takes place in a different biome. In short, once you start playing, you're faced with a masterpiece that you won't be able to put down and will keep you occupied for hours. I recommend it to everyone."
the-legend-of-zelda-breath-of-the-wild,"Apr 26, 2026",10,Un onde ouvert qui révolutionne le monde ouvert. Un sentiment de liberté dans un monde merveilleux. Graphismes qui vont très bien avec cette licence. A aucun moment je me suis ennuyé tellement l'envie de parcourir la map est présente.
the-legend-of-zelda-breath-of-the-wild,"Apr 26, 2026",10,"Tremendo juegazo lo he jugado mas de mil horas y nunca me aburre, definitivamente el mejor juego de mundo abierto de la historia"
the-legend-of-zelda-breath-of-the-wild,"Apr 25, 2026",9,"This game is system-buying worthy and that’s exactly what happened. I’ve pinned over playing this for 5 years and after finally experiencing it, I’m not disappointed. It’s huge, it's innovative, it's beautiful, it's nostalgic, it's new. Its only downfall is the lack of a story. Zelda titles previously have been at the top tier in storytelling and this story is underbaked and unsatisfying."
the-legend-of-zelda-breath-of-the-wild,"Apr 23, 2026",10,Best zelda game hands down! Everything is amazing buy this game you wont regret it!
the-legend-of-zelda-breath-of-the-wild,"Apr 23, 2026",9,"2017 REVISITED: A REVOLUTION IN FREEDOM: Looking back at 2017, it’s hard to overstate how much this game changed the industry. While other open-world games were obsessed with checklists and map markers, Breath of the Wild gave us a paraglider and told us to ""go."" The true greatness of this game lies in its physics-based chemistry system. Whether you were using a metal sword to attract lightning during a storm or freezing a boulder to launch it at a camp, the game rewarded curiosity in a way that felt truly revolutionary at the time. TECHNICAL PERFORMANCE: AGING WITH GRACE: Does it show its age? Yes. When played today, you’ll notice the 30 FPS cap (granted, there is a switch 2 edition, but it costs money) and the occasional frame dips in dense areas like Korok Forest. However, the art style is so strong that it masks the technical limitations of the original Switch hardware. The painterly, watercolor aesthetic ensures that Hyrule still feels vast and inviting, rather than ""outdated."" It’s a testament to the art direction that a game from 2017 can still stand side-by-side with modern Switch 2 titles without feeling out of place. THE WORLD: A RELEVANT MASTERPIECE: The most surprising thing about playing this today is how relevant it remains. Many games have tried to copy the ""Zelda formula,"" but few capture the same sense of lonely, quiet exploration. The lack of a constant music track—replaced by the sounds of wind and grass—makes the world feel alive and ""lived-in."" Even with its sequel out in the world, the original journey of Link waking up in the Shrine of Resurrection still carries a weight and a simplicity that is unmatched. THE DURABILITY DILEMMA: If there is one thing that frustrates me the most in this game, it’s definitely the weapon durability system. While it encourages you to try new gear, it can still feel frustrating to have a legendary weapon shatter after a single encounter. It creates a ""hoarding"" mentality that sometimes clashes with the game’s otherwise perfect sense of freedom. PROS: Unrivaled sense of exploration and freedom. Timeless art style that still looks beautiful today. The ""Chemistry Engine"" allows for insane player creativity. CONS: Divisive weapon durability system.Occasional frame rate stutters in busy environments. THE FINAL VERDICT: 9/10: In 2017, this game was a 10/10. Today, it remains a near-perfect 9/10. It is a technical marvel of its time that has aged with incredible grace. Even with newer titles pushing hardware further, the original ""Breath"" remains an essential, quiet, and breathtaking journey that every gamer should experience at least once."
the-legend-of-zelda-breath-of-the-wild,"Apr 19, 2026",10,"One of the greatest games of all time, the freedom I experienced when playing this game for the first time was unbelievable. The individuality of every playthrough makes it one of the most replayable games out there."
the-legend-of-zelda-breath-of-the-wild,"Oct 29, 2025",10,"At first I was a bit bored from this game. The starting area is a bit tedious. But then it became super fun and addicting - exploring the different areas of the map, not knowing what you will find makes you want to keep playing the game. The shrines are neat puzzles, some of which really test your problem solving skills.

The combat is descent. I like how you can get better by learning to parry and flurry rush, but it can get repetitive a bit boring after like 50 hoursm but exploring is the thing that makes the game a masterpiece so it isn't a problem. Plus there are many different weapons with different natural abilities (fire, ice...) that make it more interesting.

The story is intriguing and you help figure stuff out by finding memories (which you access by playing like geoguessr which is fun). The characters can be a bit goofy and have intereseting things to say.

The quest are ok I guess. Some are very hard to figure out so you will probably need to look them up on youtube.

The only thing I genuinely don't like is that there isn't a big variety in enemies. There are only 3-4 enemy types in the different zones and it does get a bit dull, but as I said combat is not the main part of the game (it does play a hue big, but exploration is number 1)."
the-legend-of-zelda-breath-of-the-wild,"Apr 17, 2026",10,"Melhor jogo que eu joguei na minha vida! Nunca tinha jogado nada do universo Zelda. Porém, fiquei totalmente fascinado."
the-legend-of-zelda-breath-of-the-wild,"Jul 4, 2025",10,Il miglior gioco del mondo insieme a rdr2. Grafica ottima e storia bella. Incredibile.
the-legend-of-zelda-breath-of-the-wild,"Apr 16, 2026",10,"Prawdziwy powiew świeżości w grach video.
The Legend of Zelda: Breath of the Wild przywraca na nowo radość z grania."
the-legend-of-zelda-breath-of-the-wild,"Apr 16, 2026",10,a really nice game with cool graphics and a very interesting story and good controls
the-legend-of-zelda-breath-of-the-wild,"Apr 14, 2026",10,"Este juego me marcó demasiado, es de esos juegos que cuando necesitas desconectar de la vida diaria, está ahí para poder apoyarte en el y disfrutarlo como si no hubiera un mañana. El juego para mí podría ser mejorable en algunos aspectos, pero muy pocos, porque en general me parece sublime y le tengo un inmenso cariño. Gracias Nintendo por crear este tipo de joyas."
the-legend-of-zelda-breath-of-the-wild,"Apr 14, 2026",10,"Легенда Зельди найчудовіша гра на світч персонально для мене, мила, красива по своєму. Бойовка, на справді, легка, але для мене як для новачка світу консолей було складнувато."
the-legend-of-zelda-breath-of-the-wild,"Apr 12, 2026",10,"Jeśli ktoś szuka sandboxa na ponad 100h, must have!
Jeśli ktoś nie lubi eksploracji i sandboxowych otwartych światów, to raczej się odbije...

Kontekst: Zelda w klimacie post-apo, dostajemy duży otwarty świat który po przejściu dobrze tłumaczącego mechaniki prologu (nie prowadzi za rączkę jak typowe AAA) praktycznie cały stoi przed nami otworem, fabuła jest tylko tłem ale dobrze nakreśla cel i daje motywację do gry.
Gameplay: gra nie wprowadza niczego całkowicie nowego, ale łączy w idealny sposób wiele znanych mechanik. Eksploracja jest genialnie zrealizowana, jeśli tylko pozwoli nam na to poziom staminy i nasze umiejętności jesteśmy w stanie dostać się wszędzie gdzie tylko zechcemy, świat jest wystarczający duży żeby móc na spokojnie eksplorować i poczuć klimat podróży, ale jednocześnie nie jest pusty, jeśli coś przykuje naszą uwagę, to najprawdopodobniej coś ciekawego tam znajdziemy. System walki jest prosty, ale satysfakcjonujący, a przez mnogość sposobów na eliminowanie przeciwników nie nudzi nawet pod koniec gry, tak na prawdę najgorsze walki to te z bossami, bo tam mamy ograniczoną przestrzeń i często wymuszony sposób walki. Mamy tu system niszczenia się broni, który wymusza na nas ciągłe zmienianie naszego rynsztunku i szukanie nowych broni, dzięki temu nawet jeśli znajdziemy na początku gry silny miecz, nie przejdziemy nim całej gry. Gra oferuje też wiele pomniejszych mechanik, takich jak jedzenie, temperatura, wspinaczka, latanie na lotni, moce które dostajemy w prologu, czy wierzchowce. 
Grafika i dźwięk: styl artystyczny doprze pasuje do gry, buduje klimat, udźwiękowienie też jest na najwyższym poziomie, z jedną wadą... praktycznie w grze nie uświadczymy dubbingu. Muzyka jak chyba w każdej zeldzie jest na bardzo wysokim poziomie i świetnie wpasowuje się w to gdzie jesteśmy i co aktualnie dzieje się na ekranie. Nie ma co ukrywać że gra momentami nie zachwyca szczegółowością tekstur czy rozdzielczością, ale to kwestia przestarzałej konsoli i na szczęście wersja na switch 2 eliminuje wszystkie te niedociągnięcia.
Wydajność/optymalizacja: Gra jest świetnie zoptymalizowana, wyciska z pierwszego pstryczka 100%, momentami zdarzają się chrupnięcia, czasy ładowania na pierwszym switch'u też nie są najkrótsze, ale nadal gra się przyjemnie, a nawet lekkie ścinki nie zaburzają gry i nie irytują, jest to na prawdę solidny port z WII'U. 
Najważniejsze + i -
+ Eksploracja!
+ Brak prowadzenia za rączkę
+ Ogrom aktywności w świecie gry
- Walki z bossami
- brak dubbingu...
Podsumowując, jest to gra która na pewno nie trafi do każdego, stawia na kreatywność gracza, eksploracje i sandboxowość, jeśli ktoś nie lubi takich sandboxowych otwartych światów i po prostu chce przebiec przez fabułę, jasne, można, ale w takim wypadku raczej nie polecam, ale dla graczy takich jak ja, którzy szukają dużego otwartego sandboxa nie prowadzącego za rączkę jest to tytuł obowiązkowy, obiektywnie gra ma niedociągnięcia, braki i nie jest idealna, więc na pewno nie zasługuje na 10/10, a raczej na solidne 8,5/10, ale dla mnie osobiście, to aktualnie najlepsza gra w jaką kiedykolwiek grałem!"
the-legend-of-zelda-breath-of-the-wild,"Apr 13, 2026",10,"Legend of Zelda: Breath of the Wild is by far the greatest open world game of all time, rivaling games like Skyrim and Ghost of Tsushima. Gameplay wise, you could spend 1000 hours in BotW and still not find every Korok Seed, Shrine, or shop. Its no wonder why this is the highest rated video game ever. All acclaim that this game receives is deserved. One of my favorite games of all time."
the-legend-of-zelda-breath-of-the-wild,"Apr 9, 2026",10,This game changed they way we look at games and experience them. The game evolves around the players no matter which way you choose while enjoying perfect mechanics and the most atmospheric scenery. All this is put together in simple but sophisticated way.
the-legend-of-zelda-breath-of-the-wild,"Apr 6, 2026",10,Honnestly this game changed the whole gaming industry forever its criminal to rate it below 10
the-legend-of-zelda-breath-of-the-wild,"Apr 5, 2026",10,"The best game I ever played. No game has that much freedom at all. The feeling when you step out of the shrine of living is amazing. And yet nearly 8 years later I still play this game. The Freedom to go wherever you want whenever you want is so good. The Story is perfect and you learn time after time the things you need to progress further
All in all is it the best game in the world of games"
the-legend-of-zelda-breath-of-the-wild,"Apr 5, 2026",10,Despite not being a perfect game (Tears would make it slightly better) it is almost perfect the world and how everything interacts is awesome. The best open world released still in 2026.
the-legend-of-zelda-breath-of-the-wild,"Apr 5, 2026",10,"An Amazing game with great graphics, open world area and repetitive gameplay that you can enjoy all the time, there are some flaws like the weapon durability system but overall it's amazing."
the-legend-of-zelda-breath-of-the-wild,"Apr 1, 2026",10,[SPOILER ALERT: This review contains spoilers.]
the-legend-of-zelda-breath-of-the-wild,"Mar 29, 2026",7,"cute, interesting world to discover, some parts are very underutilized and the shrine thing that you have to learn skills in those **** massive balls. The story was kinda whatever but it was a fun playthrough. 50 hours is **** mental however, and the end bossfight was way too easy in comparison to the other bossfights you had to do. A few parts of this game was a bit underwhelming but other than that it is a pretty solid one if you are into this kind of stuff."
the-legend-of-zelda-breath-of-the-wild,"Apr 2, 2026",10,"Ho giocato questo gioco tempo fa, e dopo aver giocato titoli famosi come Rdr2, TLOU 1/2, Ghost of Tsushima e tanti altri, questo rimane per me sempre in cima alla lista, per le tante cose da fare nel mondo open world e anche per una trama bellissima. La cosa fantastica di questo gioco è che la storia principale dura poco, ma è la voglia di scoprire ed esplorare che la fa allungare di tantissime ore."
the-legend-of-zelda-breath-of-the-wild,"Apr 2, 2026",10,"Candidate for my favourite game of all time. 

This game had multiple moments in which it took me back to the feeling of being a little kid experiencing the wonder of video games for the first time again."
the-legend-of-zelda-breath-of-the-wild,"Apr 1, 2026",9,"The most ""Open world"" open world an open world game can get without being too much, the exploration is great but not overwhelming."
the-legend-of-zelda-breath-of-the-wild,"Apr 1, 2026",10,[SPOILER ALERT: This review contains spoilers.]
the-legend-of-zelda-breath-of-the-wild,"Apr 1, 2026",9,"A complete masterpiece, Nintendo's second best (after TotK). It is a revolutionary game where you can explore a huge free world. The game is almost perfect but there is one problem: you cannot do anything with the drops from monsters and that is why TotK is better, they fixed it..."
the-legend-of-zelda-breath-of-the-wild,"Apr 1, 2026",10,"juegazo lo jugue con 15 años y lo seguire jugando igual, cada parte del mapa explorable es una belleza muy buen juego hoy con 22 años entiendo lo que fue para mi infancia y lo que sigue siendo es una obra maestra"
the-legend-of-zelda-breath-of-the-wild,"Mar 31, 2026",10,"Zelda: Breath of the Wild (9.9/10) is a masterclass in open-world design. Every corner of Hyrule feels alive, with physics-driven puzzles, dynamic weather, and stunning vistas. The freedom to explore, experiment, and approach challenges your way is unparalleled. Combat is satisfying, shrines are clever, and the story, though subtle, resonates. A breathtaking adventure that sets a new standard for gaming."
the-legend-of-zelda-breath-of-the-wild,"Mar 28, 2026",7,"The Legend of Zelda: Breath of The Wild has a wonderful open world and engaging concept for a story, but struggles to tell that story in a satisfying way and the player will spend more time doing tedious chores than adventuring."
the-legend-of-zelda-breath-of-the-wild,"Mar 28, 2026",10,"I simply love the exploration and setting of this game; the soundtrack and art direction drive me crazy. Needless to say, the freedom this game gives you is insane. Without a doubt, one of my favorites."
the-legend-of-zelda-breath-of-the-wild,"Mar 28, 2026",10,Uno de los mejores videojuegos que he jugado en mi vida. No hay palabras suficientes para describir todo lo que he podido vivir y sentir. Un imprescindible.
the-legend-of-zelda-breath-of-the-wild,"Mar 27, 2026",10,"Absolute masterpiece! The first game I played on switch! Open world, many things to explore and of course the following saying applies perfectly onto this game: Life is about the journey, not the destination. You're in a vast unknown world, you can go everywhere your eyes can see. Wherever you go there will be something to obtain, from completing a quest, or just getting a korok seed. The artwork is beautiful, the music is relaxing. It's not about rushing to complete this game. It's about exploring, picking a direction and just heading that way and whatever happens. I really wish i could forget this game and experience it once again from scratch. 10/10"
the-legend-of-zelda-breath-of-the-wild,"Mar 25, 2026",10,Este es sin duda alguna mi videojuego favorito con diferencia nunca me había encontrado con un juego tan hermoso y épico tal vez hable desde el amor que le tengo a esta saga pero no puedo dejar de decir lo mucho que amo este juego yo creo que nunca voy a encontrar un juego que me guste más que este
the-legend-of-zelda-breath-of-the-wild,"Mar 24, 2026",10,"One of the best games ever made. An incredibly beautiful world- so much to explore and find. 
This game truly encapsulates the sense of wonder of games of old.
Take your time with this game and enjoy every moment it has to offer- there is no wasted time when getting into this world."
the-legend-of-zelda-breath-of-the-wild,"Mar 24, 2026",10,"È un gioco perfetto, la grafica nel 2026 sembra quella di un gioco non curatissimo ma di certo non datato. Gameplay 10, QoL 10, grafica, se contiamo che il gioco sia tanto datato 10"
the-legend-of-zelda-breath-of-the-wild,"May 19, 2026",10,"The Legend of Zelda: Breath of the Wild is, hands down, the best game on the Nintendo Switch. It is totally different from any other Zelda game, featuring a completely open world with barely any boundaries. The controls are seamless, the story is compelling, and the graphics are amazing. If you own a Switch, a Wii U, or a Switch 2, the game is a must-play experience."
the-legend-of-zelda-breath-of-the-wild,"May 6, 2026",9,The game is not all that 97 on metacritic is tooo high the game is not top1 in fiction it's solid 9/10 and that's it
the-legend-of-zelda-breath-of-the-wild,"May 18, 2026",10,"It is an amazing game that still holds up to this day, this is my favorite game of all time nothing feels tedious and the shika slate abilities are amazing."
the-legend-of-zelda-breath-of-the-wild,"May 17, 2026",9,"très différent des différents jeux The Legend of Zelda, avec des armes que l'on récupère sur des ennemis majoritairement, qui se brisent etc. Malgré cet énorme changement dans la licence, le jeu reste incroyable"
the-legend-of-zelda-breath-of-the-wild,"May 17, 2026",9,[SPOILER ALERT: This review contains spoilers.]
the-legend-of-zelda-breath-of-the-wild,"May 17, 2026",10,Juegazo. tal vez el mejor que haya jugado en mi vida. la libertad de jugar sin que te digan a donde ir. la adrenalina de duración de armas. la música. su historia que si me atrapo a punta de recuerdos. es un juego 10/10 recomendado
the-legend-of-zelda-breath-of-the-wild,"May 17, 2026",3,"Surement un des pires jeux que j'ai acheté ...
Le jeu vous lâche au milieux de nul part et ne vous explique pas quoi faire et ou aller . Si vous aimez l'aventure je vous conseille alors Genshin Impact ."
the-legend-of-zelda-breath-of-the-wild,"May 13, 2026",10,"Such an amazing game, amazing graphics for its release and still amazing! I love fighting guardians and lynels. Master Mode makes the game even better!"
the-legend-of-zelda-breath-of-the-wild,"May 12, 2026",10,"A completely new chapter to zelda with open world mechanics and so much to see. A great amount to discover with a decent story and bosses.
A little repetitive at points, but that's just open world and you have to keep it fresh by doing other things.
Basically a must play on the list of top games."
the-legend-of-zelda-breath-of-the-wild,"May 10, 2026",9,"The Legend of Zelda: Breath of the Wild starts off medium‑fast: it doesn’t throw you into the open world immediately, but it does a great job teaching the basics. The tutorial island is tight, clear, and never feels like a boring checklist. By the time you leave the starting point, the game truly opens itself and becomes a reactive, fun, and interesting experience that keeps you engaged from minute one to final credits. A world that wants to be messed with. The sheer amount of things you can interact with is insane.•	You can set fires, cook, craft, experiment with weapons, and watch the world react: rain puts out flames, wind spreads fire, metal conducts electricity, and climbing works everywhere.•	There are tons of recipes, enemy types, sword types, and shields, so you never feel like you’re repeating the same loop.•	Every town and region has its own lore, vibe, and mini‑story, and the side quests are actual stories, not just “kill 10 monsters” spam.•	Easy‑minded enemies throw rocks at you, gang up if there are more of them, and try to flank you.•	Bigger enemies later on are even better, they’ll cover their weakness once you hit them, reposition, and force you to adapt. The characters are interesting and lovely, the towns look great, and the overall story is engaging enough to keep you invested, even when you’re off doing random side stuff. The enemies actually react how you fight them, which makes combat feel smart instead of just mindless.  There are many, many more little tweaks like this, and they make every fight feel like a tiny puzzle instead of a button‑mash. The game has:•	Cold sensor / heat sensor for different biomes,•	Noise sensor where a clanking weapon on your back makes your sneaking louder; unequip that loud sword and suddenly you’re way stealthier. These aren’t just “flavour” details: they’re real gameplay incentives to think about your gear, position, and timing. Want to take out multiple enemies?•	Shoot some fire arrows around them, make them panic, and then clean up the mess.•	The skeleton animations are hilarious! I’m not spoiling it; you just have to experience it yourself. Puzzles that actually feel like Zelda. I’m usually bad at puzzles, but the ones in Breath of the Wild make sense.•	They’re canon‑adjacent, not just “time‑waste” filler.•	They feel like real puzzles, not random busywork, and they’re actually fun to solve.  Resident Evil games could really learn from this: puzzles that match the world and don’t feel like homework. Loot, loot, and more loot The game is packed with loot:•	Weapons to pick up,•	Shields to experiment with,•	Food to cook,•	Items to trade,•	Side quests that feel meaningful. Even after you finish the main story, there’s a ton of content to keep you going. You can keep exploring, crafting, cooking, and doing side quests, and it still feels like you’re discovering something new. Final verdict: 10/10.  This is a fantastic f***king game and truly one of the best games ever. AFTER Beating the game: The game can be very hard, but very balanced if you use everything the game gives you."
the-legend-of-zelda-breath-of-the-wild,"May 8, 2026",10,A must play. Please if you are thinking about playing it. Play it. It is the best game I ever played.
the-legend-of-zelda-breath-of-the-wild,"May 5, 2026",10,"Потрясающая игра тем более для своего времени, очень привлекательная визуальная составляющая заманчивая графика дающая чувство сразу и ностальгия и чувство детства , физика потрясающая можно взаимодействовать почти с каждым предметом , потрясающая игра в которую можно провести просто огромная куча времени видно что разработчики проделали огромную работу по созданию такого супер детального мира отличный эксклюзив 10 из 10 тем более если мы вспоминаем 2017 год"
the-legend-of-zelda-breath-of-the-wild,"May 4, 2026",8,"This was my first Zelda game , so my expectations were high . Actually i like this game but i cant say 'this is the best video game has ever made in that it had more flow than i anticipated . Firstly , enemy variety is not enough . In my 100 hours experince i always fight same enemy types plus game is contain not much boss variety either . After that , game difficulty . i think this topic is controversial but i my opinion game is so basic in everyway . for example shrines i had very high expectations for the shrines so i am dissapointed . we have 5 diffierent ability actually abilities are enough but we are not combinating them . This leads us to keep making the same things over and over . Additionally , ı was bored in the last 10 hours since i had consumed all the bosses therefore i didnt find formidable enemy . Nonethless i think the game is peak . the game provided an exceptionally rewarding experience that kept me thoroughly engaged ."
the-legend-of-zelda-breath-of-the-wild,"Apr 29, 2026",10,"The best open-world game I've ever played. You can't put it down because you keep wanting to go here and do there. The mountains and hills, and the advantage of being at high altitude, just like in real life, are very well thought out. Although Divine Beasts seems structurally repetitive, each game takes place in a different biome. In short, once you start playing, you're faced with a masterpiece that you won't be able to put down and will keep you occupied for hours. I recommend it to everyone."
the-legend-of-zelda-breath-of-the-wild,"Apr 26, 2026",10,Un onde ouvert qui révolutionne le monde ouvert. Un sentiment de liberté dans un monde merveilleux. Graphismes qui vont très bien avec cette licence. A aucun moment je me suis ennuyé tellement l'envie de parcourir la map est présente.
the-legend-of-zelda-breath-of-the-wild,"Apr 26, 2026",10,"Tremendo juegazo lo he jugado mas de mil horas y nunca me aburre, definitivamente el mejor juego de mundo abierto de la historia"
the-legend-of-zelda-breath-of-the-wild,"Apr 25, 2026",9,"This game is system-buying worthy and that’s exactly what happened. I’ve pinned over playing this for 5 years and after finally experiencing it, I’m not disappointed. It’s huge, it's innovative, it's beautiful, it's nostalgic, it's new. Its only downfall is the lack of a story. Zelda titles previously have been at the top tier in storytelling and this story is underbaked and unsatisfying."
the-legend-of-zelda-breath-of-the-wild,"Apr 23, 2026",10,Best zelda game hands down! Everything is amazing buy this game you wont regret it!
the-legend-of-zelda-breath-of-the-wild,"Apr 23, 2026",9,"2017 REVISITED: A REVOLUTION IN FREEDOM: Looking back at 2017, it’s hard to overstate how much this game changed the industry. While other open-world games were obsessed with checklists and map markers, Breath of the Wild gave us a paraglider and told us to ""go."" The true greatness of this game lies in its physics-based chemistry system. Whether you were using a metal sword to attract lightning during a storm or freezing a boulder to launch it at a camp, the game rewarded curiosity in a way that felt truly revolutionary at the time. TECHNICAL PERFORMANCE: AGING WITH GRACE: Does it show its age? Yes. When played today, you’ll notice the 30 FPS cap (granted, there is a switch 2 edition, but it costs money) and the occasional frame dips in dense areas like Korok Forest. However, the art style is so strong that it masks the technical limitations of the original Switch hardware. The painterly, watercolor aesthetic ensures that Hyrule still feels vast and inviting, rather than ""outdated."" It’s a testament to the art direction that a game from 2017 can still stand side-by-side with modern Switch 2 titles without feeling out of place. THE WORLD: A RELEVANT MASTERPIECE: The most surprising thing about playing this today is how relevant it remains. Many games have tried to copy the ""Zelda formula,"" but few capture the same sense of lonely, quiet exploration. The lack of a constant music track—replaced by the sounds of wind and grass—makes the world feel alive and ""lived-in."" Even with its sequel out in the world, the original journey of Link waking up in the Shrine of Resurrection still carries a weight and a simplicity that is unmatched. THE DURABILITY DILEMMA: If there is one thing that frustrates me the most in this game, it’s definitely the weapon durability system. While it encourages you to try new gear, it can still feel frustrating to have a legendary weapon shatter after a single encounter. It creates a ""hoarding"" mentality that sometimes clashes with the game’s otherwise perfect sense of freedom. PROS: Unrivaled sense of exploration and freedom. Timeless art style that still looks beautiful today. The ""Chemistry Engine"" allows for insane player creativity. CONS: Divisive weapon durability system.Occasional frame rate stutters in busy environments. THE FINAL VERDICT: 9/10: In 2017, this game was a 10/10. Today, it remains a near-perfect 9/10. It is a technical marvel of its time that has aged with incredible grace. Even with newer titles pushing hardware further, the original ""Breath"" remains an essential, quiet, and breathtaking journey that every gamer should experience at least once."
the-legend-of-zelda-breath-of-the-wild,"Apr 19, 2026",10,"One of the greatest games of all time, the freedom I experienced when playing this game for the first time was unbelievable. The individuality of every playthrough makes it one of the most replayable games out there."
the-legend-of-zelda-breath-of-the-wild,"Oct 29, 2025",10,"At first I was a bit bored from this game. The starting area is a bit tedious. But then it became super fun and addicting - exploring the different areas of the map, not knowing what you will find makes you want to keep playing the game. The shrines are neat puzzles, some of which really test your problem solving skills.

The combat is descent. I like how you can get better by learning to parry and flurry rush, but it can get repetitive a bit boring after like 50 hoursm but exploring is the thing that makes the game a masterpiece so it isn't a problem. Plus there are many different weapons with different natural abilities (fire, ice...) that make it more interesting.

The story is intriguing and you help figure stuff out by finding memories (which you access by playing like geoguessr which is fun). The characters can be a bit goofy and have intereseting things to say.

The quest are ok I guess. Some are very hard to figure out so you will probably need to look them up on youtube.

The only thing I genuinely don't like is that there isn't a big variety in enemies. There are only 3-4 enemy types in the different zones and it does get a bit dull, but as I said combat is not the main part of the game (it does play a hue big, but exploration is number 1)."
the-legend-of-zelda-breath-of-the-wild,"Apr 17, 2026",10,"Melhor jogo que eu joguei na minha vida! Nunca tinha jogado nada do universo Zelda. Porém, fiquei totalmente fascinado."
the-legend-of-zelda-breath-of-the-wild,"Jul 4, 2025",10,Il miglior gioco del mondo insieme a rdr2. Grafica ottima e storia bella. Incredibile.
the-legend-of-zelda-breath-of-the-wild,"Apr 16, 2026",10,"Prawdziwy powiew świeżości w grach video.
The Legend of Zelda: Breath of the Wild przywraca na nowo radość z grania."
the-legend-of-zelda-breath-of-the-wild,"Apr 16, 2026",10,a really nice game with cool graphics and a very interesting story and good controls
the-legend-of-zelda-breath-of-the-wild,"Apr 14, 2026",10,"Este juego me marcó demasiado, es de esos juegos que cuando necesitas desconectar de la vida diaria, está ahí para poder apoyarte en el y disfrutarlo como si no hubiera un mañana. El juego para mí podría ser mejorable en algunos aspectos, pero muy pocos, porque en general me parece sublime y le tengo un inmenso cariño. Gracias Nintendo por crear este tipo de joyas."
the-legend-of-zelda-breath-of-the-wild,"Apr 14, 2026",10,"Легенда Зельди найчудовіша гра на світч персонально для мене, мила, красива по своєму. Бойовка, на справді, легка, але для мене як для новачка світу консолей було складнувато."
the-legend-of-zelda-breath-of-the-wild,"Apr 12, 2026",10,"Jeśli ktoś szuka sandboxa na ponad 100h, must have!
Jeśli ktoś nie lubi eksploracji i sandboxowych otwartych światów, to raczej się odbije...

Kontekst: Zelda w klimacie post-apo, dostajemy duży otwarty świat który po przejściu dobrze tłumaczącego mechaniki prologu (nie prowadzi za rączkę jak typowe AAA) praktycznie cały stoi przed nami otworem, fabuła jest tylko tłem ale dobrze nakreśla cel i daje motywację do gry.
Gameplay: gra nie wprowadza niczego całkowicie nowego, ale łączy w idealny sposób wiele znanych mechanik. Eksploracja jest genialnie zrealizowana, jeśli tylko pozwoli nam na to poziom staminy i nasze umiejętności jesteśmy w stanie dostać się wszędzie gdzie tylko zechcemy, świat jest wystarczający duży żeby móc na spokojnie eksplorować i poczuć klimat podróży, ale jednocześnie nie jest pusty, jeśli coś przykuje naszą uwagę, to najprawdopodobniej coś ciekawego tam znajdziemy. System walki jest prosty, ale satysfakcjonujący, a przez mnogość sposobów na eliminowanie przeciwników nie nudzi nawet pod koniec gry, tak na prawdę najgorsze walki to te z bossami, bo tam mamy ograniczoną przestrzeń i często wymuszony sposób walki. Mamy tu system niszczenia się broni, który wymusza na nas ciągłe zmienianie naszego rynsztunku i szukanie nowych broni, dzięki temu nawet jeśli znajdziemy na początku gry silny miecz, nie przejdziemy nim całej gry. Gra oferuje też wiele pomniejszych mechanik, takich jak jedzenie, temperatura, wspinaczka, latanie na lotni, moce które dostajemy w prologu, czy wierzchowce. 
Grafika i dźwięk: styl artystyczny doprze pasuje do gry, buduje klimat, udźwiękowienie też jest na najwyższym poziomie, z jedną wadą... praktycznie w grze nie uświadczymy dubbingu. Muzyka jak chyba w każdej zeldzie jest na bardzo wysokim poziomie i świetnie wpasowuje się w to gdzie jesteśmy i co aktualnie dzieje się na ekranie. Nie ma co ukrywać że gra momentami nie zachwyca szczegółowością tekstur czy rozdzielczością, ale to kwestia przestarzałej konsoli i na szczęście wersja na switch 2 eliminuje wszystkie te niedociągnięcia.
Wydajność/optymalizacja: Gra jest świetnie zoptymalizowana, wyciska z pierwszego pstryczka 100%, momentami zdarzają się chrupnięcia, czasy ładowania na pierwszym switch'u też nie są najkrótsze, ale nadal gra się przyjemnie, a nawet lekkie ścinki nie zaburzają gry i nie irytują, jest to na prawdę solidny port z WII'U. 
Najważniejsze + i -
+ Eksploracja!
+ Brak prowadzenia za rączkę
+ Ogrom aktywności w świecie gry
- Walki z bossami
- brak dubbingu...
Podsumowując, jest to gra która na pewno nie trafi do każdego, stawia na kreatywność gracza, eksploracje i sandboxowość, jeśli ktoś nie lubi takich sandboxowych otwartych światów i po prostu chce przebiec przez fabułę, jasne, można, ale w takim wypadku raczej nie polecam, ale dla graczy takich jak ja, którzy szukają dużego otwartego sandboxa nie prowadzącego za rączkę jest to tytuł obowiązkowy, obiektywnie gra ma niedociągnięcia, braki i nie jest idealna, więc na pewno nie zasługuje na 10/10, a raczej na solidne 8,5/10, ale dla mnie osobiście, to aktualnie najlepsza gra w jaką kiedykolwiek grałem!"
the-legend-of-zelda-breath-of-the-wild,"Apr 13, 2026",10,"Legend of Zelda: Breath of the Wild is by far the greatest open world game of all time, rivaling games like Skyrim and Ghost of Tsushima. Gameplay wise, you could spend 1000 hours in BotW and still not find every Korok Seed, Shrine, or shop. Its no wonder why this is the highest rated video game ever. All acclaim that this game receives is deserved. One of my favorite games of all time."
the-legend-of-zelda-breath-of-the-wild,"Apr 9, 2026",10,This game changed they way we look at games and experience them. The game evolves around the players no matter which way you choose while enjoying perfect mechanics and the most atmospheric scenery. All this is put together in simple but sophisticated way.
the-legend-of-zelda-breath-of-the-wild,"Apr 6, 2026",10,Honnestly this game changed the whole gaming industry forever its criminal to rate it below 10
the-legend-of-zelda-breath-of-the-wild,"Apr 5, 2026",10,"The best game I ever played. No game has that much freedom at all. The feeling when you step out of the shrine of living is amazing. And yet nearly 8 years later I still play this game. The Freedom to go wherever you want whenever you want is so good. The Story is perfect and you learn time after time the things you need to progress further
All in all is it the best game in the world of games"
the-legend-of-zelda-breath-of-the-wild,"Apr 5, 2026",10,Despite not being a perfect game (Tears would make it slightly better) it is almost perfect the world and how everything interacts is awesome. The best open world released still in 2026.
the-legend-of-zelda-breath-of-the-wild,"Apr 5, 2026",10,"An Amazing game with great graphics, open world area and repetitive gameplay that you can enjoy all the time, there are some flaws like the weapon durability system but overall it's amazing."
the-legend-of-zelda-breath-of-the-wild,"Apr 1, 2026",10,[SPOILER ALERT: This review contains spoilers.]
the-legend-of-zelda-breath-of-the-wild,"Mar 29, 2026",7,"cute, interesting world to discover, some parts are very underutilized and the shrine thing that you have to learn skills in those **** massive balls. The story was kinda whatever but it was a fun playthrough. 50 hours is **** mental however, and the end bossfight was way too easy in comparison to the other bossfights you had to do. A few parts of this game was a bit underwhelming but other than that it is a pretty solid one if you are into this kind of stuff."
the-legend-of-zelda-breath-of-the-wild,"Apr 2, 2026",10,"Ho giocato questo gioco tempo fa, e dopo aver giocato titoli famosi come Rdr2, TLOU 1/2, Ghost of Tsushima e tanti altri, questo rimane per me sempre in cima alla lista, per le tante cose da fare nel mondo open world e anche per una trama bellissima. La cosa fantastica di questo gioco è che la storia principale dura poco, ma è la voglia di scoprire ed esplorare che la fa allungare di tantissime ore."
the-legend-of-zelda-breath-of-the-wild,"Apr 2, 2026",10,"Candidate for my favourite game of all time. 

This game had multiple moments in which it took me back to the feeling of being a little kid experiencing the wonder of video games for the first time again."
the-legend-of-zelda-breath-of-the-wild,"Apr 1, 2026",9,"The most ""Open world"" open world an open world game can get without being too much, the exploration is great but not overwhelming."
the-legend-of-zelda-breath-of-the-wild,"Apr 1, 2026",10,[SPOILER ALERT: This review contains spoilers.]
the-legend-of-zelda-breath-of-the-wild,"Apr 1, 2026",9,"A complete masterpiece, Nintendo's second best (after TotK). It is a revolutionary game where you can explore a huge free world. The game is almost perfect but there is one problem: you cannot do anything with the drops from monsters and that is why TotK is better, they fixed it..."
the-legend-of-zelda-breath-of-the-wild,"Apr 1, 2026",10,"juegazo lo jugue con 15 años y lo seguire jugando igual, cada parte del mapa explorable es una belleza muy buen juego hoy con 22 años entiendo lo que fue para mi infancia y lo que sigue siendo es una obra maestra"
the-legend-of-zelda-breath-of-the-wild,"Mar 31, 2026",10,"Zelda: Breath of the Wild (9.9/10) is a masterclass in open-world design. Every corner of Hyrule feels alive, with physics-driven puzzles, dynamic weather, and stunning vistas. The freedom to explore, experiment, and approach challenges your way is unparalleled. Combat is satisfying, shrines are clever, and the story, though subtle, resonates. A breathtaking adventure that sets a new standard for gaming."
the-legend-of-zelda-breath-of-the-wild,"Mar 28, 2026",7,"The Legend of Zelda: Breath of The Wild has a wonderful open world and engaging concept for a story, but struggles to tell that story in a satisfying way and the player will spend more time doing tedious chores than adventuring."
the-legend-of-zelda-breath-of-the-wild,"Mar 28, 2026",10,"I simply love the exploration and setting of this game; the soundtrack and art direction drive me crazy. Needless to say, the freedom this game gives you is insane. Without a doubt, one of my favorites."
the-legend-of-zelda-breath-of-the-wild,"Mar 28, 2026",10,Uno de los mejores videojuegos que he jugado en mi vida. No hay palabras suficientes para describir todo lo que he podido vivir y sentir. Un imprescindible.
the-legend-of-zelda-breath-of-the-wild,"Mar 27, 2026",10,"Absolute masterpiece! The first game I played on switch! Open world, many things to explore and of course the following saying applies perfectly onto this game: Life is about the journey, not the destination. You're in a vast unknown world, you can go everywhere your eyes can see. Wherever you go there will be something to obtain, from completing a quest, or just getting a korok seed. The artwork is beautiful, the music is relaxing. It's not about rushing to complete this game. It's about exploring, picking a direction and just heading that way and whatever happens. I really wish i could forget this game and experience it once again from scratch. 10/10"
the-legend-of-zelda-breath-of-the-wild,"Mar 25, 2026",10,Este es sin duda alguna mi videojuego favorito con diferencia nunca me había encontrado con un juego tan hermoso y épico tal vez hable desde el amor que le tengo a esta saga pero no puedo dejar de decir lo mucho que amo este juego yo creo que nunca voy a encontrar un juego que me guste más que este
the-legend-of-zelda-breath-of-the-wild,"Mar 24, 2026",10,"One of the best games ever made. An incredibly beautiful world- so much to explore and find. 
This game truly encapsulates the sense of wonder of games of old.
Take your time with this game and enjoy every moment it has to offer- there is no wasted time when getting into this world."
the-legend-of-zelda-breath-of-the-wild,"Mar 24, 2026",10,"È un gioco perfetto, la grafica nel 2026 sembra quella di un gioco non curatissimo ma di certo non datato. Gameplay 10, QoL 10, grafica, se contiamo che il gioco sia tanto datato 10"
the-legend-of-zelda-breath-of-the-wild,"May 19, 2026",10,"The Legend of Zelda: Breath of the Wild is, hands down, the best game on the Nintendo Switch. It is totally different from any other Zelda game, featuring a completely open world with barely any boundaries. The controls are seamless, the story is compelling, and the graphics are amazing. If you own a Switch, a Wii U, or a Switch 2, the game is a must-play experience."
the-legend-of-zelda-breath-of-the-wild,"May 6, 2026",9,The game is not all that 97 on metacritic is tooo high the game is not top1 in fiction it's solid 9/10 and that's it
the-legend-of-zelda-breath-of-the-wild,"May 18, 2026",10,"It is an amazing game that still holds up to this day, this is my favorite game of all time nothing feels tedious and the shika slate abilities are amazing."
the-legend-of-zelda-breath-of-the-wild,"May 17, 2026",9,"très différent des différents jeux The Legend of Zelda, avec des armes que l'on récupère sur des ennemis majoritairement, qui se brisent etc. Malgré cet énorme changement dans la licence, le jeu reste incroyable"
the-legend-of-zelda-breath-of-the-wild,"May 17, 2026",9,[SPOILER ALERT: This review contains spoilers.]
the-legend-of-zelda-breath-of-the-wild,"May 17, 2026",10,Juegazo. tal vez el mejor que haya jugado en mi vida. la libertad de jugar sin que te digan a donde ir. la adrenalina de duración de armas. la música. su historia que si me atrapo a punta de recuerdos. es un juego 10/10 recomendado
the-legend-of-zelda-breath-of-the-wild,"May 17, 2026",3,"Surement un des pires jeux que j'ai acheté ...
Le jeu vous lâche au milieux de nul part et ne vous explique pas quoi faire et ou aller . Si vous aimez l'aventure je vous conseille alors Genshin Impact ."
the-legend-of-zelda-breath-of-the-wild,"May 13, 2026",10,"Such an amazing game, amazing graphics for its release and still amazing! I love fighting guardians and lynels. Master Mode makes the game even better!"
the-legend-of-zelda-breath-of-the-wild,"May 12, 2026",10,"A completely new chapter to zelda with open world mechanics and so much to see. A great amount to discover with a decent story and bosses.
A little repetitive at points, but that's just open world and you have to keep it fresh by doing other things.
Basically a must play on the list of top games."
the-legend-of-zelda-breath-of-the-wild,"May 10, 2026",9,"The Legend of Zelda: Breath of the Wild starts off medium‑fast: it doesn’t throw you into the open world immediately, but it does a great job teaching the basics. The tutorial island is tight, clear, and never feels like a boring checklist. By the time you leave the starting point, the game truly opens itself and becomes a reactive, fun, and interesting experience that keeps you engaged from minute one to final credits. A world that wants to be messed with. The sheer amount of things you can interact with is insane.•	You can set fires, cook, craft, experiment with weapons, and watch the world react: rain puts out flames, wind spreads fire, metal conducts electricity, and climbing works everywhere.•	There are tons of recipes, enemy types, sword types, and shields, so you never feel like you’re repeating the same loop.•	Every town and region has its own lore, vibe, and mini‑story, and the side quests are actual stories, not just “kill 10 monsters” spam.•	Easy‑minded enemies throw rocks at you, gang up if there are more of them, and try to flank you.•	Bigger enemies later on are even better, they’ll cover their weakness once you hit them, reposition, and force you to adapt. The characters are interesting and lovely, the towns look great, and the overall story is engaging enough to keep you invested, even when you’re off doing random side stuff. The enemies actually react how you fight them, which makes combat feel smart instead of just mindless.  There are many, many more little tweaks like this, and they make every fight feel like a tiny puzzle instead of a button‑mash. The game has:•	Cold sensor / heat sensor for different biomes,•	Noise sensor where a clanking weapon on your back makes your sneaking louder; unequip that loud sword and suddenly you’re way stealthier. These aren’t just “flavour” details: they’re real gameplay incentives to think about your gear, position, and timing. Want to take out multiple enemies?•	Shoot some fire arrows around them, make them panic, and then clean up the mess.•	The skeleton animations are hilarious! I’m not spoiling it; you just have to experience it yourself. Puzzles that actually feel like Zelda. I’m usually bad at puzzles, but the ones in Breath of the Wild make sense.•	They’re canon‑adjacent, not just “time‑waste” filler.•	They feel like real puzzles, not random busywork, and they’re actually fun to solve.  Resident Evil games could really learn from this: puzzles that match the world and don’t feel like homework. Loot, loot, and more loot The game is packed with loot:•	Weapons to pick up,•	Shields to experiment with,•	Food to cook,•	Items to trade,•	Side quests that feel meaningful. Even after you finish the main story, there’s a ton of content to keep you going. You can keep exploring, crafting, cooking, and doing side quests, and it still feels like you’re discovering something new. Final verdict: 10/10.  This is a fantastic f***king game and truly one of the best games ever. AFTER Beating the game: The game can be very hard, but very balanced if you use everything the game gives you."
the-legend-of-zelda-breath-of-the-wild,"May 8, 2026",10,A must play. Please if you are thinking about playing it. Play it. It is the best game I ever played.
the-legend-of-zelda-breath-of-the-wild,"May 5, 2026",10,"Потрясающая игра тем более для своего времени, очень привлекательная визуальная составляющая заманчивая графика дающая чувство сразу и ностальгия и чувство детства , физика потрясающая можно взаимодействовать почти с каждым предметом , потрясающая игра в которую можно провести просто огромная куча времени видно что разработчики проделали огромную работу по созданию такого супер детального мира отличный эксклюзив 10 из 10 тем более если мы вспоминаем 2017 год"
the-legend-of-zelda-breath-of-the-wild,"May 4, 2026",8,"This was my first Zelda game , so my expectations were high . Actually i like this game but i cant say 'this is the best video game has ever made in that it had more flow than i anticipated . Firstly , enemy variety is not enough . In my 100 hours experince i always fight same enemy types plus game is contain not much boss variety either . After that , game difficulty . i think this topic is controversial but i my opinion game is so basic in everyway . for example shrines i had very high expectations for the shrines so i am dissapointed . we have 5 diffierent ability actually abilities are enough but we are not combinating them . This leads us to keep making the same things over and over . Additionally , ı was bored in the last 10 hours since i had consumed all the bosses therefore i didnt find formidable enemy . Nonethless i think the game is peak . the game provided an exceptionally rewarding experience that kept me thoroughly engaged ."
the-legend-of-zelda-breath-of-the-wild,"Apr 29, 2026",10,"The best open-world game I've ever played. You can't put it down because you keep wanting to go here and do there. The mountains and hills, and the advantage of being at high altitude, just like in real life, are very well thought out. Although Divine Beasts seems structurally repetitive, each game takes place in a different biome. In short, once you start playing, you're faced with a masterpiece that you won't be able to put down and will keep you occupied for hours. I recommend it to everyone."
the-legend-of-zelda-breath-of-the-wild,"Apr 26, 2026",10,Un onde ouvert qui révolutionne le monde ouvert. Un sentiment de liberté dans un monde merveilleux. Graphismes qui vont très bien avec cette licence. A aucun moment je me suis ennuyé tellement l'envie de parcourir la map est présente.
the-legend-of-zelda-breath-of-the-wild,"Apr 26, 2026",10,"Tremendo juegazo lo he jugado mas de mil horas y nunca me aburre, definitivamente el mejor juego de mundo abierto de la historia"
the-legend-of-zelda-breath-of-the-wild,"Apr 25, 2026",9,"This game is system-buying worthy and that’s exactly what happened. I’ve pinned over playing this for 5 years and after finally experiencing it, I’m not disappointed. It’s huge, it's innovative, it's beautiful, it's nostalgic, it's new. Its only downfall is the lack of a story. Zelda titles previously have been at the top tier in storytelling and this story is underbaked and unsatisfying."
the-legend-of-zelda-breath-of-the-wild,"Apr 23, 2026",10,Best zelda game hands down! Everything is amazing buy this game you wont regret it!
the-legend-of-zelda-breath-of-the-wild,"Apr 23, 2026",9,"2017 REVISITED: A REVOLUTION IN FREEDOM: Looking back at 2017, it’s hard to overstate how much this game changed the industry. While other open-world games were obsessed with checklists and map markers, Breath of the Wild gave us a paraglider and told us to ""go."" The true greatness of this game lies in its physics-based chemistry system. Whether you were using a metal sword to attract lightning during a storm or freezing a boulder to launch it at a camp, the game rewarded curiosity in a way that felt truly revolutionary at the time. TECHNICAL PERFORMANCE: AGING WITH GRACE: Does it show its age? Yes. When played today, you’ll notice the 30 FPS cap (granted, there is a switch 2 edition, but it costs money) and the occasional frame dips in dense areas like Korok Forest. However, the art style is so strong that it masks the technical limitations of the original Switch hardware. The painterly, watercolor aesthetic ensures that Hyrule still feels vast and inviting, rather than ""outdated."" It’s a testament to the art direction that a game from 2017 can still stand side-by-side with modern Switch 2 titles without feeling out of place. THE WORLD: A RELEVANT MASTERPIECE: The most surprising thing about playing this today is how relevant it remains. Many games have tried to copy the ""Zelda formula,"" but few capture the same sense of lonely, quiet exploration. The lack of a constant music track—replaced by the sounds of wind and grass—makes the world feel alive and ""lived-in."" Even with its sequel out in the world, the original journey of Link waking up in the Shrine of Resurrection still carries a weight and a simplicity that is unmatched. THE DURABILITY DILEMMA: If there is one thing that frustrates me the most in this game, it’s definitely the weapon durability system. While it encourages you to try new gear, it can still feel frustrating to have a legendary weapon shatter after a single encounter. It creates a ""hoarding"" mentality that sometimes clashes with the game’s otherwise perfect sense of freedom. PROS: Unrivaled sense of exploration and freedom. Timeless art style that still looks beautiful today. The ""Chemistry Engine"" allows for insane player creativity. CONS: Divisive weapon durability system.Occasional frame rate stutters in busy environments. THE FINAL VERDICT: 9/10: In 2017, this game was a 10/10. Today, it remains a near-perfect 9/10. It is a technical marvel of its time that has aged with incredible grace. Even with newer titles pushing hardware further, the original ""Breath"" remains an essential, quiet, and breathtaking journey that every gamer should experience at least once."
the-legend-of-zelda-breath-of-the-wild,"Apr 19, 2026",10,"One of the greatest games of all time, the freedom I experienced when playing this game for the first time was unbelievable. The individuality of every playthrough makes it one of the most replayable games out there."
the-legend-of-zelda-breath-of-the-wild,"Oct 29, 2025",10,"At first I was a bit bored from this game. The starting area is a bit tedious. But then it became super fun and addicting - exploring the different areas of the map, not knowing what you will find makes you want to keep playing the game. The shrines are neat puzzles, some of which really test your problem solving skills.

The combat is descent. I like how you can get better by learning to parry and flurry rush, but it can get repetitive a bit boring after like 50 hoursm but exploring is the thing that makes the game a masterpiece so it isn't a problem. Plus there are many different weapons with different natural abilities (fire, ice...) that make it more interesting.

The story is intriguing and you help figure stuff out by finding memories (which you access by playing like geoguessr which is fun). The characters can be a bit goofy and have intereseting things to say.

The quest are ok I guess. Some are very hard to figure out so you will probably need to look them up on youtube.

The only thing I genuinely don't like is that there isn't a big variety in enemies. There are only 3-4 enemy types in the different zones and it does get a bit dull, but as I said combat is not the main part of the game (it does play a hue big, but exploration is number 1)."
the-legend-of-zelda-breath-of-the-wild,"Apr 17, 2026",10,"Melhor jogo que eu joguei na minha vida! Nunca tinha jogado nada do universo Zelda. Porém, fiquei totalmente fascinado."
the-legend-of-zelda-breath-of-the-wild,"Jul 4, 2025",10,Il miglior gioco del mondo insieme a rdr2. Grafica ottima e storia bella. Incredibile.
the-legend-of-zelda-breath-of-the-wild,"Apr 16, 2026",10,"Prawdziwy powiew świeżości w grach video.
The Legend of Zelda: Breath of the Wild przywraca na nowo radość z grania."
the-legend-of-zelda-breath-of-the-wild,"Apr 16, 2026",10,a really nice game with cool graphics and a very interesting story and good controls
the-legend-of-zelda-breath-of-the-wild,"Apr 14, 2026",10,"Este juego me marcó demasiado, es de esos juegos que cuando necesitas desconectar de la vida diaria, está ahí para poder apoyarte en el y disfrutarlo como si no hubiera un mañana. El juego para mí podría ser mejorable en algunos aspectos, pero muy pocos, porque en general me parece sublime y le tengo un inmenso cariño. Gracias Nintendo por crear este tipo de joyas."
the-legend-of-zelda-breath-of-the-wild,"Apr 14, 2026",10,"Легенда Зельди найчудовіша гра на світч персонально для мене, мила, красива по своєму. Бойовка, на справді, легка, але для мене як для новачка світу консолей було складнувато."
the-legend-of-zelda-breath-of-the-wild,"Apr 12, 2026",10,"Jeśli ktoś szuka sandboxa na ponad 100h, must have!
Jeśli ktoś nie lubi eksploracji i sandboxowych otwartych światów, to raczej się odbije...

Kontekst: Zelda w klimacie post-apo, dostajemy duży otwarty świat który po przejściu dobrze tłumaczącego mechaniki prologu (nie prowadzi za rączkę jak typowe AAA) praktycznie cały stoi przed nami otworem, fabuła jest tylko tłem ale dobrze nakreśla cel i daje motywację do gry.
Gameplay: gra nie wprowadza niczego całkowicie nowego, ale łączy w idealny sposób wiele znanych mechanik. Eksploracja jest genialnie zrealizowana, jeśli tylko pozwoli nam na to poziom staminy i nasze umiejętności jesteśmy w stanie dostać się wszędzie gdzie tylko zechcemy, świat jest wystarczający duży żeby móc na spokojnie eksplorować i poczuć klimat podróży, ale jednocześnie nie jest pusty, jeśli coś przykuje naszą uwagę, to najprawdopodobniej coś ciekawego tam znajdziemy. System walki jest prosty, ale satysfakcjonujący, a przez mnogość sposobów na eliminowanie przeciwników nie nudzi nawet pod koniec gry, tak na prawdę najgorsze walki to te z bossami, bo tam mamy ograniczoną przestrzeń i często wymuszony sposób walki. Mamy tu system niszczenia się broni, który wymusza na nas ciągłe zmienianie naszego rynsztunku i szukanie nowych broni, dzięki temu nawet jeśli znajdziemy na początku gry silny miecz, nie przejdziemy nim całej gry. Gra oferuje też wiele pomniejszych mechanik, takich jak jedzenie, temperatura, wspinaczka, latanie na lotni, moce które dostajemy w prologu, czy wierzchowce. 
Grafika i dźwięk: styl artystyczny doprze pasuje do gry, buduje klimat, udźwiękowienie też jest na najwyższym poziomie, z jedną wadą... praktycznie w grze nie uświadczymy dubbingu. Muzyka jak chyba w każdej zeldzie jest na bardzo wysokim poziomie i świetnie wpasowuje się w to gdzie jesteśmy i co aktualnie dzieje się na ekranie. Nie ma co ukrywać że gra momentami nie zachwyca szczegółowością tekstur czy rozdzielczością, ale to kwestia przestarzałej konsoli i na szczęście wersja na switch 2 eliminuje wszystkie te niedociągnięcia.
Wydajność/optymalizacja: Gra jest świetnie zoptymalizowana, wyciska z pierwszego pstryczka 100%, momentami zdarzają się chrupnięcia, czasy ładowania na pierwszym switch'u też nie są najkrótsze, ale nadal gra się przyjemnie, a nawet lekkie ścinki nie zaburzają gry i nie irytują, jest to na prawdę solidny port z WII'U. 
Najważniejsze + i -
+ Eksploracja!
+ Brak prowadzenia za rączkę
+ Ogrom aktywności w świecie gry
- Walki z bossami
- brak dubbingu...
Podsumowując, jest to gra która na pewno nie trafi do każdego, stawia na kreatywność gracza, eksploracje i sandboxowość, jeśli ktoś nie lubi takich sandboxowych otwartych światów i po prostu chce przebiec przez fabułę, jasne, można, ale w takim wypadku raczej nie polecam, ale dla graczy takich jak ja, którzy szukają dużego otwartego sandboxa nie prowadzącego za rączkę jest to tytuł obowiązkowy, obiektywnie gra ma niedociągnięcia, braki i nie jest idealna, więc na pewno nie zasługuje na 10/10, a raczej na solidne 8,5/10, ale dla mnie osobiście, to aktualnie najlepsza gra w jaką kiedykolwiek grałem!"
the-legend-of-zelda-breath-of-the-wild,"Apr 13, 2026",10,"Legend of Zelda: Breath of the Wild is by far the greatest open world game of all time, rivaling games like Skyrim and Ghost of Tsushima. Gameplay wise, you could spend 1000 hours in BotW and still not find every Korok Seed, Shrine, or shop. Its no wonder why this is the highest rated video game ever. All acclaim that this game receives is deserved. One of my favorite games of all time."
the-legend-of-zelda-breath-of-the-wild,"Apr 9, 2026",10,This game changed they way we look at games and experience them. The game evolves around the players no matter which way you choose while enjoying perfect mechanics and the most atmospheric scenery. All this is put together in simple but sophisticated way.
the-legend-of-zelda-breath-of-the-wild,"Apr 6, 2026",10,Honnestly this game changed the whole gaming industry forever its criminal to rate it below 10
the-legend-of-zelda-breath-of-the-wild,"Apr 5, 2026",10,"The best game I ever played. No game has that much freedom at all. The feeling when you step out of the shrine of living is amazing. And yet nearly 8 years later I still play this game. The Freedom to go wherever you want whenever you want is so good. The Story is perfect and you learn time after time the things you need to progress further
All in all is it the best game in the world of games"
the-legend-of-zelda-breath-of-the-wild,"Apr 5, 2026",10,Despite not being a perfect game (Tears would make it slightly better) it is almost perfect the world and how everything interacts is awesome. The best open world released still in 2026.
the-legend-of-zelda-breath-of-the-wild,"Apr 5, 2026",10,"An Amazing game with great graphics, open world area and repetitive gameplay that you can enjoy all the time, there are some flaws like the weapon durability system but overall it's amazing."
the-legend-of-zelda-breath-of-the-wild,"Apr 1, 2026",10,[SPOILER ALERT: This review contains spoilers.]
the-legend-of-zelda-breath-of-the-wild,"Mar 29, 2026",7,"cute, interesting world to discover, some parts are very underutilized and the shrine thing that you have to learn skills in those **** massive balls. The story was kinda whatever but it was a fun playthrough. 50 hours is **** mental however, and the end bossfight was way too easy in comparison to the other bossfights you had to do. A few parts of this game was a bit underwhelming but other than that it is a pretty solid one if you are into this kind of stuff."
the-legend-of-zelda-breath-of-the-wild,"Apr 2, 2026",10,"Ho giocato questo gioco tempo fa, e dopo aver giocato titoli famosi come Rdr2, TLOU 1/2, Ghost of Tsushima e tanti altri, questo rimane per me sempre in cima alla lista, per le tante cose da fare nel mondo open world e anche per una trama bellissima. La cosa fantastica di questo gioco è che la storia principale dura poco, ma è la voglia di scoprire ed esplorare che la fa allungare di tantissime ore."
the-legend-of-zelda-breath-of-the-wild,"Apr 2, 2026",10,"Candidate for my favourite game of all time. 

This game had multiple moments in which it took me back to the feeling of being a little kid experiencing the wonder of video games for the first time again."
the-legend-of-zelda-breath-of-the-wild,"Apr 1, 2026",9,"The most ""Open world"" open world an open world game can get without being too much, the exploration is great but not overwhelming."
the-legend-of-zelda-breath-of-the-wild,"Apr 1, 2026",10,[SPOILER ALERT: This review contains spoilers.]
the-legend-of-zelda-breath-of-the-wild,"Apr 1, 2026",9,"A complete masterpiece, Nintendo's second best (after TotK). It is a revolutionary game where you can explore a huge free world. The game is almost perfect but there is one problem: you cannot do anything with the drops from monsters and that is why TotK is better, they fixed it..."
the-legend-of-zelda-breath-of-the-wild,"Apr 1, 2026",10,"juegazo lo jugue con 15 años y lo seguire jugando igual, cada parte del mapa explorable es una belleza muy buen juego hoy con 22 años entiendo lo que fue para mi infancia y lo que sigue siendo es una obra maestra"
the-legend-of-zelda-breath-of-the-wild,"Mar 31, 2026",10,"Zelda: Breath of the Wild (9.9/10) is a masterclass in open-world design. Every corner of Hyrule feels alive, with physics-driven puzzles, dynamic weather, and stunning vistas. The freedom to explore, experiment, and approach challenges your way is unparalleled. Combat is satisfying, shrines are clever, and the story, though subtle, resonates. A breathtaking adventure that sets a new standard for gaming."
the-legend-of-zelda-breath-of-the-wild,"Mar 28, 2026",7,"The Legend of Zelda: Breath of The Wild has a wonderful open world and engaging concept for a story, but struggles to tell that story in a satisfying way and the player will spend more time doing tedious chores than adventuring."
the-legend-of-zelda-breath-of-the-wild,"Mar 28, 2026",10,"I simply love the exploration and setting of this game; the soundtrack and art direction drive me crazy. Needless to say, the freedom this game gives you is insane. Without a doubt, one of my favorites."
the-legend-of-zelda-breath-of-the-wild,"Mar 28, 2026",10,Uno de los mejores videojuegos que he jugado en mi vida. No hay palabras suficientes para describir todo lo que he podido vivir y sentir. Un imprescindible.
the-legend-of-zelda-breath-of-the-wild,"Mar 27, 2026",10,"Absolute masterpiece! The first game I played on switch! Open world, many things to explore and of course the following saying applies perfectly onto this game: Life is about the journey, not the destination. You're in a vast unknown world, you can go everywhere your eyes can see. Wherever you go there will be something to obtain, from completing a quest, or just getting a korok seed. The artwork is beautiful, the music is relaxing. It's not about rushing to complete this game. It's about exploring, picking a direction and just heading that way and whatever happens. I really wish i could forget this game and experience it once again from scratch. 10/10"
the-legend-of-zelda-breath-of-the-wild,"Mar 25, 2026",10,Este es sin duda alguna mi videojuego favorito con diferencia nunca me había encontrado con un juego tan hermoso y épico tal vez hable desde el amor que le tengo a esta saga pero no puedo dejar de decir lo mucho que amo este juego yo creo que nunca voy a encontrar un juego que me guste más que este
the-legend-of-zelda-breath-of-the-wild,"Mar 24, 2026",10,"One of the best games ever made. An incredibly beautiful world- so much to explore and find. 
This game truly encapsulates the sense of wonder of games of old.
Take your time with this game and enjoy every moment it has to offer- there is no wasted time when getting into this world."
the-legend-of-zelda-breath-of-the-wild,"Mar 24, 2026",10,"È un gioco perfetto, la grafica nel 2026 sembra quella di un gioco non curatissimo ma di certo non datato. Gameplay 10, QoL 10, grafica, se contiamo che il gioco sia tanto datato 10"
the-legend-of-zelda-breath-of-the-wild,"May 19, 2026",10,"The Legend of Zelda: Breath of the Wild is, hands down, the best game on the Nintendo Switch. It is totally different from any other Zelda game, featuring a completely open world with barely any boundaries. The controls are seamless, the story is compelling, and the graphics are amazing. If you own a Switch, a Wii U, or a Switch 2, the game is a must-play experience."
the-legend-of-zelda-breath-of-the-wild,"May 6, 2026",9,The game is not all that 97 on metacritic is tooo high the game is not top1 in fiction it's solid 9/10 and that's it
the-legend-of-zelda-breath-of-the-wild,"May 18, 2026",10,"It is an amazing game that still holds up to this day, this is my favorite game of all time nothing feels tedious and the shika slate abilities are amazing."
the-legend-of-zelda-breath-of-the-wild,"May 17, 2026",9,"très différent des différents jeux The Legend of Zelda, avec des armes que l'on récupère sur des ennemis majoritairement, qui se brisent etc. Malgré cet énorme changement dans la licence, le jeu reste incroyable"
the-legend-of-zelda-breath-of-the-wild,"May 17, 2026",9,[SPOILER ALERT: This review contains spoilers.]
the-legend-of-zelda-breath-of-the-wild,"May 17, 2026",10,Juegazo. tal vez el mejor que haya jugado en mi vida. la libertad de jugar sin que te digan a donde ir. la adrenalina de duración de armas. la música. su historia que si me atrapo a punta de recuerdos. es un juego 10/10 recomendado
the-legend-of-zelda-breath-of-the-wild,"May 17, 2026",3,"Surement un des pires jeux que j'ai acheté ...
Le jeu vous lâche au milieux de nul part et ne vous explique pas quoi faire et ou aller . Si vous aimez l'aventure je vous conseille alors Genshin Impact ."
the-legend-of-zelda-breath-of-the-wild,"May 13, 2026",10,"Such an amazing game, amazing graphics for its release and still amazing! I love fighting guardians and lynels. Master Mode makes the game even better!"
the-legend-of-zelda-breath-of-the-wild,"May 12, 2026",10,"A completely new chapter to zelda with open world mechanics and so much to see. A great amount to discover with a decent story and bosses.
A little repetitive at points, but that's just open world and you have to keep it fresh by doing other things.
Basically a must play on the list of top games."
the-legend-of-zelda-breath-of-the-wild,"May 10, 2026",9,"The Legend of Zelda: Breath of the Wild starts off medium‑fast: it doesn’t throw you into the open world immediately, but it does a great job teaching the basics. The tutorial island is tight, clear, and never feels like a boring checklist. By the time you leave the starting point, the game truly opens itself and becomes a reactive, fun, and interesting experience that keeps you engaged from minute one to final credits. A world that wants to be messed with. The sheer amount of things you can interact with is insane.•	You can set fires, cook, craft, experiment with weapons, and watch the world react: rain puts out flames, wind spreads fire, metal conducts electricity, and climbing works everywhere.•	There are tons of recipes, enemy types, sword types, and shields, so you never feel like you’re repeating the same loop.•	Every town and region has its own lore, vibe, and mini‑story, and the side quests are actual stories, not just “kill 10 monsters” spam.•	Easy‑minded enemies throw rocks at you, gang up if there are more of them, and try to flank you.•	Bigger enemies later on are even better, they’ll cover their weakness once you hit them, reposition, and force you to adapt. The characters are interesting and lovely, the towns look great, and the overall story is engaging enough to keep you invested, even when you’re off doing random side stuff. The enemies actually react how you fight them, which makes combat feel smart instead of just mindless.  There are many, many more little tweaks like this, and they make every fight feel like a tiny puzzle instead of a button‑mash. The game has:•	Cold sensor / heat sensor for different biomes,•	Noise sensor where a clanking weapon on your back makes your sneaking louder; unequip that loud sword and suddenly you’re way stealthier. These aren’t just “flavour” details: they’re real gameplay incentives to think about your gear, position, and timing. Want to take out multiple enemies?•	Shoot some fire arrows around them, make them panic, and then clean up the mess.•	The skeleton animations are hilarious! I’m not spoiling it; you just have to experience it yourself. Puzzles that actually feel like Zelda. I’m usually bad at puzzles, but the ones in Breath of the Wild make sense.•	They’re canon‑adjacent, not just “time‑waste” filler.•	They feel like real puzzles, not random busywork, and they’re actually fun to solve.  Resident Evil games could really learn from this: puzzles that match the world and don’t feel like homework. Loot, loot, and more loot The game is packed with loot:•	Weapons to pick up,•	Shields to experiment with,•	Food to cook,•	Items to trade,•	Side quests that feel meaningful. Even after you finish the main story, there’s a ton of content to keep you going. You can keep exploring, crafting, cooking, and doing side quests, and it still feels like you’re discovering something new. Final verdict: 10/10.  This is a fantastic f***king game and truly one of the best games ever. AFTER Beating the game: The game can be very hard, but very balanced if you use everything the game gives you."
the-legend-of-zelda-breath-of-the-wild,"May 8, 2026",10,A must play. Please if you are thinking about playing it. Play it. It is the best game I ever played.
the-legend-of-zelda-breath-of-the-wild,"May 5, 2026",10,"Потрясающая игра тем более для своего времени, очень привлекательная визуальная составляющая заманчивая графика дающая чувство сразу и ностальгия и чувство детства , физика потрясающая можно взаимодействовать почти с каждым предметом , потрясающая игра в которую можно провести просто огромная куча времени видно что разработчики проделали огромную работу по созданию такого супер детального мира отличный эксклюзив 10 из 10 тем более если мы вспоминаем 2017 год"
the-legend-of-zelda-breath-of-the-wild,"May 4, 2026",8,"This was my first Zelda game , so my expectations were high . Actually i like this game but i cant say 'this is the best video game has ever made in that it had more flow than i anticipated . Firstly , enemy variety is not enough . In my 100 hours experince i always fight same enemy types plus game is contain not much boss variety either . After that , game difficulty . i think this topic is controversial but i my opinion game is so basic in everyway . for example shrines i had very high expectations for the shrines so i am dissapointed . we have 5 diffierent ability actually abilities are enough but we are not combinating them . This leads us to keep making the same things over and over . Additionally , ı was bored in the last 10 hours since i had consumed all the bosses therefore i didnt find formidable enemy . Nonethless i think the game is peak . the game provided an exceptionally rewarding experience that kept me thoroughly engaged ."
the-legend-of-zelda-breath-of-the-wild,"Apr 29, 2026",10,"The best open-world game I've ever played. You can't put it down because you keep wanting to go here and do there. The mountains and hills, and the advantage of being at high altitude, just like in real life, are very well thought out. Although Divine Beasts seems structurally repetitive, each game takes place in a different biome. In short, once you start playing, you're faced with a masterpiece that you won't be able to put down and will keep you occupied for hours. I recommend it to everyone."
the-legend-of-zelda-breath-of-the-wild,"Apr 26, 2026",10,Un onde ouvert qui révolutionne le monde ouvert. Un sentiment de liberté dans un monde merveilleux. Graphismes qui vont très bien avec cette licence. A aucun moment je me suis ennuyé tellement l'envie de parcourir la map est présente.
the-legend-of-zelda-breath-of-the-wild,"Apr 26, 2026",10,"Tremendo juegazo lo he jugado mas de mil horas y nunca me aburre, definitivamente el mejor juego de mundo abierto de la historia"
the-legend-of-zelda-breath-of-the-wild,"Apr 25, 2026",9,"This game is system-buying worthy and that’s exactly what happened. I’ve pinned over playing this for 5 years and after finally experiencing it, I’m not disappointed. It’s huge, it's innovative, it's beautiful, it's nostalgic, it's new. Its only downfall is the lack of a story. Zelda titles previously have been at the top tier in storytelling and this story is underbaked and unsatisfying."
the-legend-of-zelda-breath-of-the-wild,"Apr 23, 2026",10,Best zelda game hands down! Everything is amazing buy this game you wont regret it!
the-legend-of-zelda-breath-of-the-wild,"Apr 23, 2026",9,"2017 REVISITED: A REVOLUTION IN FREEDOM: Looking back at 2017, it’s hard to overstate how much this game changed the industry. While other open-world games were obsessed with checklists and map markers, Breath of the Wild gave us a paraglider and told us to ""go."" The true greatness of this game lies in its physics-based chemistry system. Whether you were using a metal sword to attract lightning during a storm or freezing a boulder to launch it at a camp, the game rewarded curiosity in a way that felt truly revolutionary at the time. TECHNICAL PERFORMANCE: AGING WITH GRACE: Does it show its age? Yes. When played today, you’ll notice the 30 FPS cap (granted, there is a switch 2 edition, but it costs money) and the occasional frame dips in dense areas like Korok Forest. However, the art style is so strong that it masks the technical limitations of the original Switch hardware. The painterly, watercolor aesthetic ensures that Hyrule still feels vast and inviting, rather than ""outdated."" It’s a testament to the art direction that a game from 2017 can still stand side-by-side with modern Switch 2 titles without feeling out of place. THE WORLD: A RELEVANT MASTERPIECE: The most surprising thing about playing this today is how relevant it remains. Many games have tried to copy the ""Zelda formula,"" but few capture the same sense of lonely, quiet exploration. The lack of a constant music track—replaced by the sounds of wind and grass—makes the world feel alive and ""lived-in."" Even with its sequel out in the world, the original journey of Link waking up in the Shrine of Resurrection still carries a weight and a simplicity that is unmatched. THE DURABILITY DILEMMA: If there is one thing that frustrates me the most in this game, it’s definitely the weapon durability system. While it encourages you to try new gear, it can still feel frustrating to have a legendary weapon shatter after a single encounter. It creates a ""hoarding"" mentality that sometimes clashes with the game’s otherwise perfect sense of freedom. PROS: Unrivaled sense of exploration and freedom. Timeless art style that still looks beautiful today. The ""Chemistry Engine"" allows for insane player creativity. CONS: Divisive weapon durability system.Occasional frame rate stutters in busy environments. THE FINAL VERDICT: 9/10: In 2017, this game was a 10/10. Today, it remains a near-perfect 9/10. It is a technical marvel of its time that has aged with incredible grace. Even with newer titles pushing hardware further, the original ""Breath"" remains an essential, quiet, and breathtaking journey that every gamer should experience at least once."
the-legend-of-zelda-breath-of-the-wild,"Apr 19, 2026",10,"One of the greatest games of all time, the freedom I experienced when playing this game for the first time was unbelievable. The individuality of every playthrough makes it one of the most replayable games out there."
the-legend-of-zelda-breath-of-the-wild,"Oct 29, 2025",10,"At first I was a bit bored from this game. The starting area is a bit tedious. But then it became super fun and addicting - exploring the different areas of the map, not knowing what you will find makes you want to keep playing the game. The shrines are neat puzzles, some of which really test your problem solving skills.

The combat is descent. I like how you can get better by learning to parry and flurry rush, but it can get repetitive a bit boring after like 50 hoursm but exploring is the thing that makes the game a masterpiece so it isn't a problem. Plus there are many different weapons with different natural abilities (fire, ice...) that make it more interesting.

The story is intriguing and you help figure stuff out by finding memories (which you access by playing like geoguessr which is fun). The characters can be a bit goofy and have intereseting things to say.

The quest are ok I guess. Some are very hard to figure out so you will probably need to look them up on youtube.

The only thing I genuinely don't like is that there isn't a big variety in enemies. There are only 3-4 enemy types in the different zones and it does get a bit dull, but as I said combat is not the main part of the game (it does play a hue big, but exploration is number 1)."
the-legend-of-zelda-breath-of-the-wild,"Apr 17, 2026",10,"Melhor jogo que eu joguei na minha vida! Nunca tinha jogado nada do universo Zelda. Porém, fiquei totalmente fascinado."
the-legend-of-zelda-breath-of-the-wild,"Jul 4, 2025",10,Il miglior gioco del mondo insieme a rdr2. Grafica ottima e storia bella. Incredibile.
the-legend-of-zelda-breath-of-the-wild,"Apr 16, 2026",10,"Prawdziwy powiew świeżości w grach video.
The Legend of Zelda: Breath of the Wild przywraca na nowo radość z grania."
the-legend-of-zelda-breath-of-the-wild,"Apr 16, 2026",10,a really nice game with cool graphics and a very interesting story and good controls
the-legend-of-zelda-breath-of-the-wild,"Apr 14, 2026",10,"Este juego me marcó demasiado, es de esos juegos que cuando necesitas desconectar de la vida diaria, está ahí para poder apoyarte en el y disfrutarlo como si no hubiera un mañana. El juego para mí podría ser mejorable en algunos aspectos, pero muy pocos, porque en general me parece sublime y le tengo un inmenso cariño. Gracias Nintendo por crear este tipo de joyas."
the-legend-of-zelda-breath-of-the-wild,"Apr 14, 2026",10,"Легенда Зельди найчудовіша гра на світч персонально для мене, мила, красива по своєму. Бойовка, на справді, легка, але для мене як для новачка світу консолей було складнувато."
the-legend-of-zelda-breath-of-the-wild,"Apr 12, 2026",10,"Jeśli ktoś szuka sandboxa na ponad 100h, must have!
Jeśli ktoś nie lubi eksploracji i sandboxowych otwartych światów, to raczej się odbije...

Kontekst: Zelda w klimacie post-apo, dostajemy duży otwarty świat który po przejściu dobrze tłumaczącego mechaniki prologu (nie prowadzi za rączkę jak typowe AAA) praktycznie cały stoi przed nami otworem, fabuła jest tylko tłem ale dobrze nakreśla cel i daje motywację do gry.
Gameplay: gra nie wprowadza niczego całkowicie nowego, ale łączy w idealny sposób wiele znanych mechanik. Eksploracja jest genialnie zrealizowana, jeśli tylko pozwoli nam na to poziom staminy i nasze umiejętności jesteśmy w stanie dostać się wszędzie gdzie tylko zechcemy, świat jest wystarczający duży żeby móc na spokojnie eksplorować i poczuć klimat podróży, ale jednocześnie nie jest pusty, jeśli coś przykuje naszą uwagę, to najprawdopodobniej coś ciekawego tam znajdziemy. System walki jest prosty, ale satysfakcjonujący, a przez mnogość sposobów na eliminowanie przeciwników nie nudzi nawet pod koniec gry, tak na prawdę najgorsze walki to te z bossami, bo tam mamy ograniczoną przestrzeń i często wymuszony sposób walki. Mamy tu system niszczenia się broni, który wymusza na nas ciągłe zmienianie naszego rynsztunku i szukanie nowych broni, dzięki temu nawet jeśli znajdziemy na początku gry silny miecz, nie przejdziemy nim całej gry. Gra oferuje też wiele pomniejszych mechanik, takich jak jedzenie, temperatura, wspinaczka, latanie na lotni, moce które dostajemy w prologu, czy wierzchowce. 
Grafika i dźwięk: styl artystyczny doprze pasuje do gry, buduje klimat, udźwiękowienie też jest na najwyższym poziomie, z jedną wadą... praktycznie w grze nie uświadczymy dubbingu. Muzyka jak chyba w każdej zeldzie jest na bardzo wysokim poziomie i świetnie wpasowuje się w to gdzie jesteśmy i co aktualnie dzieje się na ekranie. Nie ma co ukrywać że gra momentami nie zachwyca szczegółowością tekstur czy rozdzielczością, ale to kwestia przestarzałej konsoli i na szczęście wersja na switch 2 eliminuje wszystkie te niedociągnięcia.
Wydajność/optymalizacja: Gra jest świetnie zoptymalizowana, wyciska z pierwszego pstryczka 100%, momentami zdarzają się chrupnięcia, czasy ładowania na pierwszym switch'u też nie są najkrótsze, ale nadal gra się przyjemnie, a nawet lekkie ścinki nie zaburzają gry i nie irytują, jest to na prawdę solidny port z WII'U. 
Najważniejsze + i -
+ Eksploracja!
+ Brak prowadzenia za rączkę
+ Ogrom aktywności w świecie gry
- Walki z bossami
- brak dubbingu...
Podsumowując, jest to gra która na pewno nie trafi do każdego, stawia na kreatywność gracza, eksploracje i sandboxowość, jeśli ktoś nie lubi takich sandboxowych otwartych światów i po prostu chce przebiec przez fabułę, jasne, można, ale w takim wypadku raczej nie polecam, ale dla graczy takich jak ja, którzy szukają dużego otwartego sandboxa nie prowadzącego za rączkę jest to tytuł obowiązkowy, obiektywnie gra ma niedociągnięcia, braki i nie jest idealna, więc na pewno nie zasługuje na 10/10, a raczej na solidne 8,5/10, ale dla mnie osobiście, to aktualnie najlepsza gra w jaką kiedykolwiek grałem!"
the-legend-of-zelda-breath-of-the-wild,"Apr 13, 2026",10,"Legend of Zelda: Breath of the Wild is by far the greatest open world game of all time, rivaling games like Skyrim and Ghost of Tsushima. Gameplay wise, you could spend 1000 hours in BotW and still not find every Korok Seed, Shrine, or shop. Its no wonder why this is the highest rated video game ever. All acclaim that this game receives is deserved. One of my favorite games of all time."
the-legend-of-zelda-breath-of-the-wild,"Apr 9, 2026",10,This game changed they way we look at games and experience them. The game evolves around the players no matter which way you choose while enjoying perfect mechanics and the most atmospheric scenery. All this is put together in simple but sophisticated way.
the-legend-of-zelda-breath-of-the-wild,"Apr 6, 2026",10,Honnestly this game changed the whole gaming industry forever its criminal to rate it below 10
the-legend-of-zelda-breath-of-the-wild,"Apr 5, 2026",10,"The best game I ever played. No game has that much freedom at all. The feeling when you step out of the shrine of living is amazing. And yet nearly 8 years later I still play this game. The Freedom to go wherever you want whenever you want is so good. The Story is perfect and you learn time after time the things you need to progress further
All in all is it the best game in the world of games"
the-legend-of-zelda-breath-of-the-wild,"Apr 5, 2026",10,Despite not being a perfect game (Tears would make it slightly better) it is almost perfect the world and how everything interacts is awesome. The best open world released still in 2026.
the-legend-of-zelda-breath-of-the-wild,"Apr 5, 2026",10,"An Amazing game with great graphics, open world area and repetitive gameplay that you can enjoy all the time, there are some flaws like the weapon durability system but overall it's amazing."
the-legend-of-zelda-breath-of-the-wild,"Apr 1, 2026",10,[SPOILER ALERT: This review contains spoilers.]
the-legend-of-zelda-breath-of-the-wild,"Mar 29, 2026",7,"cute, interesting world to discover, some parts are very underutilized and the shrine thing that you have to learn skills in those **** massive balls. The story was kinda whatever but it was a fun playthrough. 50 hours is **** mental however, and the end bossfight was way too easy in comparison to the other bossfights you had to do. A few parts of this game was a bit underwhelming but other than that it is a pretty solid one if you are into this kind of stuff."
the-legend-of-zelda-breath-of-the-wild,"Apr 2, 2026",10,"Ho giocato questo gioco tempo fa, e dopo aver giocato titoli famosi come Rdr2, TLOU 1/2, Ghost of Tsushima e tanti altri, questo rimane per me sempre in cima alla lista, per le tante cose da fare nel mondo open world e anche per una trama bellissima. La cosa fantastica di questo gioco è che la storia principale dura poco, ma è la voglia di scoprire ed esplorare che la fa allungare di tantissime ore."
the-legend-of-zelda-breath-of-the-wild,"Apr 2, 2026",10,"Candidate for my favourite game of all time. 

This game had multiple moments in which it took me back to the feeling of being a little kid experiencing the wonder of video games for the first time again."
the-legend-of-zelda-breath-of-the-wild,"Apr 1, 2026",9,"The most ""Open world"" open world an open world game can get without being too much, the exploration is great but not overwhelming."
the-legend-of-zelda-breath-of-the-wild,"Apr 1, 2026",10,[SPOILER ALERT: This review contains spoilers.]
the-legend-of-zelda-breath-of-the-wild,"Apr 1, 2026",9,"A complete masterpiece, Nintendo's second best (after TotK). It is a revolutionary game where you can explore a huge free world. The game is almost perfect but there is one problem: you cannot do anything with the drops from monsters and that is why TotK is better, they fixed it..."
the-legend-of-zelda-breath-of-the-wild,"Apr 1, 2026",10,"juegazo lo jugue con 15 años y lo seguire jugando igual, cada parte del mapa explorable es una belleza muy buen juego hoy con 22 años entiendo lo que fue para mi infancia y lo que sigue siendo es una obra maestra"
the-legend-of-zelda-breath-of-the-wild,"Mar 31, 2026",10,"Zelda: Breath of the Wild (9.9/10) is a masterclass in open-world design. Every corner of Hyrule feels alive, with physics-driven puzzles, dynamic weather, and stunning vistas. The freedom to explore, experiment, and approach challenges your way is unparalleled. Combat is satisfying, shrines are clever, and the story, though subtle, resonates. A breathtaking adventure that sets a new standard for gaming."
the-legend-of-zelda-breath-of-the-wild,"Mar 28, 2026",7,"The Legend of Zelda: Breath of The Wild has a wonderful open world and engaging concept for a story, but struggles to tell that story in a satisfying way and the player will spend more time doing tedious chores than adventuring."
the-legend-of-zelda-breath-of-the-wild,"Mar 28, 2026",10,"I simply love the exploration and setting of this game; the soundtrack and art direction drive me crazy. Needless to say, the freedom this game gives you is insane. Without a doubt, one of my favorites."
the-legend-of-zelda-breath-of-the-wild,"Mar 28, 2026",10,Uno de los mejores videojuegos que he jugado en mi vida. No hay palabras suficientes para describir todo lo que he podido vivir y sentir. Un imprescindible.
the-legend-of-zelda-breath-of-the-wild,"Mar 27, 2026",10,"Absolute masterpiece! The first game I played on switch! Open world, many things to explore and of course the following saying applies perfectly onto this game: Life is about the journey, not the destination. You're in a vast unknown world, you can go everywhere your eyes can see. Wherever you go there will be something to obtain, from completing a quest, or just getting a korok seed. The artwork is beautiful, the music is relaxing. It's not about rushing to complete this game. It's about exploring, picking a direction and just heading that way and whatever happens. I really wish i could forget this game and experience it once again from scratch. 10/10"
the-legend-of-zelda-breath-of-the-wild,"Mar 25, 2026",10,Este es sin duda alguna mi videojuego favorito con diferencia nunca me había encontrado con un juego tan hermoso y épico tal vez hable desde el amor que le tengo a esta saga pero no puedo dejar de decir lo mucho que amo este juego yo creo que nunca voy a encontrar un juego que me guste más que este
the-legend-of-zelda-breath-of-the-wild,"Mar 24, 2026",10,"One of the best games ever made. An incredibly beautiful world- so much to explore and find. 
This game truly encapsulates the sense of wonder of games of old.
Take your time with this game and enjoy every moment it has to offer- there is no wasted time when getting into this world."
the-legend-of-zelda-breath-of-the-wild,"Mar 24, 2026",10,"È un gioco perfetto, la grafica nel 2026 sembra quella di un gioco non curatissimo ma di certo non datato. Gameplay 10, QoL 10, grafica, se contiamo che il gioco sia tanto datato 10"
the-legend-of-zelda-breath-of-the-wild,"May 19, 2026",10,"The Legend of Zelda: Breath of the Wild is, hands down, the best game on the Nintendo Switch. It is totally different from any other Zelda game, featuring a completely open world with barely any boundaries. The controls are seamless, the story is compelling, and the graphics are amazing. If you own a Switch, a Wii U, or a Switch 2, the game is a must-play experience."
the-legend-of-zelda-breath-of-the-wild,"May 6, 2026",9,The game is not all that 97 on metacritic is tooo high the game is not top1 in fiction it's solid 9/10 and that's it
the-legend-of-zelda-breath-of-the-wild,"May 18, 2026",10,"It is an amazing game that still holds up to this day, this is my favorite game of all time nothing feels tedious and the shika slate abilities are amazing."
the-legend-of-zelda-breath-of-the-wild,"May 17, 2026",9,"très différent des différents jeux The Legend of Zelda, avec des armes que l'on récupère sur des ennemis majoritairement, qui se brisent etc. Malgré cet énorme changement dans la licence, le jeu reste incroyable"
the-legend-of-zelda-breath-of-the-wild,"May 17, 2026",9,[SPOILER ALERT: This review contains spoilers.]
the-legend-of-zelda-breath-of-the-wild,"May 17, 2026",10,Juegazo. tal vez el mejor que haya jugado en mi vida. la libertad de jugar sin que te digan a donde ir. la adrenalina de duración de armas. la música. su historia que si me atrapo a punta de recuerdos. es un juego 10/10 recomendado
the-legend-of-zelda-breath-of-the-wild,"May 17, 2026",3,"Surement un des pires jeux que j'ai acheté ...
Le jeu vous lâche au milieux de nul part et ne vous explique pas quoi faire et ou aller . Si vous aimez l'aventure je vous conseille alors Genshin Impact ."
the-legend-of-zelda-breath-of-the-wild,"May 13, 2026",10,"Such an amazing game, amazing graphics for its release and still amazing! I love fighting guardians and lynels. Master Mode makes the game even better!"
the-legend-of-zelda-breath-of-the-wild,"May 12, 2026",10,"A completely new chapter to zelda with open world mechanics and so much to see. A great amount to discover with a decent story and bosses.
A little repetitive at points, but that's just open world and you have to keep it fresh by doing other things.
Basically a must play on the list of top games."
the-legend-of-zelda-breath-of-the-wild,"May 10, 2026",9,"The Legend of Zelda: Breath of the Wild starts off medium‑fast: it doesn’t throw you into the open world immediately, but it does a great job teaching the basics. The tutorial island is tight, clear, and never feels like a boring checklist. By the time you leave the starting point, the game truly opens itself and becomes a reactive, fun, and interesting experience that keeps you engaged from minute one to final credits. A world that wants to be messed with. The sheer amount of things you can interact with is insane.•	You can set fires, cook, craft, experiment with weapons, and watch the world react: rain puts out flames, wind spreads fire, metal conducts electricity, and climbing works everywhere.•	There are tons of recipes, enemy types, sword types, and shields, so you never feel like you’re repeating the same loop.•	Every town and region has its own lore, vibe, and mini‑story, and the side quests are actual stories, not just “kill 10 monsters” spam.•	Easy‑minded enemies throw rocks at you, gang up if there are more of them, and try to flank you.•	Bigger enemies later on are even better, they’ll cover their weakness once you hit them, reposition, and force you to adapt. The characters are interesting and lovely, the towns look great, and the overall story is engaging enough to keep you invested, even when you’re off doing random side stuff. The enemies actually react how you fight them, which makes combat feel smart instead of just mindless.  There are many, many more little tweaks like this, and they make every fight feel like a tiny puzzle instead of a button‑mash. The game has:•	Cold sensor / heat sensor for different biomes,•	Noise sensor where a clanking weapon on your back makes your sneaking louder; unequip that loud sword and suddenly you’re way stealthier. These aren’t just “flavour” details: they’re real gameplay incentives to think about your gear, position, and timing. Want to take out multiple enemies?•	Shoot some fire arrows around them, make them panic, and then clean up the mess.•	The skeleton animations are hilarious! I’m not spoiling it; you just have to experience it yourself. Puzzles that actually feel like Zelda. I’m usually bad at puzzles, but the ones in Breath of the Wild make sense.•	They’re canon‑adjacent, not just “time‑waste” filler.•	They feel like real puzzles, not random busywork, and they’re actually fun to solve.  Resident Evil games could really learn from this: puzzles that match the world and don’t feel like homework. Loot, loot, and more loot The game is packed with loot:•	Weapons to pick up,•	Shields to experiment with,•	Food to cook,•	Items to trade,•	Side quests that feel meaningful. Even after you finish the main story, there’s a ton of content to keep you going. You can keep exploring, crafting, cooking, and doing side quests, and it still feels like you’re discovering something new. Final verdict: 10/10.  This is a fantastic f***king game and truly one of the best games ever. AFTER Beating the game: The game can be very hard, but very balanced if you use everything the game gives you."
the-legend-of-zelda-breath-of-the-wild,"May 8, 2026",10,A must play. Please if you are thinking about playing it. Play it. It is the best game I ever played.
the-legend-of-zelda-breath-of-the-wild,"May 5, 2026",10,"Потрясающая игра тем более для своего времени, очень привлекательная визуальная составляющая заманчивая графика дающая чувство сразу и ностальгия и чувство детства , физика потрясающая можно взаимодействовать почти с каждым предметом , потрясающая игра в которую можно провести просто огромная куча времени видно что разработчики проделали огромную работу по созданию такого супер детального мира отличный эксклюзив 10 из 10 тем более если мы вспоминаем 2017 год"
the-legend-of-zelda-breath-of-the-wild,"May 4, 2026",8,"This was my first Zelda game , so my expectations were high . Actually i like this game but i cant say 'this is the best video game has ever made in that it had more flow than i anticipated . Firstly , enemy variety is not enough . In my 100 hours experince i always fight same enemy types plus game is contain not much boss variety either . After that , game difficulty . i think this topic is controversial but i my opinion game is so basic in everyway . for example shrines i had very high expectations for the shrines so i am dissapointed . we have 5 diffierent ability actually abilities are enough but we are not combinating them . This leads us to keep making the same things over and over . Additionally , ı was bored in the last 10 hours since i had consumed all the bosses therefore i didnt find formidable enemy . Nonethless i think the game is peak . the game provided an exceptionally rewarding experience that kept me thoroughly engaged ."
the-legend-of-zelda-breath-of-the-wild,"Apr 29, 2026",10,"The best open-world game I've ever played. You can't put it down because you keep wanting to go here and do there. The mountains and hills, and the advantage of being at high altitude, just like in real life, are very well thought out. Although Divine Beasts seems structurally repetitive, each game takes place in a different biome. In short, once you start playing, you're faced with a masterpiece that you won't be able to put down and will keep you occupied for hours. I recommend it to everyone."
the-legend-of-zelda-breath-of-the-wild,"Apr 26, 2026",10,Un onde ouvert qui révolutionne le monde ouvert. Un sentiment de liberté dans un monde merveilleux. Graphismes qui vont très bien avec cette licence. A aucun moment je me suis ennuyé tellement l'envie de parcourir la map est présente.
the-legend-of-zelda-breath-of-the-wild,"Apr 26, 2026",10,"Tremendo juegazo lo he jugado mas de mil horas y nunca me aburre, definitivamente el mejor juego de mundo abierto de la historia"
the-legend-of-zelda-breath-of-the-wild,"Apr 25, 2026",9,"This game is system-buying worthy and that’s exactly what happened. I’ve pinned over playing this for 5 years and after finally experiencing it, I’m not disappointed. It’s huge, it's innovative, it's beautiful, it's nostalgic, it's new. Its only downfall is the lack of a story. Zelda titles previously have been at the top tier in storytelling and this story is underbaked and unsatisfying."
the-legend-of-zelda-breath-of-the-wild,"Apr 23, 2026",10,Best zelda game hands down! Everything is amazing buy this game you wont regret it!
the-legend-of-zelda-breath-of-the-wild,"Apr 23, 2026",9,"2017 REVISITED: A REVOLUTION IN FREEDOM: Looking back at 2017, it’s hard to overstate how much this game changed the industry. While other open-world games were obsessed with checklists and map markers, Breath of the Wild gave us a paraglider and told us to ""go."" The true greatness of this game lies in its physics-based chemistry system. Whether you were using a metal sword to attract lightning during a storm or freezing a boulder to launch it at a camp, the game rewarded curiosity in a way that felt truly revolutionary at the time. TECHNICAL PERFORMANCE: AGING WITH GRACE: Does it show its age? Yes. When played today, you’ll notice the 30 FPS cap (granted, there is a switch 2 edition, but it costs money) and the occasional frame dips in dense areas like Korok Forest. However, the art style is so strong that it masks the technical limitations of the original Switch hardware. The painterly, watercolor aesthetic ensures that Hyrule still feels vast and inviting, rather than ""outdated."" It’s a testament to the art direction that a game from 2017 can still stand side-by-side with modern Switch 2 titles without feeling out of place. THE WORLD: A RELEVANT MASTERPIECE: The most surprising thing about playing this today is how relevant it remains. Many games have tried to copy the ""Zelda formula,"" but few capture the same sense of lonely, quiet exploration. The lack of a constant music track—replaced by the sounds of wind and grass—makes the world feel alive and ""lived-in."" Even with its sequel out in the world, the original journey of Link waking up in the Shrine of Resurrection still carries a weight and a simplicity that is unmatched. THE DURABILITY DILEMMA: If there is one thing that frustrates me the most in this game, it’s definitely the weapon durability system. While it encourages you to try new gear, it can still feel frustrating to have a legendary weapon shatter after a single encounter. It creates a ""hoarding"" mentality that sometimes clashes with the game’s otherwise perfect sense of freedom. PROS: Unrivaled sense of exploration and freedom. Timeless art style that still looks beautiful today. The ""Chemistry Engine"" allows for insane player creativity. CONS: Divisive weapon durability system.Occasional frame rate stutters in busy environments. THE FINAL VERDICT: 9/10: In 2017, this game was a 10/10. Today, it remains a near-perfect 9/10. It is a technical marvel of its time that has aged with incredible grace. Even with newer titles pushing hardware further, the original ""Breath"" remains an essential, quiet, and breathtaking journey that every gamer should experience at least once."
the-legend-of-zelda-breath-of-the-wild,"Apr 19, 2026",10,"One of the greatest games of all time, the freedom I experienced when playing this game for the first time was unbelievable. The individuality of every playthrough makes it one of the most replayable games out there."
the-legend-of-zelda-breath-of-the-wild,"Oct 29, 2025",10,"At first I was a bit bored from this game. The starting area is a bit tedious. But then it became super fun and addicting - exploring the different areas of the map, not knowing what you will find makes you want to keep playing the game. The shrines are neat puzzles, some of which really test your problem solving skills.

The combat is descent. I like how you can get better by learning to parry and flurry rush, but it can get repetitive a bit boring after like 50 hoursm but exploring is the thing that makes the game a masterpiece so it isn't a problem. Plus there are many different weapons with different natural abilities (fire, ice...) that make it more interesting.

The story is intriguing and you help figure stuff out by finding memories (which you access by playing like geoguessr which is fun). The characters can be a bit goofy and have intereseting things to say.

The quest are ok I guess. Some are very hard to figure out so you will probably need to look them up on youtube.

The only thing I genuinely don't like is that there isn't a big variety in enemies. There are only 3-4 enemy types in the different zones and it does get a bit dull, but as I said combat is not the main part of the game (it does play a hue big, but exploration is number 1)."
the-legend-of-zelda-breath-of-the-wild,"Apr 17, 2026",10,"Melhor jogo que eu joguei na minha vida! Nunca tinha jogado nada do universo Zelda. Porém, fiquei totalmente fascinado."
the-legend-of-zelda-breath-of-the-wild,"Jul 4, 2025",10,Il miglior gioco del mondo insieme a rdr2. Grafica ottima e storia bella. Incredibile.
the-legend-of-zelda-breath-of-the-wild,"Apr 16, 2026",10,"Prawdziwy powiew świeżości w grach video.
The Legend of Zelda: Breath of the Wild przywraca na nowo radość z grania."
the-legend-of-zelda-breath-of-the-wild,"Apr 16, 2026",10,a really nice game with cool graphics and a very interesting story and good controls
the-legend-of-zelda-breath-of-the-wild,"Apr 14, 2026",10,"Este juego me marcó demasiado, es de esos juegos que cuando necesitas desconectar de la vida diaria, está ahí para poder apoyarte en el y disfrutarlo como si no hubiera un mañana. El juego para mí podría ser mejorable en algunos aspectos, pero muy pocos, porque en general me parece sublime y le tengo un inmenso cariño. Gracias Nintendo por crear este tipo de joyas."
the-legend-of-zelda-breath-of-the-wild,"Apr 14, 2026",10,"Легенда Зельди найчудовіша гра на світч персонально для мене, мила, красива по своєму. Бойовка, на справді, легка, але для мене як для новачка світу консолей було складнувато."
the-legend-of-zelda-breath-of-the-wild,"Apr 12, 2026",10,"Jeśli ktoś szuka sandboxa na ponad 100h, must have!
Jeśli ktoś nie lubi eksploracji i sandboxowych otwartych światów, to raczej się odbije...

Kontekst: Zelda w klimacie post-apo, dostajemy duży otwarty świat który po przejściu dobrze tłumaczącego mechaniki prologu (nie prowadzi za rączkę jak typowe AAA) praktycznie cały stoi przed nami otworem, fabuła jest tylko tłem ale dobrze nakreśla cel i daje motywację do gry.
Gameplay: gra nie wprowadza niczego całkowicie nowego, ale łączy w idealny sposób wiele znanych mechanik. Eksploracja jest genialnie zrealizowana, jeśli tylko pozwoli nam na to poziom staminy i nasze umiejętności jesteśmy w stanie dostać się wszędzie gdzie tylko zechcemy, świat jest wystarczający duży żeby móc na spokojnie eksplorować i poczuć klimat podróży, ale jednocześnie nie jest pusty, jeśli coś przykuje naszą uwagę, to najprawdopodobniej coś ciekawego tam znajdziemy. System walki jest prosty, ale satysfakcjonujący, a przez mnogość sposobów na eliminowanie przeciwników nie nudzi nawet pod koniec gry, tak na prawdę najgorsze walki to te z bossami, bo tam mamy ograniczoną przestrzeń i często wymuszony sposób walki. Mamy tu system niszczenia się broni, który wymusza na nas ciągłe zmienianie naszego rynsztunku i szukanie nowych broni, dzięki temu nawet jeśli znajdziemy na początku gry silny miecz, nie przejdziemy nim całej gry. Gra oferuje też wiele pomniejszych mechanik, takich jak jedzenie, temperatura, wspinaczka, latanie na lotni, moce które dostajemy w prologu, czy wierzchowce. 
Grafika i dźwięk: styl artystyczny doprze pasuje do gry, buduje klimat, udźwiękowienie też jest na najwyższym poziomie, z jedną wadą... praktycznie w grze nie uświadczymy dubbingu. Muzyka jak chyba w każdej zeldzie jest na bardzo wysokim poziomie i świetnie wpasowuje się w to gdzie jesteśmy i co aktualnie dzieje się na ekranie. Nie ma co ukrywać że gra momentami nie zachwyca szczegółowością tekstur czy rozdzielczością, ale to kwestia przestarzałej konsoli i na szczęście wersja na switch 2 eliminuje wszystkie te niedociągnięcia.
Wydajność/optymalizacja: Gra jest świetnie zoptymalizowana, wyciska z pierwszego pstryczka 100%, momentami zdarzają się chrupnięcia, czasy ładowania na pierwszym switch'u też nie są najkrótsze, ale nadal gra się przyjemnie, a nawet lekkie ścinki nie zaburzają gry i nie irytują, jest to na prawdę solidny port z WII'U. 
Najważniejsze + i -
+ Eksploracja!
+ Brak prowadzenia za rączkę
+ Ogrom aktywności w świecie gry
- Walki z bossami
- brak dubbingu...
Podsumowując, jest to gra która na pewno nie trafi do każdego, stawia na kreatywność gracza, eksploracje i sandboxowość, jeśli ktoś nie lubi takich sandboxowych otwartych światów i po prostu chce przebiec przez fabułę, jasne, można, ale w takim wypadku raczej nie polecam, ale dla graczy takich jak ja, którzy szukają dużego otwartego sandboxa nie prowadzącego za rączkę jest to tytuł obowiązkowy, obiektywnie gra ma niedociągnięcia, braki i nie jest idealna, więc na pewno nie zasługuje na 10/10, a raczej na solidne 8,5/10, ale dla mnie osobiście, to aktualnie najlepsza gra w jaką kiedykolwiek grałem!"
the-legend-of-zelda-breath-of-the-wild,"Apr 13, 2026",10,"Legend of Zelda: Breath of the Wild is by far the greatest open world game of all time, rivaling games like Skyrim and Ghost of Tsushima. Gameplay wise, you could spend 1000 hours in BotW and still not find every Korok Seed, Shrine, or shop. Its no wonder why this is the highest rated video game ever. All acclaim that this game receives is deserved. One of my favorite games of all time."
the-legend-of-zelda-breath-of-the-wild,"Apr 9, 2026",10,This game changed they way we look at games and experience them. The game evolves around the players no matter which way you choose while enjoying perfect mechanics and the most atmospheric scenery. All this is put together in simple but sophisticated way.
the-legend-of-zelda-breath-of-the-wild,"Apr 6, 2026",10,Honnestly this game changed the whole gaming industry forever its criminal to rate it below 10
the-legend-of-zelda-breath-of-the-wild,"Apr 5, 2026",10,"The best game I ever played. No game has that much freedom at all. The feeling when you step out of the shrine of living is amazing. And yet nearly 8 years later I still play this game. The Freedom to go wherever you want whenever you want is so good. The Story is perfect and you learn time after time the things you need to progress further
All in all is it the best game in the world of games"
the-legend-of-zelda-breath-of-the-wild,"Apr 5, 2026",10,Despite not being a perfect game (Tears would make it slightly better) it is almost perfect the world and how everything interacts is awesome. The best open world released still in 2026.
the-legend-of-zelda-breath-of-the-wild,"Apr 5, 2026",10,"An Amazing game with great graphics, open world area and repetitive gameplay that you can enjoy all the time, there are some flaws like the weapon durability system but overall it's amazing."
the-legend-of-zelda-breath-of-the-wild,"Apr 1, 2026",10,[SPOILER ALERT: This review contains spoilers.]
the-legend-of-zelda-breath-of-the-wild,"Mar 29, 2026",7,"cute, interesting world to discover, some parts are very underutilized and the shrine thing that you have to learn skills in those **** massive balls. The story was kinda whatever but it was a fun playthrough. 50 hours is **** mental however, and the end bossfight was way too easy in comparison to the other bossfights you had to do. A few parts of this game was a bit underwhelming but other than that it is a pretty solid one if you are into this kind of stuff."
the-legend-of-zelda-breath-of-the-wild,"Apr 2, 2026",10,"Ho giocato questo gioco tempo fa, e dopo aver giocato titoli famosi come Rdr2, TLOU 1/2, Ghost of Tsushima e tanti altri, questo rimane per me sempre in cima alla lista, per le tante cose da fare nel mondo open world e anche per una trama bellissima. La cosa fantastica di questo gioco è che la storia principale dura poco, ma è la voglia di scoprire ed esplorare che la fa allungare di tantissime ore."
the-legend-of-zelda-breath-of-the-wild,"Apr 2, 2026",10,"Candidate for my favourite game of all time. 

This game had multiple moments in which it took me back to the feeling of being a little kid experiencing the wonder of video games for the first time again."
the-legend-of-zelda-breath-of-the-wild,"Apr 1, 2026",9,"The most ""Open world"" open world an open world game can get without being too much, the exploration is great but not overwhelming."
the-legend-of-zelda-breath-of-the-wild,"Apr 1, 2026",10,[SPOILER ALERT: This review contains spoilers.]
the-legend-of-zelda-breath-of-the-wild,"Apr 1, 2026",9,"A complete masterpiece, Nintendo's second best (after TotK). It is a revolutionary game where you can explore a huge free world. The game is almost perfect but there is one problem: you cannot do anything with the drops from monsters and that is why TotK is better, they fixed it..."
the-legend-of-zelda-breath-of-the-wild,"Apr 1, 2026",10,"juegazo lo jugue con 15 años y lo seguire jugando igual, cada parte del mapa explorable es una belleza muy buen juego hoy con 22 años entiendo lo que fue para mi infancia y lo que sigue siendo es una obra maestra"
the-legend-of-zelda-breath-of-the-wild,"Mar 31, 2026",10,"Zelda: Breath of the Wild (9.9/10) is a masterclass in open-world design. Every corner of Hyrule feels alive, with physics-driven puzzles, dynamic weather, and stunning vistas. The freedom to explore, experiment, and approach challenges your way is unparalleled. Combat is satisfying, shrines are clever, and the story, though subtle, resonates. A breathtaking adventure that sets a new standard for gaming."
the-legend-of-zelda-breath-of-the-wild,"Mar 28, 2026",7,"The Legend of Zelda: Breath of The Wild has a wonderful open world and engaging concept for a story, but struggles to tell that story in a satisfying way and the player will spend more time doing tedious chores than adventuring."
the-legend-of-zelda-breath-of-the-wild,"Mar 28, 2026",10,"I simply love the exploration and setting of this game; the soundtrack and art direction drive me crazy. Needless to say, the freedom this game gives you is insane. Without a doubt, one of my favorites."
the-legend-of-zelda-breath-of-the-wild,"Mar 28, 2026",10,Uno de los mejores videojuegos que he jugado en mi vida. No hay palabras suficientes para describir todo lo que he podido vivir y sentir. Un imprescindible.
the-legend-of-zelda-breath-of-the-wild,"Mar 27, 2026",10,"Absolute masterpiece! The first game I played on switch! Open world, many things to explore and of course the following saying applies perfectly onto this game: Life is about the journey, not the destination. You're in a vast unknown world, you can go everywhere your eyes can see. Wherever you go there will be something to obtain, from completing a quest, or just getting a korok seed. The artwork is beautiful, the music is relaxing. It's not about rushing to complete this game. It's about exploring, picking a direction and just heading that way and whatever happens. I really wish i could forget this game and experience it once again from scratch. 10/10"
the-legend-of-zelda-breath-of-the-wild,"Mar 25, 2026",10,Este es sin duda alguna mi videojuego favorito con diferencia nunca me había encontrado con un juego tan hermoso y épico tal vez hable desde el amor que le tengo a esta saga pero no puedo dejar de decir lo mucho que amo este juego yo creo que nunca voy a encontrar un juego que me guste más que este
the-legend-of-zelda-breath-of-the-wild,"Mar 24, 2026",10,"One of the best games ever made. An incredibly beautiful world- so much to explore and find. 
This game truly encapsulates the sense of wonder of games of old.
Take your time with this game and enjoy every moment it has to offer- there is no wasted time when getting into this world."
the-legend-of-zelda-breath-of-the-wild,"Mar 24, 2026",10,"È un gioco perfetto, la grafica nel 2026 sembra quella di un gioco non curatissimo ma di certo non datato. Gameplay 10, QoL 10, grafica, se contiamo che il gioco sia tanto datato 10"
the-legend-of-zelda-breath-of-the-wild,"May 19, 2026",10,"The Legend of Zelda: Breath of the Wild is, hands down, the best game on the Nintendo Switch. It is totally different from any other Zelda game, featuring a completely open world with barely any boundaries. The controls are seamless, the story is compelling, and the graphics are amazing. If you own a Switch, a Wii U, or a Switch 2, the game is a must-play experience."
the-legend-of-zelda-breath-of-the-wild,"May 6, 2026",9,The game is not all that 97 on metacritic is tooo high the game is not top1 in fiction it's solid 9/10 and that's it
the-legend-of-zelda-breath-of-the-wild,"May 18, 2026",10,"It is an amazing game that still holds up to this day, this is my favorite game of all time nothing feels tedious and the shika slate abilities are amazing."
the-legend-of-zelda-breath-of-the-wild,"May 17, 2026",9,"très différent des différents jeux The Legend of Zelda, avec des armes que l'on récupère sur des ennemis majoritairement, qui se brisent etc. Malgré cet énorme changement dans la licence, le jeu reste incroyable"
the-legend-of-zelda-breath-of-the-wild,"May 17, 2026",9,[SPOILER ALERT: This review contains spoilers.]
the-legend-of-zelda-breath-of-the-wild,"May 17, 2026",10,Juegazo. tal vez el mejor que haya jugado en mi vida. la libertad de jugar sin que te digan a donde ir. la adrenalina de duración de armas. la música. su historia que si me atrapo a punta de recuerdos. es un juego 10/10 recomendado
the-legend-of-zelda-breath-of-the-wild,"May 17, 2026",3,"Surement un des pires jeux que j'ai acheté ...
Le jeu vous lâche au milieux de nul part et ne vous explique pas quoi faire et ou aller . Si vous aimez l'aventure je vous conseille alors Genshin Impact ."
the-legend-of-zelda-breath-of-the-wild,"May 13, 2026",10,"Such an amazing game, amazing graphics for its release and still amazing! I love fighting guardians and lynels. Master Mode makes the game even better!"
the-legend-of-zelda-breath-of-the-wild,"May 12, 2026",10,"A completely new chapter to zelda with open world mechanics and so much to see. A great amount to discover with a decent story and bosses.
A little repetitive at points, but that's just open world and you have to keep it fresh by doing other things.
Basically a must play on the list of top games."
the-legend-of-zelda-breath-of-the-wild,"May 10, 2026",9,"The Legend of Zelda: Breath of the Wild starts off medium‑fast: it doesn’t throw you into the open world immediately, but it does a great job teaching the basics. The tutorial island is tight, clear, and never feels like a boring checklist. By the time you leave the starting point, the game truly opens itself and becomes a reactive, fun, and interesting experience that keeps you engaged from minute one to final credits. A world that wants to be messed with. The sheer amount of things you can interact with is insane.•	You can set fires, cook, craft, experiment with weapons, and watch the world react: rain puts out flames, wind spreads fire, metal conducts electricity, and climbing works everywhere.•	There are tons of recipes, enemy types, sword types, and shields, so you never feel like you’re repeating the same loop.•	Every town and region has its own lore, vibe, and mini‑story, and the side quests are actual stories, not just “kill 10 monsters” spam.•	Easy‑minded enemies throw rocks at you, gang up if there are more of them, and try to flank you.•	Bigger enemies later on are even better, they’ll cover their weakness once you hit them, reposition, and force you to adapt. The characters are interesting and lovely, the towns look great, and the overall story is engaging enough to keep you invested, even when you’re off doing random side stuff. The enemies actually react how you fight them, which makes combat feel smart instead of just mindless.  There are many, many more little tweaks like this, and they make every fight feel like a tiny puzzle instead of a button‑mash. The game has:•	Cold sensor / heat sensor for different biomes,•	Noise sensor where a clanking weapon on your back makes your sneaking louder; unequip that loud sword and suddenly you’re way stealthier. These aren’t just “flavour” details: they’re real gameplay incentives to think about your gear, position, and timing. Want to take out multiple enemies?•	Shoot some fire arrows around them, make them panic, and then clean up the mess.•	The skeleton animations are hilarious! I’m not spoiling it; you just have to experience it yourself. Puzzles that actually feel like Zelda. I’m usually bad at puzzles, but the ones in Breath of the Wild make sense.•	They’re canon‑adjacent, not just “time‑waste” filler.•	They feel like real puzzles, not random busywork, and they’re actually fun to solve.  Resident Evil games could really learn from this: puzzles that match the world and don’t feel like homework. Loot, loot, and more loot The game is packed with loot:•	Weapons to pick up,•	Shields to experiment with,•	Food to cook,•	Items to trade,•	Side quests that feel meaningful. Even after you finish the main story, there’s a ton of content to keep you going. You can keep exploring, crafting, cooking, and doing side quests, and it still feels like you’re discovering something new. Final verdict: 10/10.  This is a fantastic f***king game and truly one of the best games ever. AFTER Beating the game: The game can be very hard, but very balanced if you use everything the game gives you."
the-legend-of-zelda-breath-of-the-wild,"May 8, 2026",10,A must play. Please if you are thinking about playing it. Play it. It is the best game I ever played.
the-legend-of-zelda-breath-of-the-wild,"May 5, 2026",10,"Потрясающая игра тем более для своего времени, очень привлекательная визуальная составляющая заманчивая графика дающая чувство сразу и ностальгия и чувство детства , физика потрясающая можно взаимодействовать почти с каждым предметом , потрясающая игра в которую можно провести просто огромная куча времени видно что разработчики проделали огромную работу по созданию такого супер детального мира отличный эксклюзив 10 из 10 тем более если мы вспоминаем 2017 год"
the-legend-of-zelda-breath-of-the-wild,"May 4, 2026",8,"This was my first Zelda game , so my expectations were high . Actually i like this game but i cant say 'this is the best video game has ever made in that it had more flow than i anticipated . Firstly , enemy variety is not enough . In my 100 hours experince i always fight same enemy types plus game is contain not much boss variety either . After that , game difficulty . i think this topic is controversial but i my opinion game is so basic in everyway . for example shrines i had very high expectations for the shrines so i am dissapointed . we have 5 diffierent ability actually abilities are enough but we are not combinating them . This leads us to keep making the same things over and over . Additionally , ı was bored in the last 10 hours since i had consumed all the bosses therefore i didnt find formidable enemy . Nonethless i think the game is peak . the game provided an exceptionally rewarding experience that kept me thoroughly engaged ."
the-legend-of-zelda-breath-of-the-wild,"Apr 29, 2026",10,"The best open-world game I've ever played. You can't put it down because you keep wanting to go here and do there. The mountains and hills, and the advantage of being at high altitude, just like in real life, are very well thought out. Although Divine Beasts seems structurally repetitive, each game takes place in a different biome. In short, once you start playing, you're faced with a masterpiece that you won't be able to put down and will keep you occupied for hours. I recommend it to everyone."
the-legend-of-zelda-breath-of-the-wild,"Apr 26, 2026",10,Un onde ouvert qui révolutionne le monde ouvert. Un sentiment de liberté dans un monde merveilleux. Graphismes qui vont très bien avec cette licence. A aucun moment je me suis ennuyé tellement l'envie de parcourir la map est présente.
the-legend-of-zelda-breath-of-the-wild,"Apr 26, 2026",10,"Tremendo juegazo lo he jugado mas de mil horas y nunca me aburre, definitivamente el mejor juego de mundo abierto de la historia"
the-legend-of-zelda-breath-of-the-wild,"Apr 25, 2026",9,"This game is system-buying worthy and that’s exactly what happened. I’ve pinned over playing this for 5 years and after finally experiencing it, I’m not disappointed. It’s huge, it's innovative, it's beautiful, it's nostalgic, it's new. Its only downfall is the lack of a story. Zelda titles previously have been at the top tier in storytelling and this story is underbaked and unsatisfying."
the-legend-of-zelda-breath-of-the-wild,"Apr 23, 2026",10,Best zelda game hands down! Everything is amazing buy this game you wont regret it!
the-legend-of-zelda-breath-of-the-wild,"Apr 23, 2026",9,"2017 REVISITED: A REVOLUTION IN FREEDOM: Looking back at 2017, it’s hard to overstate how much this game changed the industry. While other open-world games were obsessed with checklists and map markers, Breath of the Wild gave us a paraglider and told us to ""go."" The true greatness of this game lies in its physics-based chemistry system. Whether you were using a metal sword to attract lightning during a storm or freezing a boulder to launch it at a camp, the game rewarded curiosity in a way that felt truly revolutionary at the time. TECHNICAL PERFORMANCE: AGING WITH GRACE: Does it show its age? Yes. When played today, you’ll notice the 30 FPS cap (granted, there is a switch 2 edition, but it costs money) and the occasional frame dips in dense areas like Korok Forest. However, the art style is so strong that it masks the technical limitations of the original Switch hardware. The painterly, watercolor aesthetic ensures that Hyrule still feels vast and inviting, rather than ""outdated."" It’s a testament to the art direction that a game from 2017 can still stand side-by-side with modern Switch 2 titles without feeling out of place. THE WORLD: A RELEVANT MASTERPIECE: The most surprising thing about playing this today is how relevant it remains. Many games have tried to copy the ""Zelda formula,"" but few capture the same sense of lonely, quiet exploration. The lack of a constant music track—replaced by the sounds of wind and grass—makes the world feel alive and ""lived-in."" Even with its sequel out in the world, the original journey of Link waking up in the Shrine of Resurrection still carries a weight and a simplicity that is unmatched. THE DURABILITY DILEMMA: If there is one thing that frustrates me the most in this game, it’s definitely the weapon durability system. While it encourages you to try new gear, it can still feel frustrating to have a legendary weapon shatter after a single encounter. It creates a ""hoarding"" mentality that sometimes clashes with the game’s otherwise perfect sense of freedom. PROS: Unrivaled sense of exploration and freedom. Timeless art style that still looks beautiful today. The ""Chemistry Engine"" allows for insane player creativity. CONS: Divisive weapon durability system.Occasional frame rate stutters in busy environments. THE FINAL VERDICT: 9/10: In 2017, this game was a 10/10. Today, it remains a near-perfect 9/10. It is a technical marvel of its time that has aged with incredible grace. Even with newer titles pushing hardware further, the original ""Breath"" remains an essential, quiet, and breathtaking journey that every gamer should experience at least once."
the-legend-of-zelda-breath-of-the-wild,"Apr 19, 2026",10,"One of the greatest games of all time, the freedom I experienced when playing this game for the first time was unbelievable. The individuality of every playthrough makes it one of the most replayable games out there."
the-legend-of-zelda-breath-of-the-wild,"Oct 29, 2025",10,"At first I was a bit bored from this game. The starting area is a bit tedious. But then it became super fun and addicting - exploring the different areas of the map, not knowing what you will find makes you want to keep playing the game. The shrines are neat puzzles, some of which really test your problem solving skills.

The combat is descent. I like how you can get better by learning to parry and flurry rush, but it can get repetitive a bit boring after like 50 hoursm but exploring is the thing that makes the game a masterpiece so it isn't a problem. Plus there are many different weapons with different natural abilities (fire, ice...) that make it more interesting.

The story is intriguing and you help figure stuff out by finding memories (which you access by playing like geoguessr which is fun). The characters can be a bit goofy and have intereseting things to say.

The quest are ok I guess. Some are very hard to figure out so you will probably need to look them up on youtube.

The only thing I genuinely don't like is that there isn't a big variety in enemies. There are only 3-4 enemy types in the different zones and it does get a bit dull, but as I said combat is not the main part of the game (it does play a hue big, but exploration is number 1)."
the-legend-of-zelda-breath-of-the-wild,"Apr 17, 2026",10,"Melhor jogo que eu joguei na minha vida! Nunca tinha jogado nada do universo Zelda. Porém, fiquei totalmente fascinado."
the-legend-of-zelda-breath-of-the-wild,"Jul 4, 2025",10,Il miglior gioco del mondo insieme a rdr2. Grafica ottima e storia bella. Incredibile.
the-legend-of-zelda-breath-of-the-wild,"Apr 16, 2026",10,"Prawdziwy powiew świeżości w grach video.
The Legend of Zelda: Breath of the Wild przywraca na nowo radość z grania."
the-legend-of-zelda-breath-of-the-wild,"Apr 16, 2026",10,a really nice game with cool graphics and a very interesting story and good controls
the-legend-of-zelda-breath-of-the-wild,"Apr 14, 2026",10,"Este juego me marcó demasiado, es de esos juegos que cuando necesitas desconectar de la vida diaria, está ahí para poder apoyarte en el y disfrutarlo como si no hubiera un mañana. El juego para mí podría ser mejorable en algunos aspectos, pero muy pocos, porque en general me parece sublime y le tengo un inmenso cariño. Gracias Nintendo por crear este tipo de joyas."
the-legend-of-zelda-breath-of-the-wild,"Apr 14, 2026",10,"Легенда Зельди найчудовіша гра на світч персонально для мене, мила, красива по своєму. Бойовка, на справді, легка, але для мене як для новачка світу консолей було складнувато."
the-legend-of-zelda-breath-of-the-wild,"Apr 12, 2026",10,"Jeśli ktoś szuka sandboxa na ponad 100h, must have!
Jeśli ktoś nie lubi eksploracji i sandboxowych otwartych światów, to raczej się odbije...

Kontekst: Zelda w klimacie post-apo, dostajemy duży otwarty świat który po przejściu dobrze tłumaczącego mechaniki prologu (nie prowadzi za rączkę jak typowe AAA) praktycznie cały stoi przed nami otworem, fabuła jest tylko tłem ale dobrze nakreśla cel i daje motywację do gry.
Gameplay: gra nie wprowadza niczego całkowicie nowego, ale łączy w idealny sposób wiele znanych mechanik. Eksploracja jest genialnie zrealizowana, jeśli tylko pozwoli nam na to poziom staminy i nasze umiejętności jesteśmy w stanie dostać się wszędzie gdzie tylko zechcemy, świat jest wystarczający duży żeby móc na spokojnie eksplorować i poczuć klimat podróży, ale jednocześnie nie jest pusty, jeśli coś przykuje naszą uwagę, to najprawdopodobniej coś ciekawego tam znajdziemy. System walki jest prosty, ale satysfakcjonujący, a przez mnogość sposobów na eliminowanie przeciwników nie nudzi nawet pod koniec gry, tak na prawdę najgorsze walki to te z bossami, bo tam mamy ograniczoną przestrzeń i często wymuszony sposób walki. Mamy tu system niszczenia się broni, który wymusza na nas ciągłe zmienianie naszego rynsztunku i szukanie nowych broni, dzięki temu nawet jeśli znajdziemy na początku gry silny miecz, nie przejdziemy nim całej gry. Gra oferuje też wiele pomniejszych mechanik, takich jak jedzenie, temperatura, wspinaczka, latanie na lotni, moce które dostajemy w prologu, czy wierzchowce. 
Grafika i dźwięk: styl artystyczny doprze pasuje do gry, buduje klimat, udźwiękowienie też jest na najwyższym poziomie, z jedną wadą... praktycznie w grze nie uświadczymy dubbingu. Muzyka jak chyba w każdej zeldzie jest na bardzo wysokim poziomie i świetnie wpasowuje się w to gdzie jesteśmy i co aktualnie dzieje się na ekranie. Nie ma co ukrywać że gra momentami nie zachwyca szczegółowością tekstur czy rozdzielczością, ale to kwestia przestarzałej konsoli i na szczęście wersja na switch 2 eliminuje wszystkie te niedociągnięcia.
Wydajność/optymalizacja: Gra jest świetnie zoptymalizowana, wyciska z pierwszego pstryczka 100%, momentami zdarzają się chrupnięcia, czasy ładowania na pierwszym switch'u też nie są najkrótsze, ale nadal gra się przyjemnie, a nawet lekkie ścinki nie zaburzają gry i nie irytują, jest to na prawdę solidny port z WII'U. 
Najważniejsze + i -
+ Eksploracja!
+ Brak prowadzenia za rączkę
+ Ogrom aktywności w świecie gry
- Walki z bossami
- brak dubbingu...
Podsumowując, jest to gra która na pewno nie trafi do każdego, stawia na kreatywność gracza, eksploracje i sandboxowość, jeśli ktoś nie lubi takich sandboxowych otwartych światów i po prostu chce przebiec przez fabułę, jasne, można, ale w takim wypadku raczej nie polecam, ale dla graczy takich jak ja, którzy szukają dużego otwartego sandboxa nie prowadzącego za rączkę jest to tytuł obowiązkowy, obiektywnie gra ma niedociągnięcia, braki i nie jest idealna, więc na pewno nie zasługuje na 10/10, a raczej na solidne 8,5/10, ale dla mnie osobiście, to aktualnie najlepsza gra w jaką kiedykolwiek grałem!"
the-legend-of-zelda-breath-of-the-wild,"Apr 13, 2026",10,"Legend of Zelda: Breath of the Wild is by far the greatest open world game of all time, rivaling games like Skyrim and Ghost of Tsushima. Gameplay wise, you could spend 1000 hours in BotW and still not find every Korok Seed, Shrine, or shop. Its no wonder why this is the highest rated video game ever. All acclaim that this game receives is deserved. One of my favorite games of all time."
the-legend-of-zelda-breath-of-the-wild,"Apr 9, 2026",10,This game changed they way we look at games and experience them. The game evolves around the players no matter which way you choose while enjoying perfect mechanics and the most atmospheric scenery. All this is put together in simple but sophisticated way.
the-legend-of-zelda-breath-of-the-wild,"Apr 6, 2026",10,Honnestly this game changed the whole gaming industry forever its criminal to rate it below 10
the-legend-of-zelda-breath-of-the-wild,"Apr 5, 2026",10,"The best game I ever played. No game has that much freedom at all. The feeling when you step out of the shrine of living is amazing. And yet nearly 8 years later I still play this game. The Freedom to go wherever you want whenever you want is so good. The Story is perfect and you learn time after time the things you need to progress further
All in all is it the best game in the world of games"
the-legend-of-zelda-breath-of-the-wild,"Apr 5, 2026",10,Despite not being a perfect game (Tears would make it slightly better) it is almost perfect the world and how everything interacts is awesome. The best open world released still in 2026.
the-legend-of-zelda-breath-of-the-wild,"Apr 5, 2026",10,"An Amazing game with great graphics, open world area and repetitive gameplay that you can enjoy all the time, there are some flaws like the weapon durability system but overall it's amazing."
the-legend-of-zelda-breath-of-the-wild,"Apr 1, 2026",10,[SPOILER ALERT: This review contains spoilers.]
the-legend-of-zelda-breath-of-the-wild,"Mar 29, 2026",7,"cute, interesting world to discover, some parts are very underutilized and the shrine thing that you have to learn skills in those **** massive balls. The story was kinda whatever but it was a fun playthrough. 50 hours is **** mental however, and the end bossfight was way too easy in comparison to the other bossfights you had to do. A few parts of this game was a bit underwhelming but other than that it is a pretty solid one if you are into this kind of stuff."
the-legend-of-zelda-breath-of-the-wild,"Apr 2, 2026",10,"Ho giocato questo gioco tempo fa, e dopo aver giocato titoli famosi come Rdr2, TLOU 1/2, Ghost of Tsushima e tanti altri, questo rimane per me sempre in cima alla lista, per le tante cose da fare nel mondo open world e anche per una trama bellissima. La cosa fantastica di questo gioco è che la storia principale dura poco, ma è la voglia di scoprire ed esplorare che la fa allungare di tantissime ore."
the-legend-of-zelda-breath-of-the-wild,"Apr 2, 2026",10,"Candidate for my favourite game of all time. 

This game had multiple moments in which it took me back to the feeling of being a little kid experiencing the wonder of video games for the first time again."
the-legend-of-zelda-breath-of-the-wild,"Apr 1, 2026",9,"The most ""Open world"" open world an open world game can get without being too much, the exploration is great but not overwhelming."
the-legend-of-zelda-breath-of-the-wild,"Apr 1, 2026",10,[SPOILER ALERT: This review contains spoilers.]
the-legend-of-zelda-breath-of-the-wild,"Apr 1, 2026",9,"A complete masterpiece, Nintendo's second best (after TotK). It is a revolutionary game where you can explore a huge free world. The game is almost perfect but there is one problem: you cannot do anything with the drops from monsters and that is why TotK is better, they fixed it..."
the-legend-of-zelda-breath-of-the-wild,"Apr 1, 2026",10,"juegazo lo jugue con 15 años y lo seguire jugando igual, cada parte del mapa explorable es una belleza muy buen juego hoy con 22 años entiendo lo que fue para mi infancia y lo que sigue siendo es una obra maestra"
the-legend-of-zelda-breath-of-the-wild,"Mar 31, 2026",10,"Zelda: Breath of the Wild (9.9/10) is a masterclass in open-world design. Every corner of Hyrule feels alive, with physics-driven puzzles, dynamic weather, and stunning vistas. The freedom to explore, experiment, and approach challenges your way is unparalleled. Combat is satisfying, shrines are clever, and the story, though subtle, resonates. A breathtaking adventure that sets a new standard for gaming."
the-legend-of-zelda-breath-of-the-wild,"Mar 28, 2026",7,"The Legend of Zelda: Breath of The Wild has a wonderful open world and engaging concept for a story, but struggles to tell that story in a satisfying way and the player will spend more time doing tedious chores than adventuring."
the-legend-of-zelda-breath-of-the-wild,"Mar 28, 2026",10,"I simply love the exploration and setting of this game; the soundtrack and art direction drive me crazy. Needless to say, the freedom this game gives you is insane. Without a doubt, one of my favorites."
the-legend-of-zelda-breath-of-the-wild,"Mar 28, 2026",10,Uno de los mejores videojuegos que he jugado en mi vida. No hay palabras suficientes para describir todo lo que he podido vivir y sentir. Un imprescindible.
the-legend-of-zelda-breath-of-the-wild,"Mar 27, 2026",10,"Absolute masterpiece! The first game I played on switch! Open world, many things to explore and of course the following saying applies perfectly onto this game: Life is about the journey, not the destination. You're in a vast unknown world, you can go everywhere your eyes can see. Wherever you go there will be something to obtain, from completing a quest, or just getting a korok seed. The artwork is beautiful, the music is relaxing. It's not about rushing to complete this game. It's about exploring, picking a direction and just heading that way and whatever happens. I really wish i could forget this game and experience it once again from scratch. 10/10"
the-legend-of-zelda-breath-of-the-wild,"Mar 25, 2026",10,Este es sin duda alguna mi videojuego favorito con diferencia nunca me había encontrado con un juego tan hermoso y épico tal vez hable desde el amor que le tengo a esta saga pero no puedo dejar de decir lo mucho que amo este juego yo creo que nunca voy a encontrar un juego que me guste más que este
the-legend-of-zelda-breath-of-the-wild,"Mar 24, 2026",10,"One of the best games ever made. An incredibly beautiful world- so much to explore and find. 
This game truly encapsulates the sense of wonder of games of old.
Take your time with this game and enjoy every moment it has to offer- there is no wasted time when getting into this world."
the-legend-of-zelda-breath-of-the-wild,"Mar 24, 2026",10,"È un gioco perfetto, la grafica nel 2026 sembra quella di un gioco non curatissimo ma di certo non datato. Gameplay 10, QoL 10, grafica, se contiamo che il gioco sia tanto datato 10"
the-legend-of-zelda-breath-of-the-wild,"May 19, 2026",10,"The Legend of Zelda: Breath of the Wild is, hands down, the best game on the Nintendo Switch. It is totally different from any other Zelda game, featuring a completely open world with barely any boundaries. The controls are seamless, the story is compelling, and the graphics are amazing. If you own a Switch, a Wii U, or a Switch 2, the game is a must-play experience."
the-legend-of-zelda-breath-of-the-wild,"May 6, 2026",9,The game is not all that 97 on metacritic is tooo high the game is not top1 in fiction it's solid 9/10 and that's it
the-legend-of-zelda-breath-of-the-wild,"May 18, 2026",10,"It is an amazing game that still holds up to this day, this is my favorite game of all time nothing feels tedious and the shika slate abilities are amazing."
the-legend-of-zelda-breath-of-the-wild,"May 17, 2026",9,"très différent des différents jeux The Legend of Zelda, avec des armes que l'on récupère sur des ennemis majoritairement, qui se brisent etc. Malgré cet énorme changement dans la licence, le jeu reste incroyable"
the-legend-of-zelda-breath-of-the-wild,"May 17, 2026",9,[SPOILER ALERT: This review contains spoilers.]
the-legend-of-zelda-breath-of-the-wild,"May 17, 2026",10,Juegazo. tal vez el mejor que haya jugado en mi vida. la libertad de jugar sin que te digan a donde ir. la adrenalina de duración de armas. la música. su historia que si me atrapo a punta de recuerdos. es un juego 10/10 recomendado
the-legend-of-zelda-breath-of-the-wild,"May 17, 2026",3,"Surement un des pires jeux que j'ai acheté ...
Le jeu vous lâche au milieux de nul part et ne vous explique pas quoi faire et ou aller . Si vous aimez l'aventure je vous conseille alors Genshin Impact ."
the-legend-of-zelda-breath-of-the-wild,"May 13, 2026",10,"Such an amazing game, amazing graphics for its release and still amazing! I love fighting guardians and lynels. Master Mode makes the game even better!"
the-legend-of-zelda-breath-of-the-wild,"May 12, 2026",10,"A completely new chapter to zelda with open world mechanics and so much to see. A great amount to discover with a decent story and bosses.
A little repetitive at points, but that's just open world and you have to keep it fresh by doing other things.
Basically a must play on the list of top games."
the-legend-of-zelda-breath-of-the-wild,"May 10, 2026",9,"The Legend of Zelda: Breath of the Wild starts off medium‑fast: it doesn’t throw you into the open world immediately, but it does a great job teaching the basics. The tutorial island is tight, clear, and never feels like a boring checklist. By the time you leave the starting point, the game truly opens itself and becomes a reactive, fun, and interesting experience that keeps you engaged from minute one to final credits. A world that wants to be messed with. The sheer amount of things you can interact with is insane.•	You can set fires, cook, craft, experiment with weapons, and watch the world react: rain puts out flames, wind spreads fire, metal conducts electricity, and climbing works everywhere.•	There are tons of recipes, enemy types, sword types, and shields, so you never feel like you’re repeating the same loop.•	Every town and region has its own lore, vibe, and mini‑story, and the side quests are actual stories, not just “kill 10 monsters” spam.•	Easy‑minded enemies throw rocks at you, gang up if there are more of them, and try to flank you.•	Bigger enemies later on are even better, they’ll cover their weakness once you hit them, reposition, and force you to adapt. The characters are interesting and lovely, the towns look great, and the overall story is engaging enough to keep you invested, even when you’re off doing random side stuff. The enemies actually react how you fight them, which makes combat feel smart instead of just mindless.  There are many, many more little tweaks like this, and they make every fight feel like a tiny puzzle instead of a button‑mash. The game has:•	Cold sensor / heat sensor for different biomes,•	Noise sensor where a clanking weapon on your back makes your sneaking louder; unequip that loud sword and suddenly you’re way stealthier. These aren’t just “flavour” details: they’re real gameplay incentives to think about your gear, position, and timing. Want to take out multiple enemies?•	Shoot some fire arrows around them, make them panic, and then clean up the mess.•	The skeleton animations are hilarious! I’m not spoiling it; you just have to experience it yourself. Puzzles that actually feel like Zelda. I’m usually bad at puzzles, but the ones in Breath of the Wild make sense.•	They’re canon‑adjacent, not just “time‑waste” filler.•	They feel like real puzzles, not random busywork, and they’re actually fun to solve.  Resident Evil games could really learn from this: puzzles that match the world and don’t feel like homework. Loot, loot, and more loot The game is packed with loot:•	Weapons to pick up,•	Shields to experiment with,•	Food to cook,•	Items to trade,•	Side quests that feel meaningful. Even after you finish the main story, there’s a ton of content to keep you going. You can keep exploring, crafting, cooking, and doing side quests, and it still feels like you’re discovering something new. Final verdict: 10/10.  This is a fantastic f***king game and truly one of the best games ever. AFTER Beating the game: The game can be very hard, but very balanced if you use everything the game gives you."
the-legend-of-zelda-breath-of-the-wild,"May 8, 2026",10,A must play. Please if you are thinking about playing it. Play it. It is the best game I ever played.
the-legend-of-zelda-breath-of-the-wild,"May 5, 2026",10,"Потрясающая игра тем более для своего времени, очень привлекательная визуальная составляющая заманчивая графика дающая чувство сразу и ностальгия и чувство детства , физика потрясающая можно взаимодействовать почти с каждым предметом , потрясающая игра в которую можно провести просто огромная куча времени видно что разработчики проделали огромную работу по созданию такого супер детального мира отличный эксклюзив 10 из 10 тем более если мы вспоминаем 2017 год"
the-legend-of-zelda-breath-of-the-wild,"May 4, 2026",8,"This was my first Zelda game , so my expectations were high . Actually i like this game but i cant say 'this is the best video game has ever made in that it had more flow than i anticipated . Firstly , enemy variety is not enough . In my 100 hours experince i always fight same enemy types plus game is contain not much boss variety either . After that , game difficulty . i think this topic is controversial but i my opinion game is so basic in everyway . for example shrines i had very high expectations for the shrines so i am dissapointed . we have 5 diffierent ability actually abilities are enough but we are not combinating them . This leads us to keep making the same things over and over . Additionally , ı was bored in the last 10 hours since i had consumed all the bosses therefore i didnt find formidable enemy . Nonethless i think the game is peak . the game provided an exceptionally rewarding experience that kept me thoroughly engaged ."
the-legend-of-zelda-breath-of-the-wild,"Apr 29, 2026",10,"The best open-world game I've ever played. You can't put it down because you keep wanting to go here and do there. The mountains and hills, and the advantage of being at high altitude, just like in real life, are very well thought out. Although Divine Beasts seems structurally repetitive, each game takes place in a different biome. In short, once you start playing, you're faced with a masterpiece that you won't be able to put down and will keep you occupied for hours. I recommend it to everyone."
the-legend-of-zelda-breath-of-the-wild,"Apr 26, 2026",10,Un onde ouvert qui révolutionne le monde ouvert. Un sentiment de liberté dans un monde merveilleux. Graphismes qui vont très bien avec cette licence. A aucun moment je me suis ennuyé tellement l'envie de parcourir la map est présente.
the-legend-of-zelda-breath-of-the-wild,"Apr 26, 2026",10,"Tremendo juegazo lo he jugado mas de mil horas y nunca me aburre, definitivamente el mejor juego de mundo abierto de la historia"
the-legend-of-zelda-breath-of-the-wild,"Apr 25, 2026",9,"This game is system-buying worthy and that’s exactly what happened. I’ve pinned over playing this for 5 years and after finally experiencing it, I’m not disappointed. It’s huge, it's innovative, it's beautiful, it's nostalgic, it's new. Its only downfall is the lack of a story. Zelda titles previously have been at the top tier in storytelling and this story is underbaked and unsatisfying."
the-legend-of-zelda-breath-of-the-wild,"Apr 23, 2026",10,Best zelda game hands down! Everything is amazing buy this game you wont regret it!
the-legend-of-zelda-breath-of-the-wild,"Apr 23, 2026",9,"2017 REVISITED: A REVOLUTION IN FREEDOM: Looking back at 2017, it’s hard to overstate how much this game changed the industry. While other open-world games were obsessed with checklists and map markers, Breath of the Wild gave us a paraglider and told us to ""go."" The true greatness of this game lies in its physics-based chemistry system. Whether you were using a metal sword to attract lightning during a storm or freezing a boulder to launch it at a camp, the game rewarded curiosity in a way that felt truly revolutionary at the time. TECHNICAL PERFORMANCE: AGING WITH GRACE: Does it show its age? Yes. When played today, you’ll notice the 30 FPS cap (granted, there is a switch 2 edition, but it costs money) and the occasional frame dips in dense areas like Korok Forest. However, the art style is so strong that it masks the technical limitations of the original Switch hardware. The painterly, watercolor aesthetic ensures that Hyrule still feels vast and inviting, rather than ""outdated."" It’s a testament to the art direction that a game from 2017 can still stand side-by-side with modern Switch 2 titles without feeling out of place. THE WORLD: A RELEVANT MASTERPIECE: The most surprising thing about playing this today is how relevant it remains. Many games have tried to copy the ""Zelda formula,"" but few capture the same sense of lonely, quiet exploration. The lack of a constant music track—replaced by the sounds of wind and grass—makes the world feel alive and ""lived-in."" Even with its sequel out in the world, the original journey of Link waking up in the Shrine of Resurrection still carries a weight and a simplicity that is unmatched. THE DURABILITY DILEMMA: If there is one thing that frustrates me the most in this game, it’s definitely the weapon durability system. While it encourages you to try new gear, it can still feel frustrating to have a legendary weapon shatter after a single encounter. It creates a ""hoarding"" mentality that sometimes clashes with the game’s otherwise perfect sense of freedom. PROS: Unrivaled sense of exploration and freedom. Timeless art style that still looks beautiful today. The ""Chemistry Engine"" allows for insane player creativity. CONS: Divisive weapon durability system.Occasional frame rate stutters in busy environments. THE FINAL VERDICT: 9/10: In 2017, this game was a 10/10. Today, it remains a near-perfect 9/10. It is a technical marvel of its time that has aged with incredible grace. Even with newer titles pushing hardware further, the original ""Breath"" remains an essential, quiet, and breathtaking journey that every gamer should experience at least once."
the-legend-of-zelda-breath-of-the-wild,"Apr 19, 2026",10,"One of the greatest games of all time, the freedom I experienced when playing this game for the first time was unbelievable. The individuality of every playthrough makes it one of the most replayable games out there."
the-legend-of-zelda-breath-of-the-wild,"Oct 29, 2025",10,"At first I was a bit bored from this game. The starting area is a bit tedious. But then it became super fun and addicting - exploring the different areas of the map, not knowing what you will find makes you want to keep playing the game. The shrines are neat puzzles, some of which really test your problem solving skills.

The combat is descent. I like how you can get better by learning to parry and flurry rush, but it can get repetitive a bit boring after like 50 hoursm but exploring is the thing that makes the game a masterpiece so it isn't a problem. Plus there are many different weapons with different natural abilities (fire, ice...) that make it more interesting.

The story is intriguing and you help figure stuff out by finding memories (which you access by playing like geoguessr which is fun). The characters can be a bit goofy and have intereseting things to say.

The quest are ok I guess. Some are very hard to figure out so you will probably need to look them up on youtube.

The only thing I genuinely don't like is that there isn't a big variety in enemies. There are only 3-4 enemy types in the different zones and it does get a bit dull, but as I said combat is not the main part of the game (it does play a hue big, but exploration is number 1)."
the-legend-of-zelda-breath-of-the-wild,"Apr 17, 2026",10,"Melhor jogo que eu joguei na minha vida! Nunca tinha jogado nada do universo Zelda. Porém, fiquei totalmente fascinado."
the-legend-of-zelda-breath-of-the-wild,"Jul 4, 2025",10,Il miglior gioco del mondo insieme a rdr2. Grafica ottima e storia bella. Incredibile.
the-legend-of-zelda-breath-of-the-wild,"Apr 16, 2026",10,"Prawdziwy powiew świeżości w grach video.
The Legend of Zelda: Breath of the Wild przywraca na nowo radość z grania."
the-legend-of-zelda-breath-of-the-wild,"Apr 16, 2026",10,a really nice game with cool graphics and a very interesting story and good controls
the-legend-of-zelda-breath-of-the-wild,"Apr 14, 2026",10,"Este juego me marcó demasiado, es de esos juegos que cuando necesitas desconectar de la vida diaria, está ahí para poder apoyarte en el y disfrutarlo como si no hubiera un mañana. El juego para mí podría ser mejorable en algunos aspectos, pero muy pocos, porque en general me parece sublime y le tengo un inmenso cariño. Gracias Nintendo por crear este tipo de joyas."
the-legend-of-zelda-breath-of-the-wild,"Apr 14, 2026",10,"Легенда Зельди найчудовіша гра на світч персонально для мене, мила, красива по своєму. Бойовка, на справді, легка, але для мене як для новачка світу консолей було складнувато."
the-legend-of-zelda-breath-of-the-wild,"Apr 12, 2026",10,"Jeśli ktoś szuka sandboxa na ponad 100h, must have!
Jeśli ktoś nie lubi eksploracji i sandboxowych otwartych światów, to raczej się odbije...

Kontekst: Zelda w klimacie post-apo, dostajemy duży otwarty świat który po przejściu dobrze tłumaczącego mechaniki prologu (nie prowadzi za rączkę jak typowe AAA) praktycznie cały stoi przed nami otworem, fabuła jest tylko tłem ale dobrze nakreśla cel i daje motywację do gry.
Gameplay: gra nie wprowadza niczego całkowicie nowego, ale łączy w idealny sposób wiele znanych mechanik. Eksploracja jest genialnie zrealizowana, jeśli tylko pozwoli nam na to poziom staminy i nasze umiejętności jesteśmy w stanie dostać się wszędzie gdzie tylko zechcemy, świat jest wystarczający duży żeby móc na spokojnie eksplorować i poczuć klimat podróży, ale jednocześnie nie jest pusty, jeśli coś przykuje naszą uwagę, to najprawdopodobniej coś ciekawego tam znajdziemy. System walki jest prosty, ale satysfakcjonujący, a przez mnogość sposobów na eliminowanie przeciwników nie nudzi nawet pod koniec gry, tak na prawdę najgorsze walki to te z bossami, bo tam mamy ograniczoną przestrzeń i często wymuszony sposób walki. Mamy tu system niszczenia się broni, który wymusza na nas ciągłe zmienianie naszego rynsztunku i szukanie nowych broni, dzięki temu nawet jeśli znajdziemy na początku gry silny miecz, nie przejdziemy nim całej gry. Gra oferuje też wiele pomniejszych mechanik, takich jak jedzenie, temperatura, wspinaczka, latanie na lotni, moce które dostajemy w prologu, czy wierzchowce. 
Grafika i dźwięk: styl artystyczny doprze pasuje do gry, buduje klimat, udźwiękowienie też jest na najwyższym poziomie, z jedną wadą... praktycznie w grze nie uświadczymy dubbingu. Muzyka jak chyba w każdej zeldzie jest na bardzo wysokim poziomie i świetnie wpasowuje się w to gdzie jesteśmy i co aktualnie dzieje się na ekranie. Nie ma co ukrywać że gra momentami nie zachwyca szczegółowością tekstur czy rozdzielczością, ale to kwestia przestarzałej konsoli i na szczęście wersja na switch 2 eliminuje wszystkie te niedociągnięcia.
Wydajność/optymalizacja: Gra jest świetnie zoptymalizowana, wyciska z pierwszego pstryczka 100%, momentami zdarzają się chrupnięcia, czasy ładowania na pierwszym switch'u też nie są najkrótsze, ale nadal gra się przyjemnie, a nawet lekkie ścinki nie zaburzają gry i nie irytują, jest to na prawdę solidny port z WII'U. 
Najważniejsze + i -
+ Eksploracja!
+ Brak prowadzenia za rączkę
+ Ogrom aktywności w świecie gry
- Walki z bossami
- brak dubbingu...
Podsumowując, jest to gra która na pewno nie trafi do każdego, stawia na kreatywność gracza, eksploracje i sandboxowość, jeśli ktoś nie lubi takich sandboxowych otwartych światów i po prostu chce przebiec przez fabułę, jasne, można, ale w takim wypadku raczej nie polecam, ale dla graczy takich jak ja, którzy szukają dużego otwartego sandboxa nie prowadzącego za rączkę jest to tytuł obowiązkowy, obiektywnie gra ma niedociągnięcia, braki i nie jest idealna, więc na pewno nie zasługuje na 10/10, a raczej na solidne 8,5/10, ale dla mnie osobiście, to aktualnie najlepsza gra w jaką kiedykolwiek grałem!"
the-legend-of-zelda-breath-of-the-wild,"Apr 13, 2026",10,"Legend of Zelda: Breath of the Wild is by far the greatest open world game of all time, rivaling games like Skyrim and Ghost of Tsushima. Gameplay wise, you could spend 1000 hours in BotW and still not find every Korok Seed, Shrine, or shop. Its no wonder why this is the highest rated video game ever. All acclaim that this game receives is deserved. One of my favorite games of all time."
the-legend-of-zelda-breath-of-the-wild,"Apr 9, 2026",10,This game changed they way we look at games and experience them. The game evolves around the players no matter which way you choose while enjoying perfect mechanics and the most atmospheric scenery. All this is put together in simple but sophisticated way.
the-legend-of-zelda-breath-of-the-wild,"Apr 6, 2026",10,Honnestly this game changed the whole gaming industry forever its criminal to rate it below 10
the-legend-of-zelda-breath-of-the-wild,"Apr 5, 2026",10,"The best game I ever played. No game has that much freedom at all. The feeling when you step out of the shrine of living is amazing. And yet nearly 8 years later I still play this game. The Freedom to go wherever you want whenever you want is so good. The Story is perfect and you learn time after time the things you need to progress further
All in all is it the best game in the world of games"
the-legend-of-zelda-breath-of-the-wild,"Apr 5, 2026",10,Despite not being a perfect game (Tears would make it slightly better) it is almost perfect the world and how everything interacts is awesome. The best open world released still in 2026.
the-legend-of-zelda-breath-of-the-wild,"Apr 5, 2026",10,"An Amazing game with great graphics, open world area and repetitive gameplay that you can enjoy all the time, there are some flaws like the weapon durability system but overall it's amazing."
the-legend-of-zelda-breath-of-the-wild,"Apr 1, 2026",10,[SPOILER ALERT: This review contains spoilers.]
the-legend-of-zelda-breath-of-the-wild,"Mar 29, 2026",7,"cute, interesting world to discover, some parts are very underutilized and the shrine thing that you have to learn skills in those **** massive balls. The story was kinda whatever but it was a fun playthrough. 50 hours is **** mental however, and the end bossfight was way too easy in comparison to the other bossfights you had to do. A few parts of this game was a bit underwhelming but other than that it is a pretty solid one if you are into this kind of stuff."
the-legend-of-zelda-breath-of-the-wild,"Apr 2, 2026",10,"Ho giocato questo gioco tempo fa, e dopo aver giocato titoli famosi come Rdr2, TLOU 1/2, Ghost of Tsushima e tanti altri, questo rimane per me sempre in cima alla lista, per le tante cose da fare nel mondo open world e anche per una trama bellissima. La cosa fantastica di questo gioco è che la storia principale dura poco, ma è la voglia di scoprire ed esplorare che la fa allungare di tantissime ore."
the-legend-of-zelda-breath-of-the-wild,"Apr 2, 2026",10,"Candidate for my favourite game of all time. 

This game had multiple moments in which it took me back to the feeling of being a little kid experiencing the wonder of video games for the first time again."
the-legend-of-zelda-breath-of-the-wild,"Apr 1, 2026",9,"The most ""Open world"" open world an open world game can get without being too much, the exploration is great but not overwhelming."
the-legend-of-zelda-breath-of-the-wild,"Apr 1, 2026",10,[SPOILER ALERT: This review contains spoilers.]
the-legend-of-zelda-breath-of-the-wild,"Apr 1, 2026",9,"A complete masterpiece, Nintendo's second best (after TotK). It is a revolutionary game where you can explore a huge free world. The game is almost perfect but there is one problem: you cannot do anything with the drops from monsters and that is why TotK is better, they fixed it..."
the-legend-of-zelda-breath-of-the-wild,"Apr 1, 2026",10,"juegazo lo jugue con 15 años y lo seguire jugando igual, cada parte del mapa explorable es una belleza muy buen juego hoy con 22 años entiendo lo que fue para mi infancia y lo que sigue siendo es una obra maestra"
the-legend-of-zelda-breath-of-the-wild,"Mar 31, 2026",10,"Zelda: Breath of the Wild (9.9/10) is a masterclass in open-world design. Every corner of Hyrule feels alive, with physics-driven puzzles, dynamic weather, and stunning vistas. The freedom to explore, experiment, and approach challenges your way is unparalleled. Combat is satisfying, shrines are clever, and the story, though subtle, resonates. A breathtaking adventure that sets a new standard for gaming."
the-legend-of-zelda-breath-of-the-wild,"Mar 28, 2026",7,"The Legend of Zelda: Breath of The Wild has a wonderful open world and engaging concept for a story, but struggles to tell that story in a satisfying way and the player will spend more time doing tedious chores than adventuring."
the-legend-of-zelda-breath-of-the-wild,"Mar 28, 2026",10,"I simply love the exploration and setting of this game; the soundtrack and art direction drive me crazy. Needless to say, the freedom this game gives you is insane. Without a doubt, one of my favorites."
the-legend-of-zelda-breath-of-the-wild,"Mar 28, 2026",10,Uno de los mejores videojuegos que he jugado en mi vida. No hay palabras suficientes para describir todo lo que he podido vivir y sentir. Un imprescindible.
the-legend-of-zelda-breath-of-the-wild,"Mar 27, 2026",10,"Absolute masterpiece! The first game I played on switch! Open world, many things to explore and of course the following saying applies perfectly onto this game: Life is about the journey, not the destination. You're in a vast unknown world, you can go everywhere your eyes can see. Wherever you go there will be something to obtain, from completing a quest, or just getting a korok seed. The artwork is beautiful, the music is relaxing. It's not about rushing to complete this game. It's about exploring, picking a direction and just heading that way and whatever happens. I really wish i could forget this game and experience it once again from scratch. 10/10"
the-legend-of-zelda-breath-of-the-wild,"Mar 25, 2026",10,Este es sin duda alguna mi videojuego favorito con diferencia nunca me había encontrado con un juego tan hermoso y épico tal vez hable desde el amor que le tengo a esta saga pero no puedo dejar de decir lo mucho que amo este juego yo creo que nunca voy a encontrar un juego que me guste más que este
the-legend-of-zelda-breath-of-the-wild,"Mar 24, 2026",10,"One of the best games ever made. An incredibly beautiful world- so much to explore and find. 
This game truly encapsulates the sense of wonder of games of old.
Take your time with this game and enjoy every moment it has to offer- there is no wasted time when getting into this world."
the-legend-of-zelda-breath-of-the-wild,"Mar 24, 2026",10,"È un gioco perfetto, la grafica nel 2026 sembra quella di un gioco non curatissimo ma di certo non datato. Gameplay 10, QoL 10, grafica, se contiamo che il gioco sia tanto datato 10"
the-legend-of-zelda-breath-of-the-wild,"May 19, 2026",10,"The Legend of Zelda: Breath of the Wild is, hands down, the best game on the Nintendo Switch. It is totally different from any other Zelda game, featuring a completely open world with barely any boundaries. The controls are seamless, the story is compelling, and the graphics are amazing. If you own a Switch, a Wii U, or a Switch 2, the game is a must-play experience."
the-legend-of-zelda-breath-of-the-wild,"May 6, 2026",9,The game is not all that 97 on metacritic is tooo high the game is not top1 in fiction it's solid 9/10 and that's it
the-legend-of-zelda-breath-of-the-wild,"May 18, 2026",10,"It is an amazing game that still holds up to this day, this is my favorite game of all time nothing feels tedious and the shika slate abilities are amazing."
the-legend-of-zelda-breath-of-the-wild,"May 17, 2026",9,"très différent des différents jeux The Legend of Zelda, avec des armes que l'on récupère sur des ennemis majoritairement, qui se brisent etc. Malgré cet énorme changement dans la licence, le jeu reste incroyable"
the-legend-of-zelda-breath-of-the-wild,"May 17, 2026",9,[SPOILER ALERT: This review contains spoilers.]
the-legend-of-zelda-breath-of-the-wild,"May 17, 2026",10,Juegazo. tal vez el mejor que haya jugado en mi vida. la libertad de jugar sin que te digan a donde ir. la adrenalina de duración de armas. la música. su historia que si me atrapo a punta de recuerdos. es un juego 10/10 recomendado
the-legend-of-zelda-breath-of-the-wild,"May 17, 2026",3,"Surement un des pires jeux que j'ai acheté ...
Le jeu vous lâche au milieux de nul part et ne vous explique pas quoi faire et ou aller . Si vous aimez l'aventure je vous conseille alors Genshin Impact ."
the-legend-of-zelda-breath-of-the-wild,"May 13, 2026",10,"Such an amazing game, amazing graphics for its release and still amazing! I love fighting guardians and lynels. Master Mode makes the game even better!"
the-legend-of-zelda-breath-of-the-wild,"May 12, 2026",10,"A completely new chapter to zelda with open world mechanics and so much to see. A great amount to discover with a decent story and bosses.
A little repetitive at points, but that's just open world and you have to keep it fresh by doing other things.
Basically a must play on the list of top games."
the-legend-of-zelda-breath-of-the-wild,"May 10, 2026",9,"The Legend of Zelda: Breath of the Wild starts off medium‑fast: it doesn’t throw you into the open world immediately, but it does a great job teaching the basics. The tutorial island is tight, clear, and never feels like a boring checklist. By the time you leave the starting point, the game truly opens itself and becomes a reactive, fun, and interesting experience that keeps you engaged from minute one to final credits. A world that wants to be messed with. The sheer amount of things you can interact with is insane.•	You can set fires, cook, craft, experiment with weapons, and watch the world react: rain puts out flames, wind spreads fire, metal conducts electricity, and climbing works everywhere.•	There are tons of recipes, enemy types, sword types, and shields, so you never feel like you’re repeating the same loop.•	Every town and region has its own lore, vibe, and mini‑story, and the side quests are actual stories, not just “kill 10 monsters” spam.•	Easy‑minded enemies throw rocks at you, gang up if there are more of them, and try to flank you.•	Bigger enemies later on are even better, they’ll cover their weakness once you hit them, reposition, and force you to adapt. The characters are interesting and lovely, the towns look great, and the overall story is engaging enough to keep you invested, even when you’re off doing random side stuff. The enemies actually react how you fight them, which makes combat feel smart instead of just mindless.  There are many, many more little tweaks like this, and they make every fight feel like a tiny puzzle instead of a button‑mash. The game has:•	Cold sensor / heat sensor for different biomes,•	Noise sensor where a clanking weapon on your back makes your sneaking louder; unequip that loud sword and suddenly you’re way stealthier. These aren’t just “flavour” details: they’re real gameplay incentives to think about your gear, position, and timing. Want to take out multiple enemies?•	Shoot some fire arrows around them, make them panic, and then clean up the mess.•	The skeleton animations are hilarious! I’m not spoiling it; you just have to experience it yourself. Puzzles that actually feel like Zelda. I’m usually bad at puzzles, but the ones in Breath of the Wild make sense.•	They’re canon‑adjacent, not just “time‑waste” filler.•	They feel like real puzzles, not random busywork, and they’re actually fun to solve.  Resident Evil games could really learn from this: puzzles that match the world and don’t feel like homework. Loot, loot, and more loot The game is packed with loot:•	Weapons to pick up,•	Shields to experiment with,•	Food to cook,•	Items to trade,•	Side quests that feel meaningful. Even after you finish the main story, there’s a ton of content to keep you going. You can keep exploring, crafting, cooking, and doing side quests, and it still feels like you’re discovering something new. Final verdict: 10/10.  This is a fantastic f***king game and truly one of the best games ever. AFTER Beating the game: The game can be very hard, but very balanced if you use everything the game gives you."
the-legend-of-zelda-breath-of-the-wild,"May 8, 2026",10,A must play. Please if you are thinking about playing it. Play it. It is the best game I ever played.
the-legend-of-zelda-breath-of-the-wild,"May 5, 2026",10,"Потрясающая игра тем более для своего времени, очень привлекательная визуальная составляющая заманчивая графика дающая чувство сразу и ностальгия и чувство детства , физика потрясающая можно взаимодействовать почти с каждым предметом , потрясающая игра в которую можно провести просто огромная куча времени видно что разработчики проделали огромную работу по созданию такого супер детального мира отличный эксклюзив 10 из 10 тем более если мы вспоминаем 2017 год"
the-legend-of-zelda-breath-of-the-wild,"May 4, 2026",8,"This was my first Zelda game , so my expectations were high . Actually i like this game but i cant say 'this is the best video game has ever made in that it had more flow than i anticipated . Firstly , enemy variety is not enough . In my 100 hours experince i always fight same enemy types plus game is contain not much boss variety either . After that , game difficulty . i think this topic is controversial but i my opinion game is so basic in everyway . for example shrines i had very high expectations for the shrines so i am dissapointed . we have 5 diffierent ability actually abilities are enough but we are not combinating them . This leads us to keep making the same things over and over . Additionally , ı was bored in the last 10 hours since i had consumed all the bosses therefore i didnt find formidable enemy . Nonethless i think the game is peak . the game provided an exceptionally rewarding experience that kept me thoroughly engaged ."
the-legend-of-zelda-breath-of-the-wild,"Apr 29, 2026",10,"The best open-world game I've ever played. You can't put it down because you keep wanting to go here and do there. The mountains and hills, and the advantage of being at high altitude, just like in real life, are very well thought out. Although Divine Beasts seems structurally repetitive, each game takes place in a different biome. In short, once you start playing, you're faced with a masterpiece that you won't be able to put down and will keep you occupied for hours. I recommend it to everyone."
the-legend-of-zelda-breath-of-the-wild,"Apr 26, 2026",10,Un onde ouvert qui révolutionne le monde ouvert. Un sentiment de liberté dans un monde merveilleux. Graphismes qui vont très bien avec cette licence. A aucun moment je me suis ennuyé tellement l'envie de parcourir la map est présente.
the-legend-of-zelda-breath-of-the-wild,"Apr 26, 2026",10,"Tremendo juegazo lo he jugado mas de mil horas y nunca me aburre, definitivamente el mejor juego de mundo abierto de la historia"
the-legend-of-zelda-breath-of-the-wild,"Apr 25, 2026",9,"This game is system-buying worthy and that’s exactly what happened. I’ve pinned over playing this for 5 years and after finally experiencing it, I’m not disappointed. It’s huge, it's innovative, it's beautiful, it's nostalgic, it's new. Its only downfall is the lack of a story. Zelda titles previously have been at the top tier in storytelling and this story is underbaked and unsatisfying."
the-legend-of-zelda-breath-of-the-wild,"Apr 23, 2026",10,Best zelda game hands down! Everything is amazing buy this game you wont regret it!
the-legend-of-zelda-breath-of-the-wild,"Apr 23, 2026",9,"2017 REVISITED: A REVOLUTION IN FREEDOM: Looking back at 2017, it’s hard to overstate how much this game changed the industry. While other open-world games were obsessed with checklists and map markers, Breath of the Wild gave us a paraglider and told us to ""go."" The true greatness of this game lies in its physics-based chemistry system. Whether you were using a metal sword to attract lightning during a storm or freezing a boulder to launch it at a camp, the game rewarded curiosity in a way that felt truly revolutionary at the time. TECHNICAL PERFORMANCE: AGING WITH GRACE: Does it show its age? Yes. When played today, you’ll notice the 30 FPS cap (granted, there is a switch 2 edition, but it costs money) and the occasional frame dips in dense areas like Korok Forest. However, the art style is so strong that it masks the technical limitations of the original Switch hardware. The painterly, watercolor aesthetic ensures that Hyrule still feels vast and inviting, rather than ""outdated."" It’s a testament to the art direction that a game from 2017 can still stand side-by-side with modern Switch 2 titles without feeling out of place. THE WORLD: A RELEVANT MASTERPIECE: The most surprising thing about playing this today is how relevant it remains. Many games have tried to copy the ""Zelda formula,"" but few capture the same sense of lonely, quiet exploration. The lack of a constant music track—replaced by the sounds of wind and grass—makes the world feel alive and ""lived-in."" Even with its sequel out in the world, the original journey of Link waking up in the Shrine of Resurrection still carries a weight and a simplicity that is unmatched. THE DURABILITY DILEMMA: If there is one thing that frustrates me the most in this game, it’s definitely the weapon durability system. While it encourages you to try new gear, it can still feel frustrating to have a legendary weapon shatter after a single encounter. It creates a ""hoarding"" mentality that sometimes clashes with the game’s otherwise perfect sense of freedom. PROS: Unrivaled sense of exploration and freedom. Timeless art style that still looks beautiful today. The ""Chemistry Engine"" allows for insane player creativity. CONS: Divisive weapon durability system.Occasional frame rate stutters in busy environments. THE FINAL VERDICT: 9/10: In 2017, this game was a 10/10. Today, it remains a near-perfect 9/10. It is a technical marvel of its time that has aged with incredible grace. Even with newer titles pushing hardware further, the original ""Breath"" remains an essential, quiet, and breathtaking journey that every gamer should experience at least once."
the-legend-of-zelda-breath-of-the-wild,"Apr 19, 2026",10,"One of the greatest games of all time, the freedom I experienced when playing this game for the first time was unbelievable. The individuality of every playthrough makes it one of the most replayable games out there."
the-legend-of-zelda-breath-of-the-wild,"Oct 29, 2025",10,"At first I was a bit bored from this game. The starting area is a bit tedious. But then it became super fun and addicting - exploring the different areas of the map, not knowing what you will find makes you want to keep playing the game. The shrines are neat puzzles, some of which really test your problem solving skills.

The combat is descent. I like how you can get better by learning to parry and flurry rush, but it can get repetitive a bit boring after like 50 hoursm but exploring is the thing that makes the game a masterpiece so it isn't a problem. Plus there are many different weapons with different natural abilities (fire, ice...) that make it more interesting.

The story is intriguing and you help figure stuff out by finding memories (which you access by playing like geoguessr which is fun). The characters can be a bit goofy and have intereseting things to say.

The quest are ok I guess. Some are very hard to figure out so you will probably need to look them up on youtube.

The only thing I genuinely don't like is that there isn't a big variety in enemies. There are only 3-4 enemy types in the different zones and it does get a bit dull, but as I said combat is not the main part of the game (it does play a hue big, but exploration is number 1)."
the-legend-of-zelda-breath-of-the-wild,"Apr 17, 2026",10,"Melhor jogo que eu joguei na minha vida! Nunca tinha jogado nada do universo Zelda. Porém, fiquei totalmente fascinado."
the-legend-of-zelda-breath-of-the-wild,"Jul 4, 2025",10,Il miglior gioco del mondo insieme a rdr2. Grafica ottima e storia bella. Incredibile.
the-legend-of-zelda-breath-of-the-wild,"Apr 16, 2026",10,"Prawdziwy powiew świeżości w grach video.
The Legend of Zelda: Breath of the Wild przywraca na nowo radość z grania."
the-legend-of-zelda-breath-of-the-wild,"Apr 16, 2026",10,a really nice game with cool graphics and a very interesting story and good controls
the-legend-of-zelda-breath-of-the-wild,"Apr 14, 2026",10,"Este juego me marcó demasiado, es de esos juegos que cuando necesitas desconectar de la vida diaria, está ahí para poder apoyarte en el y disfrutarlo como si no hubiera un mañana. El juego para mí podría ser mejorable en algunos aspectos, pero muy pocos, porque en general me parece sublime y le tengo un inmenso cariño. Gracias Nintendo por crear este tipo de joyas."
the-legend-of-zelda-breath-of-the-wild,"Apr 14, 2026",10,"Легенда Зельди найчудовіша гра на світч персонально для мене, мила, красива по своєму. Бойовка, на справді, легка, але для мене як для новачка світу консолей було складнувато."
the-legend-of-zelda-breath-of-the-wild,"Apr 12, 2026",10,"Jeśli ktoś szuka sandboxa na ponad 100h, must have!
Jeśli ktoś nie lubi eksploracji i sandboxowych otwartych światów, to raczej się odbije...

Kontekst: Zelda w klimacie post-apo, dostajemy duży otwarty świat który po przejściu dobrze tłumaczącego mechaniki prologu (nie prowadzi za rączkę jak typowe AAA) praktycznie cały stoi przed nami otworem, fabuła jest tylko tłem ale dobrze nakreśla cel i daje motywację do gry.
Gameplay: gra nie wprowadza niczego całkowicie nowego, ale łączy w idealny sposób wiele znanych mechanik. Eksploracja jest genialnie zrealizowana, jeśli tylko pozwoli nam na to poziom staminy i nasze umiejętności jesteśmy w stanie dostać się wszędzie gdzie tylko zechcemy, świat jest wystarczający duży żeby móc na spokojnie eksplorować i poczuć klimat podróży, ale jednocześnie nie jest pusty, jeśli coś przykuje naszą uwagę, to najprawdopodobniej coś ciekawego tam znajdziemy. System walki jest prosty, ale satysfakcjonujący, a przez mnogość sposobów na eliminowanie przeciwników nie nudzi nawet pod koniec gry, tak na prawdę najgorsze walki to te z bossami, bo tam mamy ograniczoną przestrzeń i często wymuszony sposób walki. Mamy tu system niszczenia się broni, który wymusza na nas ciągłe zmienianie naszego rynsztunku i szukanie nowych broni, dzięki temu nawet jeśli znajdziemy na początku gry silny miecz, nie przejdziemy nim całej gry. Gra oferuje też wiele pomniejszych mechanik, takich jak jedzenie, temperatura, wspinaczka, latanie na lotni, moce które dostajemy w prologu, czy wierzchowce. 
Grafika i dźwięk: styl artystyczny doprze pasuje do gry, buduje klimat, udźwiękowienie też jest na najwyższym poziomie, z jedną wadą... praktycznie w grze nie uświadczymy dubbingu. Muzyka jak chyba w każdej zeldzie jest na bardzo wysokim poziomie i świetnie wpasowuje się w to gdzie jesteśmy i co aktualnie dzieje się na ekranie. Nie ma co ukrywać że gra momentami nie zachwyca szczegółowością tekstur czy rozdzielczością, ale to kwestia przestarzałej konsoli i na szczęście wersja na switch 2 eliminuje wszystkie te niedociągnięcia.
Wydajność/optymalizacja: Gra jest świetnie zoptymalizowana, wyciska z pierwszego pstryczka 100%, momentami zdarzają się chrupnięcia, czasy ładowania na pierwszym switch'u też nie są najkrótsze, ale nadal gra się przyjemnie, a nawet lekkie ścinki nie zaburzają gry i nie irytują, jest to na prawdę solidny port z WII'U. 
Najważniejsze + i -
+ Eksploracja!
+ Brak prowadzenia za rączkę
+ Ogrom aktywności w świecie gry
- Walki z bossami
- brak dubbingu...
Podsumowując, jest to gra która na pewno nie trafi do każdego, stawia na kreatywność gracza, eksploracje i sandboxowość, jeśli ktoś nie lubi takich sandboxowych otwartych światów i po prostu chce przebiec przez fabułę, jasne, można, ale w takim wypadku raczej nie polecam, ale dla graczy takich jak ja, którzy szukają dużego otwartego sandboxa nie prowadzącego za rączkę jest to tytuł obowiązkowy, obiektywnie gra ma niedociągnięcia, braki i nie jest idealna, więc na pewno nie zasługuje na 10/10, a raczej na solidne 8,5/10, ale dla mnie osobiście, to aktualnie najlepsza gra w jaką kiedykolwiek grałem!"
the-legend-of-zelda-breath-of-the-wild,"Apr 13, 2026",10,"Legend of Zelda: Breath of the Wild is by far the greatest open world game of all time, rivaling games like Skyrim and Ghost of Tsushima. Gameplay wise, you could spend 1000 hours in BotW and still not find every Korok Seed, Shrine, or shop. Its no wonder why this is the highest rated video game ever. All acclaim that this game receives is deserved. One of my favorite games of all time."
the-legend-of-zelda-breath-of-the-wild,"Apr 9, 2026",10,This game changed they way we look at games and experience them. The game evolves around the players no matter which way you choose while enjoying perfect mechanics and the most atmospheric scenery. All this is put together in simple but sophisticated way.
the-legend-of-zelda-breath-of-the-wild,"Apr 6, 2026",10,Honnestly this game changed the whole gaming industry forever its criminal to rate it below 10
the-legend-of-zelda-breath-of-the-wild,"Apr 5, 2026",10,"The best game I ever played. No game has that much freedom at all. The feeling when you step out of the shrine of living is amazing. And yet nearly 8 years later I still play this game. The Freedom to go wherever you want whenever you want is so good. The Story is perfect and you learn time after time the things you need to progress further
All in all is it the best game in the world of games"
the-legend-of-zelda-breath-of-the-wild,"Apr 5, 2026",10,Despite not being a perfect game (Tears would make it slightly better) it is almost perfect the world and how everything interacts is awesome. The best open world released still in 2026.
the-legend-of-zelda-breath-of-the-wild,"Apr 5, 2026",10,"An Amazing game with great graphics, open world area and repetitive gameplay that you can enjoy all the time, there are some flaws like the weapon durability system but overall it's amazing."
the-legend-of-zelda-breath-of-the-wild,"Apr 1, 2026",10,[SPOILER ALERT: This review contains spoilers.]
the-legend-of-zelda-breath-of-the-wild,"Mar 29, 2026",7,"cute, interesting world to discover, some parts are very underutilized and the shrine thing that you have to learn skills in those **** massive balls. The story was kinda whatever but it was a fun playthrough. 50 hours is **** mental however, and the end bossfight was way too easy in comparison to the other bossfights you had to do. A few parts of this game was a bit underwhelming but other than that it is a pretty solid one if you are into this kind of stuff."
the-legend-of-zelda-breath-of-the-wild,"Apr 2, 2026",10,"Ho giocato questo gioco tempo fa, e dopo aver giocato titoli famosi come Rdr2, TLOU 1/2, Ghost of Tsushima e tanti altri, questo rimane per me sempre in cima alla lista, per le tante cose da fare nel mondo open world e anche per una trama bellissima. La cosa fantastica di questo gioco è che la storia principale dura poco, ma è la voglia di scoprire ed esplorare che la fa allungare di tantissime ore."
the-legend-of-zelda-breath-of-the-wild,"Apr 2, 2026",10,"Candidate for my favourite game of all time. 

This game had multiple moments in which it took me back to the feeling of being a little kid experiencing the wonder of video games for the first time again."
the-legend-of-zelda-breath-of-the-wild,"Apr 1, 2026",9,"The most ""Open world"" open world an open world game can get without being too much, the exploration is great but not overwhelming."
the-legend-of-zelda-breath-of-the-wild,"Apr 1, 2026",10,[SPOILER ALERT: This review contains spoilers.]
the-legend-of-zelda-breath-of-the-wild,"Apr 1, 2026",9,"A complete masterpiece, Nintendo's second best (after TotK). It is a revolutionary game where you can explore a huge free world. The game is almost perfect but there is one problem: you cannot do anything with the drops from monsters and that is why TotK is better, they fixed it..."
the-legend-of-zelda-breath-of-the-wild,"Apr 1, 2026",10,"juegazo lo jugue con 15 años y lo seguire jugando igual, cada parte del mapa explorable es una belleza muy buen juego hoy con 22 años entiendo lo que fue para mi infancia y lo que sigue siendo es una obra maestra"
the-legend-of-zelda-breath-of-the-wild,"Mar 31, 2026",10,"Zelda: Breath of the Wild (9.9/10) is a masterclass in open-world design. Every corner of Hyrule feels alive, with physics-driven puzzles, dynamic weather, and stunning vistas. The freedom to explore, experiment, and approach challenges your way is unparalleled. Combat is satisfying, shrines are clever, and the story, though subtle, resonates. A breathtaking adventure that sets a new standard for gaming."
the-legend-of-zelda-breath-of-the-wild,"Mar 28, 2026",7,"The Legend of Zelda: Breath of The Wild has a wonderful open world and engaging concept for a story, but struggles to tell that story in a satisfying way and the player will spend more time doing tedious chores than adventuring."
the-legend-of-zelda-breath-of-the-wild,"Mar 28, 2026",10,"I simply love the exploration and setting of this game; the soundtrack and art direction drive me crazy. Needless to say, the freedom this game gives you is insane. Without a doubt, one of my favorites."
the-legend-of-zelda-breath-of-the-wild,"Mar 28, 2026",10,Uno de los mejores videojuegos que he jugado en mi vida. No hay palabras suficientes para describir todo lo que he podido vivir y sentir. Un imprescindible.
the-legend-of-zelda-breath-of-the-wild,"Mar 27, 2026",10,"Absolute masterpiece! The first game I played on switch! Open world, many things to explore and of course the following saying applies perfectly onto this game: Life is about the journey, not the destination. You're in a vast unknown world, you can go everywhere your eyes can see. Wherever you go there will be something to obtain, from completing a quest, or just getting a korok seed. The artwork is beautiful, the music is relaxing. It's not about rushing to complete this game. It's about exploring, picking a direction and just heading that way and whatever happens. I really wish i could forget this game and experience it once again from scratch. 10/10"
the-legend-of-zelda-breath-of-the-wild,"Mar 25, 2026",10,Este es sin duda alguna mi videojuego favorito con diferencia nunca me había encontrado con un juego tan hermoso y épico tal vez hable desde el amor que le tengo a esta saga pero no puedo dejar de decir lo mucho que amo este juego yo creo que nunca voy a encontrar un juego que me guste más que este
the-legend-of-zelda-breath-of-the-wild,"Mar 24, 2026",10,"One of the best games ever made. An incredibly beautiful world- so much to explore and find. 
This game truly encapsulates the sense of wonder of games of old.
Take your time with this game and enjoy every moment it has to offer- there is no wasted time when getting into this world."
the-legend-of-zelda-breath-of-the-wild,"Mar 24, 2026",10,"È un gioco perfetto, la grafica nel 2026 sembra quella di un gioco non curatissimo ma di certo non datato. Gameplay 10, QoL 10, grafica, se contiamo che il gioco sia tanto datato 10"
the-legend-of-zelda-breath-of-the-wild,"May 19, 2026",10,"The Legend of Zelda: Breath of the Wild is, hands down, the best game on the Nintendo Switch. It is totally different from any other Zelda game, featuring a completely open world with barely any boundaries. The controls are seamless, the story is compelling, and the graphics are amazing. If you own a Switch, a Wii U, or a Switch 2, the game is a must-play experience."
the-legend-of-zelda-breath-of-the-wild,"May 6, 2026",9,The game is not all that 97 on metacritic is tooo high the game is not top1 in fiction it's solid 9/10 and that's it
the-legend-of-zelda-breath-of-the-wild,"May 18, 2026",10,"It is an amazing game that still holds up to this day, this is my favorite game of all time nothing feels tedious and the shika slate abilities are amazing."
the-legend-of-zelda-breath-of-the-wild,"May 17, 2026",9,"très différent des différents jeux The Legend of Zelda, avec des armes que l'on récupère sur des ennemis majoritairement, qui se brisent etc. Malgré cet énorme changement dans la licence, le jeu reste incroyable"
the-legend-of-zelda-breath-of-the-wild,"May 17, 2026",9,[SPOILER ALERT: This review contains spoilers.]
the-legend-of-zelda-breath-of-the-wild,"May 17, 2026",10,Juegazo. tal vez el mejor que haya jugado en mi vida. la libertad de jugar sin que te digan a donde ir. la adrenalina de duración de armas. la música. su historia que si me atrapo a punta de recuerdos. es un juego 10/10 recomendado
the-legend-of-zelda-breath-of-the-wild,"May 17, 2026",3,"Surement un des pires jeux que j'ai acheté ...
Le jeu vous lâche au milieux de nul part et ne vous explique pas quoi faire et ou aller . Si vous aimez l'aventure je vous conseille alors Genshin Impact ."
the-legend-of-zelda-breath-of-the-wild,"May 13, 2026",10,"Such an amazing game, amazing graphics for its release and still amazing! I love fighting guardians and lynels. Master Mode makes the game even better!"
the-legend-of-zelda-breath-of-the-wild,"May 12, 2026",10,"A completely new chapter to zelda with open world mechanics and so much to see. A great amount to discover with a decent story and bosses.
A little repetitive at points, but that's just open world and you have to keep it fresh by doing other things.
Basically a must play on the list of top games."
the-legend-of-zelda-breath-of-the-wild,"May 10, 2026",9,"The Legend of Zelda: Breath of the Wild starts off medium‑fast: it doesn’t throw you into the open world immediately, but it does a great job teaching the basics. The tutorial island is tight, clear, and never feels like a boring checklist. By the time you leave the starting point, the game truly opens itself and becomes a reactive, fun, and interesting experience that keeps you engaged from minute one to final credits. A world that wants to be messed with. The sheer amount of things you can interact with is insane.•	You can set fires, cook, craft, experiment with weapons, and watch the world react: rain puts out flames, wind spreads fire, metal conducts electricity, and climbing works everywhere.•	There are tons of recipes, enemy types, sword types, and shields, so you never feel like you’re repeating the same loop.•	Every town and region has its own lore, vibe, and mini‑story, and the side quests are actual stories, not just “kill 10 monsters” spam.•	Easy‑minded enemies throw rocks at you, gang up if there are more of them, and try to flank you.•	Bigger enemies later on are even better, they’ll cover their weakness once you hit them, reposition, and force you to adapt. The characters are interesting and lovely, the towns look great, and the overall story is engaging enough to keep you invested, even when you’re off doing random side stuff. The enemies actually react how you fight them, which makes combat feel smart instead of just mindless.  There are many, many more little tweaks like this, and they make every fight feel like a tiny puzzle instead of a button‑mash. The game has:•	Cold sensor / heat sensor for different biomes,•	Noise sensor where a clanking weapon on your back makes your sneaking louder; unequip that loud sword and suddenly you’re way stealthier. These aren’t just “flavour” details: they’re real gameplay incentives to think about your gear, position, and timing. Want to take out multiple enemies?•	Shoot some fire arrows around them, make them panic, and then clean up the mess.•	The skeleton animations are hilarious! I’m not spoiling it; you just have to experience it yourself. Puzzles that actually feel like Zelda. I’m usually bad at puzzles, but the ones in Breath of the Wild make sense.•	They’re canon‑adjacent, not just “time‑waste” filler.•	They feel like real puzzles, not random busywork, and they’re actually fun to solve.  Resident Evil games could really learn from this: puzzles that match the world and don’t feel like homework. Loot, loot, and more loot The game is packed with loot:•	Weapons to pick up,•	Shields to experiment with,•	Food to cook,•	Items to trade,•	Side quests that feel meaningful. Even after you finish the main story, there’s a ton of content to keep you going. You can keep exploring, crafting, cooking, and doing side quests, and it still feels like you’re discovering something new. Final verdict: 10/10.  This is a fantastic f***king game and truly one of the best games ever. AFTER Beating the game: The game can be very hard, but very balanced if you use everything the game gives you."
the-legend-of-zelda-breath-of-the-wild,"May 8, 2026",10,A must play. Please if you are thinking about playing it. Play it. It is the best game I ever played.
the-legend-of-zelda-breath-of-the-wild,"May 5, 2026",10,"Потрясающая игра тем более для своего времени, очень привлекательная визуальная составляющая заманчивая графика дающая чувство сразу и ностальгия и чувство детства , физика потрясающая можно взаимодействовать почти с каждым предметом , потрясающая игра в которую можно провести просто огромная куча времени видно что разработчики проделали огромную работу по созданию такого супер детального мира отличный эксклюзив 10 из 10 тем более если мы вспоминаем 2017 год"
the-legend-of-zelda-breath-of-the-wild,"May 4, 2026",8,"This was my first Zelda game , so my expectations were high . Actually i like this game but i cant say 'this is the best video game has ever made in that it had more flow than i anticipated . Firstly , enemy variety is not enough . In my 100 hours experince i always fight same enemy types plus game is contain not much boss variety either . After that , game difficulty . i think this topic is controversial but i my opinion game is so basic in everyway . for example shrines i had very high expectations for the shrines so i am dissapointed . we have 5 diffierent ability actually abilities are enough but we are not combinating them . This leads us to keep making the same things over and over . Additionally , ı was bored in the last 10 hours since i had consumed all the bosses therefore i didnt find formidable enemy . Nonethless i think the game is peak . the game provided an exceptionally rewarding experience that kept me thoroughly engaged ."
the-legend-of-zelda-breath-of-the-wild,"Apr 29, 2026",10,"The best open-world game I've ever played. You can't put it down because you keep wanting to go here and do there. The mountains and hills, and the advantage of being at high altitude, just like in real life, are very well thought out. Although Divine Beasts seems structurally repetitive, each game takes place in a different biome. In short, once you start playing, you're faced with a masterpiece that you won't be able to put down and will keep you occupied for hours. I recommend it to everyone."
the-legend-of-zelda-breath-of-the-wild,"Apr 26, 2026",10,Un onde ouvert qui révolutionne le monde ouvert. Un sentiment de liberté dans un monde merveilleux. Graphismes qui vont très bien avec cette licence. A aucun moment je me suis ennuyé tellement l'envie de parcourir la map est présente.
the-legend-of-zelda-breath-of-the-wild,"Apr 26, 2026",10,"Tremendo juegazo lo he jugado mas de mil horas y nunca me aburre, definitivamente el mejor juego de mundo abierto de la historia"
the-legend-of-zelda-breath-of-the-wild,"Apr 25, 2026",9,"This game is system-buying worthy and that’s exactly what happened. I’ve pinned over playing this for 5 years and after finally experiencing it, I’m not disappointed. It’s huge, it's innovative, it's beautiful, it's nostalgic, it's new. Its only downfall is the lack of a story. Zelda titles previously have been at the top tier in storytelling and this story is underbaked and unsatisfying."
the-legend-of-zelda-breath-of-the-wild,"Apr 23, 2026",10,Best zelda game hands down! Everything is amazing buy this game you wont regret it!
the-legend-of-zelda-breath-of-the-wild,"Apr 23, 2026",9,"2017 REVISITED: A REVOLUTION IN FREEDOM: Looking back at 2017, it’s hard to overstate how much this game changed the industry. While other open-world games were obsessed with checklists and map markers, Breath of the Wild gave us a paraglider and told us to ""go."" The true greatness of this game lies in its physics-based chemistry system. Whether you were using a metal sword to attract lightning during a storm or freezing a boulder to launch it at a camp, the game rewarded curiosity in a way that felt truly revolutionary at the time. TECHNICAL PERFORMANCE: AGING WITH GRACE: Does it show its age? Yes. When played today, you’ll notice the 30 FPS cap (granted, there is a switch 2 edition, but it costs money) and the occasional frame dips in dense areas like Korok Forest. However, the art style is so strong that it masks the technical limitations of the original Switch hardware. The painterly, watercolor aesthetic ensures that Hyrule still feels vast and inviting, rather than ""outdated."" It’s a testament to the art direction that a game from 2017 can still stand side-by-side with modern Switch 2 titles without feeling out of place. THE WORLD: A RELEVANT MASTERPIECE: The most surprising thing about playing this today is how relevant it remains. Many games have tried to copy the ""Zelda formula,"" but few capture the same sense of lonely, quiet exploration. The lack of a constant music track—replaced by the sounds of wind and grass—makes the world feel alive and ""lived-in."" Even with its sequel out in the world, the original journey of Link waking up in the Shrine of Resurrection still carries a weight and a simplicity that is unmatched. THE DURABILITY DILEMMA: If there is one thing that frustrates me the most in this game, it’s definitely the weapon durability system. While it encourages you to try new gear, it can still feel frustrating to have a legendary weapon shatter after a single encounter. It creates a ""hoarding"" mentality that sometimes clashes with the game’s otherwise perfect sense of freedom. PROS: Unrivaled sense of exploration and freedom. Timeless art style that still looks beautiful today. The ""Chemistry Engine"" allows for insane player creativity. CONS: Divisive weapon durability system.Occasional frame rate stutters in busy environments. THE FINAL VERDICT: 9/10: In 2017, this game was a 10/10. Today, it remains a near-perfect 9/10. It is a technical marvel of its time that has aged with incredible grace. Even with newer titles pushing hardware further, the original ""Breath"" remains an essential, quiet, and breathtaking journey that every gamer should experience at least once."
the-legend-of-zelda-breath-of-the-wild,"Apr 19, 2026",10,"One of the greatest games of all time, the freedom I experienced when playing this game for the first time was unbelievable. The individuality of every playthrough makes it one of the most replayable games out there."
the-legend-of-zelda-breath-of-the-wild,"Oct 29, 2025",10,"At first I was a bit bored from this game. The starting area is a bit tedious. But then it became super fun and addicting - exploring the different areas of the map, not knowing what you will find makes you want to keep playing the game. The shrines are neat puzzles, some of which really test your problem solving skills.

The combat is descent. I like how you can get better by learning to parry and flurry rush, but it can get repetitive a bit boring after like 50 hoursm but exploring is the thing that makes the game a masterpiece so it isn't a problem. Plus there are many different weapons with different natural abilities (fire, ice...) that make it more interesting.

The story is intriguing and you help figure stuff out by finding memories (which you access by playing like geoguessr which is fun). The characters can be a bit goofy and have intereseting things to say.

The quest are ok I guess. Some are very hard to figure out so you will probably need to look them up on youtube.

The only thing I genuinely don't like is that there isn't a big variety in enemies. There are only 3-4 enemy types in the different zones and it does get a bit dull, but as I said combat is not the main part of the game (it does play a hue big, but exploration is number 1)."
the-legend-of-zelda-breath-of-the-wild,"Apr 17, 2026",10,"Melhor jogo que eu joguei na minha vida! Nunca tinha jogado nada do universo Zelda. Porém, fiquei totalmente fascinado."
the-legend-of-zelda-breath-of-the-wild,"Jul 4, 2025",10,Il miglior gioco del mondo insieme a rdr2. Grafica ottima e storia bella. Incredibile.
the-legend-of-zelda-breath-of-the-wild,"Apr 16, 2026",10,"Prawdziwy powiew świeżości w grach video.
The Legend of Zelda: Breath of the Wild przywraca na nowo radość z grania."
the-legend-of-zelda-breath-of-the-wild,"Apr 16, 2026",10,a really nice game with cool graphics and a very interesting story and good controls
the-legend-of-zelda-breath-of-the-wild,"Apr 14, 2026",10,"Este juego me marcó demasiado, es de esos juegos que cuando necesitas desconectar de la vida diaria, está ahí para poder apoyarte en el y disfrutarlo como si no hubiera un mañana. El juego para mí podría ser mejorable en algunos aspectos, pero muy pocos, porque en general me parece sublime y le tengo un inmenso cariño. Gracias Nintendo por crear este tipo de joyas."
the-legend-of-zelda-breath-of-the-wild,"Apr 14, 2026",10,"Легенда Зельди найчудовіша гра на світч персонально для мене, мила, красива по своєму. Бойовка, на справді, легка, але для мене як для новачка світу консолей було складнувато."
the-legend-of-zelda-breath-of-the-wild,"Apr 12, 2026",10,"Jeśli ktoś szuka sandboxa na ponad 100h, must have!
Jeśli ktoś nie lubi eksploracji i sandboxowych otwartych światów, to raczej się odbije...

Kontekst: Zelda w klimacie post-apo, dostajemy duży otwarty świat który po przejściu dobrze tłumaczącego mechaniki prologu (nie prowadzi za rączkę jak typowe AAA) praktycznie cały stoi przed nami otworem, fabuła jest tylko tłem ale dobrze nakreśla cel i daje motywację do gry.
Gameplay: gra nie wprowadza niczego całkowicie nowego, ale łączy w idealny sposób wiele znanych mechanik. Eksploracja jest genialnie zrealizowana, jeśli tylko pozwoli nam na to poziom staminy i nasze umiejętności jesteśmy w stanie dostać się wszędzie gdzie tylko zechcemy, świat jest wystarczający duży żeby móc na spokojnie eksplorować i poczuć klimat podróży, ale jednocześnie nie jest pusty, jeśli coś przykuje naszą uwagę, to najprawdopodobniej coś ciekawego tam znajdziemy. System walki jest prosty, ale satysfakcjonujący, a przez mnogość sposobów na eliminowanie przeciwników nie nudzi nawet pod koniec gry, tak na prawdę najgorsze walki to te z bossami, bo tam mamy ograniczoną przestrzeń i często wymuszony sposób walki. Mamy tu system niszczenia się broni, który wymusza na nas ciągłe zmienianie naszego rynsztunku i szukanie nowych broni, dzięki temu nawet jeśli znajdziemy na początku gry silny miecz, nie przejdziemy nim całej gry. Gra oferuje też wiele pomniejszych mechanik, takich jak jedzenie, temperatura, wspinaczka, latanie na lotni, moce które dostajemy w prologu, czy wierzchowce. 
Grafika i dźwięk: styl artystyczny doprze pasuje do gry, buduje klimat, udźwiękowienie też jest na najwyższym poziomie, z jedną wadą... praktycznie w grze nie uświadczymy dubbingu. Muzyka jak chyba w każdej zeldzie jest na bardzo wysokim poziomie i świetnie wpasowuje się w to gdzie jesteśmy i co aktualnie dzieje się na ekranie. Nie ma co ukrywać że gra momentami nie zachwyca szczegółowością tekstur czy rozdzielczością, ale to kwestia przestarzałej konsoli i na szczęście wersja na switch 2 eliminuje wszystkie te niedociągnięcia.
Wydajność/optymalizacja: Gra jest świetnie zoptymalizowana, wyciska z pierwszego pstryczka 100%, momentami zdarzają się chrupnięcia, czasy ładowania na pierwszym switch'u też nie są najkrótsze, ale nadal gra się przyjemnie, a nawet lekkie ścinki nie zaburzają gry i nie irytują, jest to na prawdę solidny port z WII'U. 
Najważniejsze + i -
+ Eksploracja!
+ Brak prowadzenia za rączkę
+ Ogrom aktywności w świecie gry
- Walki z bossami
- brak dubbingu...
Podsumowując, jest to gra która na pewno nie trafi do każdego, stawia na kreatywność gracza, eksploracje i sandboxowość, jeśli ktoś nie lubi takich sandboxowych otwartych światów i po prostu chce przebiec przez fabułę, jasne, można, ale w takim wypadku raczej nie polecam, ale dla graczy takich jak ja, którzy szukają dużego otwartego sandboxa nie prowadzącego za rączkę jest to tytuł obowiązkowy, obiektywnie gra ma niedociągnięcia, braki i nie jest idealna, więc na pewno nie zasługuje na 10/10, a raczej na solidne 8,5/10, ale dla mnie osobiście, to aktualnie najlepsza gra w jaką kiedykolwiek grałem!"
the-legend-of-zelda-breath-of-the-wild,"Apr 13, 2026",10,"Legend of Zelda: Breath of the Wild is by far the greatest open world game of all time, rivaling games like Skyrim and Ghost of Tsushima. Gameplay wise, you could spend 1000 hours in BotW and still not find every Korok Seed, Shrine, or shop. Its no wonder why this is the highest rated video game ever. All acclaim that this game receives is deserved. One of my favorite games of all time."
the-legend-of-zelda-breath-of-the-wild,"Apr 9, 2026",10,This game changed they way we look at games and experience them. The game evolves around the players no matter which way you choose while enjoying perfect mechanics and the most atmospheric scenery. All this is put together in simple but sophisticated way.
the-legend-of-zelda-breath-of-the-wild,"Apr 6, 2026",10,Honnestly this game changed the whole gaming industry forever its criminal to rate it below 10
the-legend-of-zelda-breath-of-the-wild,"Apr 5, 2026",10,"The best game I ever played. No game has that much freedom at all. The feeling when you step out of the shrine of living is amazing. And yet nearly 8 years later I still play this game. The Freedom to go wherever you want whenever you want is so good. The Story is perfect and you learn time after time the things you need to progress further
All in all is it the best game in the world of games"
the-legend-of-zelda-breath-of-the-wild,"Apr 5, 2026",10,Despite not being a perfect game (Tears would make it slightly better) it is almost perfect the world and how everything interacts is awesome. The best open world released still in 2026.
the-legend-of-zelda-breath-of-the-wild,"Apr 5, 2026",10,"An Amazing game with great graphics, open world area and repetitive gameplay that you can enjoy all the time, there are some flaws like the weapon durability system but overall it's amazing."
the-legend-of-zelda-breath-of-the-wild,"Apr 1, 2026",10,[SPOILER ALERT: This review contains spoilers.]
the-legend-of-zelda-breath-of-the-wild,"Mar 29, 2026",7,"cute, interesting world to discover, some parts are very underutilized and the shrine thing that you have to learn skills in those **** massive balls. The story was kinda whatever but it was a fun playthrough. 50 hours is **** mental however, and the end bossfight was way too easy in comparison to the other bossfights you had to do. A few parts of this game was a bit underwhelming but other than that it is a pretty solid one if you are into this kind of stuff."
the-legend-of-zelda-breath-of-the-wild,"Apr 2, 2026",10,"Ho giocato questo gioco tempo fa, e dopo aver giocato titoli famosi come Rdr2, TLOU 1/2, Ghost of Tsushima e tanti altri, questo rimane per me sempre in cima alla lista, per le tante cose da fare nel mondo open world e anche per una trama bellissima. La cosa fantastica di questo gioco è che la storia principale dura poco, ma è la voglia di scoprire ed esplorare che la fa allungare di tantissime ore."
the-legend-of-zelda-breath-of-the-wild,"Apr 2, 2026",10,"Candidate for my favourite game of all time. 

This game had multiple moments in which it took me back to the feeling of being a little kid experiencing the wonder of video games for the first time again."
the-legend-of-zelda-breath-of-the-wild,"Apr 1, 2026",9,"The most ""Open world"" open world an open world game can get without being too much, the exploration is great but not overwhelming."
the-legend-of-zelda-breath-of-the-wild,"Apr 1, 2026",10,[SPOILER ALERT: This review contains spoilers.]
the-legend-of-zelda-breath-of-the-wild,"Apr 1, 2026",9,"A complete masterpiece, Nintendo's second best (after TotK). It is a revolutionary game where you can explore a huge free world. The game is almost perfect but there is one problem: you cannot do anything with the drops from monsters and that is why TotK is better, they fixed it..."
the-legend-of-zelda-breath-of-the-wild,"Apr 1, 2026",10,"juegazo lo jugue con 15 años y lo seguire jugando igual, cada parte del mapa explorable es una belleza muy buen juego hoy con 22 años entiendo lo que fue para mi infancia y lo que sigue siendo es una obra maestra"
the-legend-of-zelda-breath-of-the-wild,"Mar 31, 2026",10,"Zelda: Breath of the Wild (9.9/10) is a masterclass in open-world design. Every corner of Hyrule feels alive, with physics-driven puzzles, dynamic weather, and stunning vistas. The freedom to explore, experiment, and approach challenges your way is unparalleled. Combat is satisfying, shrines are clever, and the story, though subtle, resonates. A breathtaking adventure that sets a new standard for gaming."
the-legend-of-zelda-breath-of-the-wild,"Mar 28, 2026",7,"The Legend of Zelda: Breath of The Wild has a wonderful open world and engaging concept for a story, but struggles to tell that story in a satisfying way and the player will spend more time doing tedious chores than adventuring."
the-legend-of-zelda-breath-of-the-wild,"Mar 28, 2026",10,"I simply love the exploration and setting of this game; the soundtrack and art direction drive me crazy. Needless to say, the freedom this game gives you is insane. Without a doubt, one of my favorites."
the-legend-of-zelda-breath-of-the-wild,"Mar 28, 2026",10,Uno de los mejores videojuegos que he jugado en mi vida. No hay palabras suficientes para describir todo lo que he podido vivir y sentir. Un imprescindible.
the-legend-of-zelda-breath-of-the-wild,"Mar 27, 2026",10,"Absolute masterpiece! The first game I played on switch! Open world, many things to explore and of course the following saying applies perfectly onto this game: Life is about the journey, not the destination. You're in a vast unknown world, you can go everywhere your eyes can see. Wherever you go there will be something to obtain, from completing a quest, or just getting a korok seed. The artwork is beautiful, the music is relaxing. It's not about rushing to complete this game. It's about exploring, picking a direction and just heading that way and whatever happens. I really wish i could forget this game and experience it once again from scratch. 10/10"
the-legend-of-zelda-breath-of-the-wild,"Mar 25, 2026",10,Este es sin duda alguna mi videojuego favorito con diferencia nunca me había encontrado con un juego tan hermoso y épico tal vez hable desde el amor que le tengo a esta saga pero no puedo dejar de decir lo mucho que amo este juego yo creo que nunca voy a encontrar un juego que me guste más que este
the-legend-of-zelda-breath-of-the-wild,"Mar 24, 2026",10,"One of the best games ever made. An incredibly beautiful world- so much to explore and find. 
This game truly encapsulates the sense of wonder of games of old.
Take your time with this game and enjoy every moment it has to offer- there is no wasted time when getting into this world."
the-legend-of-zelda-breath-of-the-wild,"Mar 24, 2026",10,"È un gioco perfetto, la grafica nel 2026 sembra quella di un gioco non curatissimo ma di certo non datato. Gameplay 10, QoL 10, grafica, se contiamo che il gioco sia tanto datato 10"
the-legend-of-zelda-breath-of-the-wild,"May 19, 2026",10,"The Legend of Zelda: Breath of the Wild is, hands down, the best game on the Nintendo Switch. It is totally different from any other Zelda game, featuring a completely open world with barely any boundaries. The controls are seamless, the story is compelling, and the graphics are amazing. If you own a Switch, a Wii U, or a Switch 2, the game is a must-play experience."
the-legend-of-zelda-breath-of-the-wild,"May 6, 2026",9,The game is not all that 97 on metacritic is tooo high the game is not top1 in fiction it's solid 9/10 and that's it
the-legend-of-zelda-breath-of-the-wild,"May 18, 2026",10,"It is an amazing game that still holds up to this day, this is my favorite game of all time nothing feels tedious and the shika slate abilities are amazing."
the-legend-of-zelda-breath-of-the-wild,"May 17, 2026",9,"très différent des différents jeux The Legend of Zelda, avec des armes que l'on récupère sur des ennemis majoritairement, qui se brisent etc. Malgré cet énorme changement dans la licence, le jeu reste incroyable"
the-legend-of-zelda-breath-of-the-wild,"May 17, 2026",9,[SPOILER ALERT: This review contains spoilers.]
the-legend-of-zelda-breath-of-the-wild,"May 17, 2026",10,Juegazo. tal vez el mejor que haya jugado en mi vida. la libertad de jugar sin que te digan a donde ir. la adrenalina de duración de armas. la música. su historia que si me atrapo a punta de recuerdos. es un juego 10/10 recomendado
the-legend-of-zelda-breath-of-the-wild,"May 17, 2026",3,"Surement un des pires jeux que j'ai acheté ...
Le jeu vous lâche au milieux de nul part et ne vous explique pas quoi faire et ou aller . Si vous aimez l'aventure je vous conseille alors Genshin Impact ."
the-legend-of-zelda-breath-of-the-wild,"May 13, 2026",10,"Such an amazing game, amazing graphics for its release and still amazing! I love fighting guardians and lynels. Master Mode makes the game even better!"
the-legend-of-zelda-breath-of-the-wild,"May 12, 2026",10,"A completely new chapter to zelda with open world mechanics and so much to see. A great amount to discover with a decent story and bosses.
A little repetitive at points, but that's just open world and you have to keep it fresh by doing other things.
Basically a must play on the list of top games."
the-legend-of-zelda-breath-of-the-wild,"May 10, 2026",9,"The Legend of Zelda: Breath of the Wild starts off medium‑fast: it doesn’t throw you into the open world immediately, but it does a great job teaching the basics. The tutorial island is tight, clear, and never feels like a boring checklist. By the time you leave the starting point, the game truly opens itself and becomes a reactive, fun, and interesting experience that keeps you engaged from minute one to final credits. A world that wants to be messed with. The sheer amount of things you can interact with is insane.•	You can set fires, cook, craft, experiment with weapons, and watch the world react: rain puts out flames, wind spreads fire, metal conducts electricity, and climbing works everywhere.•	There are tons of recipes, enemy types, sword types, and shields, so you never feel like you’re repeating the same loop.•	Every town and region has its own lore, vibe, and mini‑story, and the side quests are actual stories, not just “kill 10 monsters” spam.•	Easy‑minded enemies throw rocks at you, gang up if there are more of them, and try to flank you.•	Bigger enemies later on are even better, they’ll cover their weakness once you hit them, reposition, and force you to adapt. The characters are interesting and lovely, the towns look great, and the overall story is engaging enough to keep you invested, even when you’re off doing random side stuff. The enemies actually react how you fight them, which makes combat feel smart instead of just mindless.  There are many, many more little tweaks like this, and they make every fight feel like a tiny puzzle instead of a button‑mash. The game has:•	Cold sensor / heat sensor for different biomes,•	Noise sensor where a clanking weapon on your back makes your sneaking louder; unequip that loud sword and suddenly you’re way stealthier. These aren’t just “flavour” details: they’re real gameplay incentives to think about your gear, position, and timing. Want to take out multiple enemies?•	Shoot some fire arrows around them, make them panic, and then clean up the mess.•	The skeleton animations are hilarious! I’m not spoiling it; you just have to experience it yourself. Puzzles that actually feel like Zelda. I’m usually bad at puzzles, but the ones in Breath of the Wild make sense.•	They’re canon‑adjacent, not just “time‑waste” filler.•	They feel like real puzzles, not random busywork, and they’re actually fun to solve.  Resident Evil games could really learn from this: puzzles that match the world and don’t feel like homework. Loot, loot, and more loot The game is packed with loot:•	Weapons to pick up,•	Shields to experiment with,•	Food to cook,•	Items to trade,•	Side quests that feel meaningful. Even after you finish the main story, there’s a ton of content to keep you going. You can keep exploring, crafting, cooking, and doing side quests, and it still feels like you’re discovering something new. Final verdict: 10/10.  This is a fantastic f***king game and truly one of the best games ever. AFTER Beating the game: The game can be very hard, but very balanced if you use everything the game gives you."
the-legend-of-zelda-breath-of-the-wild,"May 8, 2026",10,A must play. Please if you are thinking about playing it. Play it. It is the best game I ever played.
the-legend-of-zelda-breath-of-the-wild,"May 5, 2026",10,"Потрясающая игра тем более для своего времени, очень привлекательная визуальная составляющая заманчивая графика дающая чувство сразу и ностальгия и чувство детства , физика потрясающая можно взаимодействовать почти с каждым предметом , потрясающая игра в которую можно провести просто огромная куча времени видно что разработчики проделали огромную работу по созданию такого супер детального мира отличный эксклюзив 10 из 10 тем более если мы вспоминаем 2017 год"
the-legend-of-zelda-breath-of-the-wild,"May 4, 2026",8,"This was my first Zelda game , so my expectations were high . Actually i like this game but i cant say 'this is the best video game has ever made in that it had more flow than i anticipated . Firstly , enemy variety is not enough . In my 100 hours experince i always fight same enemy types plus game is contain not much boss variety either . After that , game difficulty . i think this topic is controversial but i my opinion game is so basic in everyway . for example shrines i had very high expectations for the shrines so i am dissapointed . we have 5 diffierent ability actually abilities are enough but we are not combinating them . This leads us to keep making the same things over and over . Additionally , ı was bored in the last 10 hours since i had consumed all the bosses therefore i didnt find formidable enemy . Nonethless i think the game is peak . the game provided an exceptionally rewarding experience that kept me thoroughly engaged ."
the-legend-of-zelda-breath-of-the-wild,"Apr 29, 2026",10,"The best open-world game I've ever played. You can't put it down because you keep wanting to go here and do there. The mountains and hills, and the advantage of being at high altitude, just like in real life, are very well thought out. Although Divine Beasts seems structurally repetitive, each game takes place in a different biome. In short, once you start playing, you're faced with a masterpiece that you won't be able to put down and will keep you occupied for hours. I recommend it to everyone."
the-legend-of-zelda-breath-of-the-wild,"Apr 26, 2026",10,Un onde ouvert qui révolutionne le monde ouvert. Un sentiment de liberté dans un monde merveilleux. Graphismes qui vont très bien avec cette licence. A aucun moment je me suis ennuyé tellement l'envie de parcourir la map est présente.
the-legend-of-zelda-breath-of-the-wild,"Apr 26, 2026",10,"Tremendo juegazo lo he jugado mas de mil horas y nunca me aburre, definitivamente el mejor juego de mundo abierto de la historia"
the-legend-of-zelda-breath-of-the-wild,"Apr 25, 2026",9,"This game is system-buying worthy and that’s exactly what happened. I’ve pinned over playing this for 5 years and after finally experiencing it, I’m not disappointed. It’s huge, it's innovative, it's beautiful, it's nostalgic, it's new. Its only downfall is the lack of a story. Zelda titles previously have been at the top tier in storytelling and this story is underbaked and unsatisfying."
the-legend-of-zelda-breath-of-the-wild,"Apr 23, 2026",10,Best zelda game hands down! Everything is amazing buy this game you wont regret it!
the-legend-of-zelda-breath-of-the-wild,"Apr 23, 2026",9,"2017 REVISITED: A REVOLUTION IN FREEDOM: Looking back at 2017, it’s hard to overstate how much this game changed the industry. While other open-world games were obsessed with checklists and map markers, Breath of the Wild gave us a paraglider and told us to ""go."" The true greatness of this game lies in its physics-based chemistry system. Whether you were using a metal sword to attract lightning during a storm or freezing a boulder to launch it at a camp, the game rewarded curiosity in a way that felt truly revolutionary at the time. TECHNICAL PERFORMANCE: AGING WITH GRACE: Does it show its age? Yes. When played today, you’ll notice the 30 FPS cap (granted, there is a switch 2 edition, but it costs money) and the occasional frame dips in dense areas like Korok Forest. However, the art style is so strong that it masks the technical limitations of the original Switch hardware. The painterly, watercolor aesthetic ensures that Hyrule still feels vast and inviting, rather than ""outdated."" It’s a testament to the art direction that a game from 2017 can still stand side-by-side with modern Switch 2 titles without feeling out of place. THE WORLD: A RELEVANT MASTERPIECE: The most surprising thing about playing this today is how relevant it remains. Many games have tried to copy the ""Zelda formula,"" but few capture the same sense of lonely, quiet exploration. The lack of a constant music track—replaced by the sounds of wind and grass—makes the world feel alive and ""lived-in."" Even with its sequel out in the world, the original journey of Link waking up in the Shrine of Resurrection still carries a weight and a simplicity that is unmatched. THE DURABILITY DILEMMA: If there is one thing that frustrates me the most in this game, it’s definitely the weapon durability system. While it encourages you to try new gear, it can still feel frustrating to have a legendary weapon shatter after a single encounter. It creates a ""hoarding"" mentality that sometimes clashes with the game’s otherwise perfect sense of freedom. PROS: Unrivaled sense of exploration and freedom. Timeless art style that still looks beautiful today. The ""Chemistry Engine"" allows for insane player creativity. CONS: Divisive weapon durability system.Occasional frame rate stutters in busy environments. THE FINAL VERDICT: 9/10: In 2017, this game was a 10/10. Today, it remains a near-perfect 9/10. It is a technical marvel of its time that has aged with incredible grace. Even with newer titles pushing hardware further, the original ""Breath"" remains an essential, quiet, and breathtaking journey that every gamer should experience at least once."
the-legend-of-zelda-breath-of-the-wild,"Apr 19, 2026",10,"One of the greatest games of all time, the freedom I experienced when playing this game for the first time was unbelievable. The individuality of every playthrough makes it one of the most replayable games out there."
the-legend-of-zelda-breath-of-the-wild,"Oct 29, 2025",10,"At first I was a bit bored from this game. The starting area is a bit tedious. But then it became super fun and addicting - exploring the different areas of the map, not knowing what you will find makes you want to keep playing the game. The shrines are neat puzzles, some of which really test your problem solving skills.

The combat is descent. I like how you can get better by learning to parry and flurry rush, but it can get repetitive a bit boring after like 50 hoursm but exploring is the thing that makes the game a masterpiece so it isn't a problem. Plus there are many different weapons with different natural abilities (fire, ice...) that make it more interesting.

The story is intriguing and you help figure stuff out by finding memories (which you access by playing like geoguessr which is fun). The characters can be a bit goofy and have intereseting things to say.

The quest are ok I guess. Some are very hard to figure out so you will probably need to look them up on youtube.

The only thing I genuinely don't like is that there isn't a big variety in enemies. There are only 3-4 enemy types in the different zones and it does get a bit dull, but as I said combat is not the main part of the game (it does play a hue big, but exploration is number 1)."
the-legend-of-zelda-breath-of-the-wild,"Apr 17, 2026",10,"Melhor jogo que eu joguei na minha vida! Nunca tinha jogado nada do universo Zelda. Porém, fiquei totalmente fascinado."
the-legend-of-zelda-breath-of-the-wild,"Jul 4, 2025",10,Il miglior gioco del mondo insieme a rdr2. Grafica ottima e storia bella. Incredibile.
the-legend-of-zelda-breath-of-the-wild,"Apr 16, 2026",10,"Prawdziwy powiew świeżości w grach video.
The Legend of Zelda: Breath of the Wild przywraca na nowo radość z grania."
the-legend-of-zelda-breath-of-the-wild,"Apr 16, 2026",10,a really nice game with cool graphics and a very interesting story and good controls
the-legend-of-zelda-breath-of-the-wild,"Apr 14, 2026",10,"Este juego me marcó demasiado, es de esos juegos que cuando necesitas desconectar de la vida diaria, está ahí para poder apoyarte en el y disfrutarlo como si no hubiera un mañana. El juego para mí podría ser mejorable en algunos aspectos, pero muy pocos, porque en general me parece sublime y le tengo un inmenso cariño. Gracias Nintendo por crear este tipo de joyas."
the-legend-of-zelda-breath-of-the-wild,"Apr 14, 2026",10,"Легенда Зельди найчудовіша гра на світч персонально для мене, мила, красива по своєму. Бойовка, на справді, легка, але для мене як для новачка світу консолей було складнувато."
the-legend-of-zelda-breath-of-the-wild,"Apr 12, 2026",10,"Jeśli ktoś szuka sandboxa na ponad 100h, must have!
Jeśli ktoś nie lubi eksploracji i sandboxowych otwartych światów, to raczej się odbije...

Kontekst: Zelda w klimacie post-apo, dostajemy duży otwarty świat który po przejściu dobrze tłumaczącego mechaniki prologu (nie prowadzi za rączkę jak typowe AAA) praktycznie cały stoi przed nami otworem, fabuła jest tylko tłem ale dobrze nakreśla cel i daje motywację do gry.
Gameplay: gra nie wprowadza niczego całkowicie nowego, ale łączy w idealny sposób wiele znanych mechanik. Eksploracja jest genialnie zrealizowana, jeśli tylko pozwoli nam na to poziom staminy i nasze umiejętności jesteśmy w stanie dostać się wszędzie gdzie tylko zechcemy, świat jest wystarczający duży żeby móc na spokojnie eksplorować i poczuć klimat podróży, ale jednocześnie nie jest pusty, jeśli coś przykuje naszą uwagę, to najprawdopodobniej coś ciekawego tam znajdziemy. System walki jest prosty, ale satysfakcjonujący, a przez mnogość sposobów na eliminowanie przeciwników nie nudzi nawet pod koniec gry, tak na prawdę najgorsze walki to te z bossami, bo tam mamy ograniczoną przestrzeń i często wymuszony sposób walki. Mamy tu system niszczenia się broni, który wymusza na nas ciągłe zmienianie naszego rynsztunku i szukanie nowych broni, dzięki temu nawet jeśli znajdziemy na początku gry silny miecz, nie przejdziemy nim całej gry. Gra oferuje też wiele pomniejszych mechanik, takich jak jedzenie, temperatura, wspinaczka, latanie na lotni, moce które dostajemy w prologu, czy wierzchowce. 
Grafika i dźwięk: styl artystyczny doprze pasuje do gry, buduje klimat, udźwiękowienie też jest na najwyższym poziomie, z jedną wadą... praktycznie w grze nie uświadczymy dubbingu. Muzyka jak chyba w każdej zeldzie jest na bardzo wysokim poziomie i świetnie wpasowuje się w to gdzie jesteśmy i co aktualnie dzieje się na ekranie. Nie ma co ukrywać że gra momentami nie zachwyca szczegółowością tekstur czy rozdzielczością, ale to kwestia przestarzałej konsoli i na szczęście wersja na switch 2 eliminuje wszystkie te niedociągnięcia.
Wydajność/optymalizacja: Gra jest świetnie zoptymalizowana, wyciska z pierwszego pstryczka 100%, momentami zdarzają się chrupnięcia, czasy ładowania na pierwszym switch'u też nie są najkrótsze, ale nadal gra się przyjemnie, a nawet lekkie ścinki nie zaburzają gry i nie irytują, jest to na prawdę solidny port z WII'U. 
Najważniejsze + i -
+ Eksploracja!
+ Brak prowadzenia za rączkę
+ Ogrom aktywności w świecie gry
- Walki z bossami
- brak dubbingu...
Podsumowując, jest to gra która na pewno nie trafi do każdego, stawia na kreatywność gracza, eksploracje i sandboxowość, jeśli ktoś nie lubi takich sandboxowych otwartych światów i po prostu chce przebiec przez fabułę, jasne, można, ale w takim wypadku raczej nie polecam, ale dla graczy takich jak ja, którzy szukają dużego otwartego sandboxa nie prowadzącego za rączkę jest to tytuł obowiązkowy, obiektywnie gra ma niedociągnięcia, braki i nie jest idealna, więc na pewno nie zasługuje na 10/10, a raczej na solidne 8,5/10, ale dla mnie osobiście, to aktualnie najlepsza gra w jaką kiedykolwiek grałem!"
the-legend-of-zelda-breath-of-the-wild,"Apr 13, 2026",10,"Legend of Zelda: Breath of the Wild is by far the greatest open world game of all time, rivaling games like Skyrim and Ghost of Tsushima. Gameplay wise, you could spend 1000 hours in BotW and still not find every Korok Seed, Shrine, or shop. Its no wonder why this is the highest rated video game ever. All acclaim that this game receives is deserved. One of my favorite games of all time."
the-legend-of-zelda-breath-of-the-wild,"Apr 9, 2026",10,This game changed they way we look at games and experience them. The game evolves around the players no matter which way you choose while enjoying perfect mechanics and the most atmospheric scenery. All this is put together in simple but sophisticated way.
the-legend-of-zelda-breath-of-the-wild,"Apr 6, 2026",10,Honnestly this game changed the whole gaming industry forever its criminal to rate it below 10
the-legend-of-zelda-breath-of-the-wild,"Apr 5, 2026",10,"The best game I ever played. No game has that much freedom at all. The feeling when you step out of the shrine of living is amazing. And yet nearly 8 years later I still play this game. The Freedom to go wherever you want whenever you want is so good. The Story is perfect and you learn time after time the things you need to progress further
All in all is it the best game in the world of games"
the-legend-of-zelda-breath-of-the-wild,"Apr 5, 2026",10,Despite not being a perfect game (Tears would make it slightly better) it is almost perfect the world and how everything interacts is awesome. The best open world released still in 2026.
the-legend-of-zelda-breath-of-the-wild,"Apr 5, 2026",10,"An Amazing game with great graphics, open world area and repetitive gameplay that you can enjoy all the time, there are some flaws like the weapon durability system but overall it's amazing."
the-legend-of-zelda-breath-of-the-wild,"Apr 1, 2026",10,[SPOILER ALERT: This review contains spoilers.]
the-legend-of-zelda-breath-of-the-wild,"Mar 29, 2026",7,"cute, interesting world to discover, some parts are very underutilized and the shrine thing that you have to learn skills in those **** massive balls. The story was kinda whatever but it was a fun playthrough. 50 hours is **** mental however, and the end bossfight was way too easy in comparison to the other bossfights you had to do. A few parts of this game was a bit underwhelming but other than that it is a pretty solid one if you are into this kind of stuff."
the-legend-of-zelda-breath-of-the-wild,"Apr 2, 2026",10,"Ho giocato questo gioco tempo fa, e dopo aver giocato titoli famosi come Rdr2, TLOU 1/2, Ghost of Tsushima e tanti altri, questo rimane per me sempre in cima alla lista, per le tante cose da fare nel mondo open world e anche per una trama bellissima. La cosa fantastica di questo gioco è che la storia principale dura poco, ma è la voglia di scoprire ed esplorare che la fa allungare di tantissime ore."
the-legend-of-zelda-breath-of-the-wild,"Apr 2, 2026",10,"Candidate for my favourite game of all time. 

This game had multiple moments in which it took me back to the feeling of being a little kid experiencing the wonder of video games for the first time again."
the-legend-of-zelda-breath-of-the-wild,"Apr 1, 2026",9,"The most ""Open world"" open world an open world game can get without being too much, the exploration is great but not overwhelming."
the-legend-of-zelda-breath-of-the-wild,"Apr 1, 2026",10,[SPOILER ALERT: This review contains spoilers.]
the-legend-of-zelda-breath-of-the-wild,"Apr 1, 2026",9,"A complete masterpiece, Nintendo's second best (after TotK). It is a revolutionary game where you can explore a huge free world. The game is almost perfect but there is one problem: you cannot do anything with the drops from monsters and that is why TotK is better, they fixed it..."
the-legend-of-zelda-breath-of-the-wild,"Apr 1, 2026",10,"juegazo lo jugue con 15 años y lo seguire jugando igual, cada parte del mapa explorable es una belleza muy buen juego hoy con 22 años entiendo lo que fue para mi infancia y lo que sigue siendo es una obra maestra"
the-legend-of-zelda-breath-of-the-wild,"Mar 31, 2026",10,"Zelda: Breath of the Wild (9.9/10) is a masterclass in open-world design. Every corner of Hyrule feels alive, with physics-driven puzzles, dynamic weather, and stunning vistas. The freedom to explore, experiment, and approach challenges your way is unparalleled. Combat is satisfying, shrines are clever, and the story, though subtle, resonates. A breathtaking adventure that sets a new standard for gaming."
the-legend-of-zelda-breath-of-the-wild,"Mar 28, 2026",7,"The Legend of Zelda: Breath of The Wild has a wonderful open world and engaging concept for a story, but struggles to tell that story in a satisfying way and the player will spend more time doing tedious chores than adventuring."
the-legend-of-zelda-breath-of-the-wild,"Mar 28, 2026",10,"I simply love the exploration and setting of this game; the soundtrack and art direction drive me crazy. Needless to say, the freedom this game gives you is insane. Without a doubt, one of my favorites."
the-legend-of-zelda-breath-of-the-wild,"Mar 28, 2026",10,Uno de los mejores videojuegos que he jugado en mi vida. No hay palabras suficientes para describir todo lo que he podido vivir y sentir. Un imprescindible.
the-legend-of-zelda-breath-of-the-wild,"Mar 27, 2026",10,"Absolute masterpiece! The first game I played on switch! Open world, many things to explore and of course the following saying applies perfectly onto this game: Life is about the journey, not the destination. You're in a vast unknown world, you can go everywhere your eyes can see. Wherever you go there will be something to obtain, from completing a quest, or just getting a korok seed. The artwork is beautiful, the music is relaxing. It's not about rushing to complete this game. It's about exploring, picking a direction and just heading that way and whatever happens. I really wish i could forget this game and experience it once again from scratch. 10/10"
the-legend-of-zelda-breath-of-the-wild,"Mar 25, 2026",10,Este es sin duda alguna mi videojuego favorito con diferencia nunca me había encontrado con un juego tan hermoso y épico tal vez hable desde el amor que le tengo a esta saga pero no puedo dejar de decir lo mucho que amo este juego yo creo que nunca voy a encontrar un juego que me guste más que este
the-legend-of-zelda-breath-of-the-wild,"Mar 24, 2026",10,"One of the best games ever made. An incredibly beautiful world- so much to explore and find. 
This game truly encapsulates the sense of wonder of games of old.
Take your time with this game and enjoy every moment it has to offer- there is no wasted time when getting into this world."
the-legend-of-zelda-breath-of-the-wild,"Mar 24, 2026",10,"È un gioco perfetto, la grafica nel 2026 sembra quella di un gioco non curatissimo ma di certo non datato. Gameplay 10, QoL 10, grafica, se contiamo che il gioco sia tanto datato 10"
the-legend-of-zelda-breath-of-the-wild,"May 19, 2026",10,"The Legend of Zelda: Breath of the Wild is, hands down, the best game on the Nintendo Switch. It is totally different from any other Zelda game, featuring a completely open world with barely any boundaries. The controls are seamless, the story is compelling, and the graphics are amazing. If you own a Switch, a Wii U, or a Switch 2, the game is a must-play experience."
the-legend-of-zelda-breath-of-the-wild,"May 6, 2026",9,The game is not all that 97 on metacritic is tooo high the game is not top1 in fiction it's solid 9/10 and that's it
the-legend-of-zelda-breath-of-the-wild,"May 18, 2026",10,"It is an amazing game that still holds up to this day, this is my favorite game of all time nothing feels tedious and the shika slate abilities are amazing."
the-legend-of-zelda-breath-of-the-wild,"May 17, 2026",9,"très différent des différents jeux The Legend of Zelda, avec des armes que l'on récupère sur des ennemis majoritairement, qui se brisent etc. Malgré cet énorme changement dans la licence, le jeu reste incroyable"
the-legend-of-zelda-breath-of-the-wild,"May 17, 2026",9,[SPOILER ALERT: This review contains spoilers.]
the-legend-of-zelda-breath-of-the-wild,"May 17, 2026",10,Juegazo. tal vez el mejor que haya jugado en mi vida. la libertad de jugar sin que te digan a donde ir. la adrenalina de duración de armas. la música. su historia que si me atrapo a punta de recuerdos. es un juego 10/10 recomendado
the-legend-of-zelda-breath-of-the-wild,"May 17, 2026",3,"Surement un des pires jeux que j'ai acheté ...
Le jeu vous lâche au milieux de nul part et ne vous explique pas quoi faire et ou aller . Si vous aimez l'aventure je vous conseille alors Genshin Impact ."
the-legend-of-zelda-breath-of-the-wild,"May 13, 2026",10,"Such an amazing game, amazing graphics for its release and still amazing! I love fighting guardians and lynels. Master Mode makes the game even better!"
the-legend-of-zelda-breath-of-the-wild,"May 12, 2026",10,"A completely new chapter to zelda with open world mechanics and so much to see. A great amount to discover with a decent story and bosses.
A little repetitive at points, but that's just open world and you have to keep it fresh by doing other things.
Basically a must play on the list of top games."
the-legend-of-zelda-breath-of-the-wild,"May 10, 2026",9,"The Legend of Zelda: Breath of the Wild starts off medium‑fast: it doesn’t throw you into the open world immediately, but it does a great job teaching the basics. The tutorial island is tight, clear, and never feels like a boring checklist. By the time you leave the starting point, the game truly opens itself and becomes a reactive, fun, and interesting experience that keeps you engaged from minute one to final credits. A world that wants to be messed with. The sheer amount of things you can interact with is insane.•	You can set fires, cook, craft, experiment with weapons, and watch the world react: rain puts out flames, wind spreads fire, metal conducts electricity, and climbing works everywhere.•	There are tons of recipes, enemy types, sword types, and shields, so you never feel like you’re repeating the same loop.•	Every town and region has its own lore, vibe, and mini‑story, and the side quests are actual stories, not just “kill 10 monsters” spam.•	Easy‑minded enemies throw rocks at you, gang up if there are more of them, and try to flank you.•	Bigger enemies later on are even better, they’ll cover their weakness once you hit them, reposition, and force you to adapt. The characters are interesting and lovely, the towns look great, and the overall story is engaging enough to keep you invested, even when you’re off doing random side stuff. The enemies actually react how you fight them, which makes combat feel smart instead of just mindless.  There are many, many more little tweaks like this, and they make every fight feel like a tiny puzzle instead of a button‑mash. The game has:•	Cold sensor / heat sensor for different biomes,•	Noise sensor where a clanking weapon on your back makes your sneaking louder; unequip that loud sword and suddenly you’re way stealthier. These aren’t just “flavour” details: they’re real gameplay incentives to think about your gear, position, and timing. Want to take out multiple enemies?•	Shoot some fire arrows around them, make them panic, and then clean up the mess.•	The skeleton animations are hilarious! I’m not spoiling it; you just have to experience it yourself. Puzzles that actually feel like Zelda. I’m usually bad at puzzles, but the ones in Breath of the Wild make sense.•	They’re canon‑adjacent, not just “time‑waste” filler.•	They feel like real puzzles, not random busywork, and they’re actually fun to solve.  Resident Evil games could really learn from this: puzzles that match the world and don’t feel like homework. Loot, loot, and more loot The game is packed with loot:•	Weapons to pick up,•	Shields to experiment with,•	Food to cook,•	Items to trade,•	Side quests that feel meaningful. Even after you finish the main story, there’s a ton of content to keep you going. You can keep exploring, crafting, cooking, and doing side quests, and it still feels like you’re discovering something new. Final verdict: 10/10.  This is a fantastic f***king game and truly one of the best games ever. AFTER Beating the game: The game can be very hard, but very balanced if you use everything the game gives you."
the-legend-of-zelda-breath-of-the-wild,"May 8, 2026",10,A must play. Please if you are thinking about playing it. Play it. It is the best game I ever played.
the-legend-of-zelda-breath-of-the-wild,"May 5, 2026",10,"Потрясающая игра тем более для своего времени, очень привлекательная визуальная составляющая заманчивая графика дающая чувство сразу и ностальгия и чувство детства , физика потрясающая можно взаимодействовать почти с каждым предметом , потрясающая игра в которую можно провести просто огромная куча времени видно что разработчики проделали огромную работу по созданию такого супер детального мира отличный эксклюзив 10 из 10 тем более если мы вспоминаем 2017 год"
the-legend-of-zelda-breath-of-the-wild,"May 4, 2026",8,"This was my first Zelda game , so my expectations were high . Actually i like this game but i cant say 'this is the best video game has ever made in that it had more flow than i anticipated . Firstly , enemy variety is not enough . In my 100 hours experince i always fight same enemy types plus game is contain not much boss variety either . After that , game difficulty . i think this topic is controversial but i my opinion game is so basic in everyway . for example shrines i had very high expectations for the shrines so i am dissapointed . we have 5 diffierent ability actually abilities are enough but we are not combinating them . This leads us to keep making the same things over and over . Additionally , ı was bored in the last 10 hours since i had consumed all the bosses therefore i didnt find formidable enemy . Nonethless i think the game is peak . the game provided an exceptionally rewarding experience that kept me thoroughly engaged ."
the-legend-of-zelda-breath-of-the-wild,"Apr 29, 2026",10,"The best open-world game I've ever played. You can't put it down because you keep wanting to go here and do there. The mountains and hills, and the advantage of being at high altitude, just like in real life, are very well thought out. Although Divine Beasts seems structurally repetitive, each game takes place in a different biome. In short, once you start playing, you're faced with a masterpiece that you won't be able to put down and will keep you occupied for hours. I recommend it to everyone."
the-legend-of-zelda-breath-of-the-wild,"Apr 26, 2026",10,Un onde ouvert qui révolutionne le monde ouvert. Un sentiment de liberté dans un monde merveilleux. Graphismes qui vont très bien avec cette licence. A aucun moment je me suis ennuyé tellement l'envie de parcourir la map est présente.
the-legend-of-zelda-breath-of-the-wild,"Apr 26, 2026",10,"Tremendo juegazo lo he jugado mas de mil horas y nunca me aburre, definitivamente el mejor juego de mundo abierto de la historia"
the-legend-of-zelda-breath-of-the-wild,"Apr 25, 2026",9,"This game is system-buying worthy and that’s exactly what happened. I’ve pinned over playing this for 5 years and after finally experiencing it, I’m not disappointed. It’s huge, it's innovative, it's beautiful, it's nostalgic, it's new. Its only downfall is the lack of a story. Zelda titles previously have been at the top tier in storytelling and this story is underbaked and unsatisfying."
the-legend-of-zelda-breath-of-the-wild,"Apr 23, 2026",10,Best zelda game hands down! Everything is amazing buy this game you wont regret it!
the-legend-of-zelda-breath-of-the-wild,"Apr 23, 2026",9,"2017 REVISITED: A REVOLUTION IN FREEDOM: Looking back at 2017, it’s hard to overstate how much this game changed the industry. While other open-world games were obsessed with checklists and map markers, Breath of the Wild gave us a paraglider and told us to ""go."" The true greatness of this game lies in its physics-based chemistry system. Whether you were using a metal sword to attract lightning during a storm or freezing a boulder to launch it at a camp, the game rewarded curiosity in a way that felt truly revolutionary at the time. TECHNICAL PERFORMANCE: AGING WITH GRACE: Does it show its age? Yes. When played today, you’ll notice the 30 FPS cap (granted, there is a switch 2 edition, but it costs money) and the occasional frame dips in dense areas like Korok Forest. However, the art style is so strong that it masks the technical limitations of the original Switch hardware. The painterly, watercolor aesthetic ensures that Hyrule still feels vast and inviting, rather than ""outdated."" It’s a testament to the art direction that a game from 2017 can still stand side-by-side with modern Switch 2 titles without feeling out of place. THE WORLD: A RELEVANT MASTERPIECE: The most surprising thing about playing this today is how relevant it remains. Many games have tried to copy the ""Zelda formula,"" but few capture the same sense of lonely, quiet exploration. The lack of a constant music track—replaced by the sounds of wind and grass—makes the world feel alive and ""lived-in."" Even with its sequel out in the world, the original journey of Link waking up in the Shrine of Resurrection still carries a weight and a simplicity that is unmatched. THE DURABILITY DILEMMA: If there is one thing that frustrates me the most in this game, it’s definitely the weapon durability system. While it encourages you to try new gear, it can still feel frustrating to have a legendary weapon shatter after a single encounter. It creates a ""hoarding"" mentality that sometimes clashes with the game’s otherwise perfect sense of freedom. PROS: Unrivaled sense of exploration and freedom. Timeless art style that still looks beautiful today. The ""Chemistry Engine"" allows for insane player creativity. CONS: Divisive weapon durability system.Occasional frame rate stutters in busy environments. THE FINAL VERDICT: 9/10: In 2017, this game was a 10/10. Today, it remains a near-perfect 9/10. It is a technical marvel of its time that has aged with incredible grace. Even with newer titles pushing hardware further, the original ""Breath"" remains an essential, quiet, and breathtaking journey that every gamer should experience at least once."
the-legend-of-zelda-breath-of-the-wild,"Apr 19, 2026",10,"One of the greatest games of all time, the freedom I experienced when playing this game for the first time was unbelievable. The individuality of every playthrough makes it one of the most replayable games out there."
the-legend-of-zelda-breath-of-the-wild,"Oct 29, 2025",10,"At first I was a bit bored from this game. The starting area is a bit tedious. But then it became super fun and addicting - exploring the different areas of the map, not knowing what you will find makes you want to keep playing the game. The shrines are neat puzzles, some of which really test your problem solving skills.

The combat is descent. I like how you can get better by learning to parry and flurry rush, but it can get repetitive a bit boring after like 50 hoursm but exploring is the thing that makes the game a masterpiece so it isn't a problem. Plus there are many different weapons with different natural abilities (fire, ice...) that make it more interesting.

The story is intriguing and you help figure stuff out by finding memories (which you access by playing like geoguessr which is fun). The characters can be a bit goofy and have intereseting things to say.

The quest are ok I guess. Some are very hard to figure out so you will probably need to look them up on youtube.

The only thing I genuinely don't like is that there isn't a big variety in enemies. There are only 3-4 enemy types in the different zones and it does get a bit dull, but as I said combat is not the main part of the game (it does play a hue big, but exploration is number 1)."
the-legend-of-zelda-breath-of-the-wild,"Apr 17, 2026",10,"Melhor jogo que eu joguei na minha vida! Nunca tinha jogado nada do universo Zelda. Porém, fiquei totalmente fascinado."
the-legend-of-zelda-breath-of-the-wild,"Jul 4, 2025",10,Il miglior gioco del mondo insieme a rdr2. Grafica ottima e storia bella. Incredibile.
the-legend-of-zelda-breath-of-the-wild,"Apr 16, 2026",10,"Prawdziwy powiew świeżości w grach video.
The Legend of Zelda: Breath of the Wild przywraca na nowo radość z grania."
the-legend-of-zelda-breath-of-the-wild,"Apr 16, 2026",10,a really nice game with cool graphics and a very interesting story and good controls
the-legend-of-zelda-breath-of-the-wild,"Apr 14, 2026",10,"Este juego me marcó demasiado, es de esos juegos que cuando necesitas desconectar de la vida diaria, está ahí para poder apoyarte en el y disfrutarlo como si no hubiera un mañana. El juego para mí podría ser mejorable en algunos aspectos, pero muy pocos, porque en general me parece sublime y le tengo un inmenso cariño. Gracias Nintendo por crear este tipo de joyas."
the-legend-of-zelda-breath-of-the-wild,"Apr 14, 2026",10,"Легенда Зельди найчудовіша гра на світч персонально для мене, мила, красива по своєму. Бойовка, на справді, легка, але для мене як для новачка світу консолей було складнувато."
the-legend-of-zelda-breath-of-the-wild,"Apr 12, 2026",10,"Jeśli ktoś szuka sandboxa na ponad 100h, must have!
Jeśli ktoś nie lubi eksploracji i sandboxowych otwartych światów, to raczej się odbije...

Kontekst: Zelda w klimacie post-apo, dostajemy duży otwarty świat który po przejściu dobrze tłumaczącego mechaniki prologu (nie prowadzi za rączkę jak typowe AAA) praktycznie cały stoi przed nami otworem, fabuła jest tylko tłem ale dobrze nakreśla cel i daje motywację do gry.
Gameplay: gra nie wprowadza niczego całkowicie nowego, ale łączy w idealny sposób wiele znanych mechanik. Eksploracja jest genialnie zrealizowana, jeśli tylko pozwoli nam na to poziom staminy i nasze umiejętności jesteśmy w stanie dostać się wszędzie gdzie tylko zechcemy, świat jest wystarczający duży żeby móc na spokojnie eksplorować i poczuć klimat podróży, ale jednocześnie nie jest pusty, jeśli coś przykuje naszą uwagę, to najprawdopodobniej coś ciekawego tam znajdziemy. System walki jest prosty, ale satysfakcjonujący, a przez mnogość sposobów na eliminowanie przeciwników nie nudzi nawet pod koniec gry, tak na prawdę najgorsze walki to te z bossami, bo tam mamy ograniczoną przestrzeń i często wymuszony sposób walki. Mamy tu system niszczenia się broni, który wymusza na nas ciągłe zmienianie naszego rynsztunku i szukanie nowych broni, dzięki temu nawet jeśli znajdziemy na początku gry silny miecz, nie przejdziemy nim całej gry. Gra oferuje też wiele pomniejszych mechanik, takich jak jedzenie, temperatura, wspinaczka, latanie na lotni, moce które dostajemy w prologu, czy wierzchowce. 
Grafika i dźwięk: styl artystyczny doprze pasuje do gry, buduje klimat, udźwiękowienie też jest na najwyższym poziomie, z jedną wadą... praktycznie w grze nie uświadczymy dubbingu. Muzyka jak chyba w każdej zeldzie jest na bardzo wysokim poziomie i świetnie wpasowuje się w to gdzie jesteśmy i co aktualnie dzieje się na ekranie. Nie ma co ukrywać że gra momentami nie zachwyca szczegółowością tekstur czy rozdzielczością, ale to kwestia przestarzałej konsoli i na szczęście wersja na switch 2 eliminuje wszystkie te niedociągnięcia.
Wydajność/optymalizacja: Gra jest świetnie zoptymalizowana, wyciska z pierwszego pstryczka 100%, momentami zdarzają się chrupnięcia, czasy ładowania na pierwszym switch'u też nie są najkrótsze, ale nadal gra się przyjemnie, a nawet lekkie ścinki nie zaburzają gry i nie irytują, jest to na prawdę solidny port z WII'U. 
Najważniejsze + i -
+ Eksploracja!
+ Brak prowadzenia za rączkę
+ Ogrom aktywności w świecie gry
- Walki z bossami
- brak dubbingu...
Podsumowując, jest to gra która na pewno nie trafi do każdego, stawia na kreatywność gracza, eksploracje i sandboxowość, jeśli ktoś nie lubi takich sandboxowych otwartych światów i po prostu chce przebiec przez fabułę, jasne, można, ale w takim wypadku raczej nie polecam, ale dla graczy takich jak ja, którzy szukają dużego otwartego sandboxa nie prowadzącego za rączkę jest to tytuł obowiązkowy, obiektywnie gra ma niedociągnięcia, braki i nie jest idealna, więc na pewno nie zasługuje na 10/10, a raczej na solidne 8,5/10, ale dla mnie osobiście, to aktualnie najlepsza gra w jaką kiedykolwiek grałem!"
the-legend-of-zelda-breath-of-the-wild,"Apr 13, 2026",10,"Legend of Zelda: Breath of the Wild is by far the greatest open world game of all time, rivaling games like Skyrim and Ghost of Tsushima. Gameplay wise, you could spend 1000 hours in BotW and still not find every Korok Seed, Shrine, or shop. Its no wonder why this is the highest rated video game ever. All acclaim that this game receives is deserved. One of my favorite games of all time."
the-legend-of-zelda-breath-of-the-wild,"Apr 9, 2026",10,This game changed they way we look at games and experience them. The game evolves around the players no matter which way you choose while enjoying perfect mechanics and the most atmospheric scenery. All this is put together in simple but sophisticated way.
the-legend-of-zelda-breath-of-the-wild,"Apr 6, 2026",10,Honnestly this game changed the whole gaming industry forever its criminal to rate it below 10
the-legend-of-zelda-breath-of-the-wild,"Apr 5, 2026",10,"The best game I ever played. No game has that much freedom at all. The feeling when you step out of the shrine of living is amazing. And yet nearly 8 years later I still play this game. The Freedom to go wherever you want whenever you want is so good. The Story is perfect and you learn time after time the things you need to progress further
All in all is it the best game in the world of games"
the-legend-of-zelda-breath-of-the-wild,"Apr 5, 2026",10,Despite not being a perfect game (Tears would make it slightly better) it is almost perfect the world and how everything interacts is awesome. The best open world released still in 2026.
the-legend-of-zelda-breath-of-the-wild,"Apr 5, 2026",10,"An Amazing game with great graphics, open world area and repetitive gameplay that you can enjoy all the time, there are some flaws like the weapon durability system but overall it's amazing."
the-legend-of-zelda-breath-of-the-wild,"Apr 1, 2026",10,[SPOILER ALERT: This review contains spoilers.]
the-legend-of-zelda-breath-of-the-wild,"Mar 29, 2026",7,"cute, interesting world to discover, some parts are very underutilized and the shrine thing that you have to learn skills in those **** massive balls. The story was kinda whatever but it was a fun playthrough. 50 hours is **** mental however, and the end bossfight was way too easy in comparison to the other bossfights you had to do. A few parts of this game was a bit underwhelming but other than that it is a pretty solid one if you are into this kind of stuff."
the-legend-of-zelda-breath-of-the-wild,"Apr 2, 2026",10,"Ho giocato questo gioco tempo fa, e dopo aver giocato titoli famosi come Rdr2, TLOU 1/2, Ghost of Tsushima e tanti altri, questo rimane per me sempre in cima alla lista, per le tante cose da fare nel mondo open world e anche per una trama bellissima. La cosa fantastica di questo gioco è che la storia principale dura poco, ma è la voglia di scoprire ed esplorare che la fa allungare di tantissime ore."
the-legend-of-zelda-breath-of-the-wild,"Apr 2, 2026",10,"Candidate for my favourite game of all time. 

This game had multiple moments in which it took me back to the feeling of being a little kid experiencing the wonder of video games for the first time again."
the-legend-of-zelda-breath-of-the-wild,"Apr 1, 2026",9,"The most ""Open world"" open world an open world game can get without being too much, the exploration is great but not overwhelming."
the-legend-of-zelda-breath-of-the-wild,"Apr 1, 2026",10,[SPOILER ALERT: This review contains spoilers.]
the-legend-of-zelda-breath-of-the-wild,"Apr 1, 2026",9,"A complete masterpiece, Nintendo's second best (after TotK). It is a revolutionary game where you can explore a huge free world. The game is almost perfect but there is one problem: you cannot do anything with the drops from monsters and that is why TotK is better, they fixed it..."
the-legend-of-zelda-breath-of-the-wild,"Apr 1, 2026",10,"juegazo lo jugue con 15 años y lo seguire jugando igual, cada parte del mapa explorable es una belleza muy buen juego hoy con 22 años entiendo lo que fue para mi infancia y lo que sigue siendo es una obra maestra"
the-legend-of-zelda-breath-of-the-wild,"Mar 31, 2026",10,"Zelda: Breath of the Wild (9.9/10) is a masterclass in open-world design. Every corner of Hyrule feels alive, with physics-driven puzzles, dynamic weather, and stunning vistas. The freedom to explore, experiment, and approach challenges your way is unparalleled. Combat is satisfying, shrines are clever, and the story, though subtle, resonates. A breathtaking adventure that sets a new standard for gaming."
the-legend-of-zelda-breath-of-the-wild,"Mar 28, 2026",7,"The Legend of Zelda: Breath of The Wild has a wonderful open world and engaging concept for a story, but struggles to tell that story in a satisfying way and the player will spend more time doing tedious chores than adventuring."
the-legend-of-zelda-breath-of-the-wild,"Mar 28, 2026",10,"I simply love the exploration and setting of this game; the soundtrack and art direction drive me crazy. Needless to say, the freedom this game gives you is insane. Without a doubt, one of my favorites."
the-legend-of-zelda-breath-of-the-wild,"Mar 28, 2026",10,Uno de los mejores videojuegos que he jugado en mi vida. No hay palabras suficientes para describir todo lo que he podido vivir y sentir. Un imprescindible.
the-legend-of-zelda-breath-of-the-wild,"Mar 27, 2026",10,"Absolute masterpiece! The first game I played on switch! Open world, many things to explore and of course the following saying applies perfectly onto this game: Life is about the journey, not the destination. You're in a vast unknown world, you can go everywhere your eyes can see. Wherever you go there will be something to obtain, from completing a quest, or just getting a korok seed. The artwork is beautiful, the music is relaxing. It's not about rushing to complete this game. It's about exploring, picking a direction and just heading that way and whatever happens. I really wish i could forget this game and experience it once again from scratch. 10/10"
the-legend-of-zelda-breath-of-the-wild,"Mar 25, 2026",10,Este es sin duda alguna mi videojuego favorito con diferencia nunca me había encontrado con un juego tan hermoso y épico tal vez hable desde el amor que le tengo a esta saga pero no puedo dejar de decir lo mucho que amo este juego yo creo que nunca voy a encontrar un juego que me guste más que este
the-legend-of-zelda-breath-of-the-wild,"Mar 24, 2026",10,"One of the best games ever made. An incredibly beautiful world- so much to explore and find. 
This game truly encapsulates the sense of wonder of games of old.
Take your time with this game and enjoy every moment it has to offer- there is no wasted time when getting into this world."
the-legend-of-zelda-breath-of-the-wild,"Mar 24, 2026",10,"È un gioco perfetto, la grafica nel 2026 sembra quella di un gioco non curatissimo ma di certo non datato. Gameplay 10, QoL 10, grafica, se contiamo che il gioco sia tanto datato 10"
the-legend-of-zelda-breath-of-the-wild,"May 19, 2026",10,"The Legend of Zelda: Breath of the Wild is, hands down, the best game on the Nintendo Switch. It is totally different from any other Zelda game, featuring a completely open world with barely any boundaries. The controls are seamless, the story is compelling, and the graphics are amazing. If you own a Switch, a Wii U, or a Switch 2, the game is a must-play experience."
the-legend-of-zelda-breath-of-the-wild,"May 6, 2026",9,The game is not all that 97 on metacritic is tooo high the game is not top1 in fiction it's solid 9/10 and that's it
the-legend-of-zelda-breath-of-the-wild,"May 18, 2026",10,"It is an amazing game that still holds up to this day, this is my favorite game of all time nothing feels tedious and the shika slate abilities are amazing."
the-legend-of-zelda-breath-of-the-wild,"May 17, 2026",9,"très différent des différents jeux The Legend of Zelda, avec des armes que l'on récupère sur des ennemis majoritairement, qui se brisent etc. Malgré cet énorme changement dans la licence, le jeu reste incroyable"
the-legend-of-zelda-breath-of-the-wild,"May 17, 2026",9,[SPOILER ALERT: This review contains spoilers.]
the-legend-of-zelda-breath-of-the-wild,"May 17, 2026",10,Juegazo. tal vez el mejor que haya jugado en mi vida. la libertad de jugar sin que te digan a donde ir. la adrenalina de duración de armas. la música. su historia que si me atrapo a punta de recuerdos. es un juego 10/10 recomendado
the-legend-of-zelda-breath-of-the-wild,"May 17, 2026",3,"Surement un des pires jeux que j'ai acheté ...
Le jeu vous lâche au milieux de nul part et ne vous explique pas quoi faire et ou aller . Si vous aimez l'aventure je vous conseille alors Genshin Impact ."
the-legend-of-zelda-breath-of-the-wild,"May 13, 2026",10,"Such an amazing game, amazing graphics for its release and still amazing! I love fighting guardians and lynels. Master Mode makes the game even better!"
the-legend-of-zelda-breath-of-the-wild,"May 12, 2026",10,"A completely new chapter to zelda with open world mechanics and so much to see. A great amount to discover with a decent story and bosses.
A little repetitive at points, but that's just open world and you have to keep it fresh by doing other things.
Basically a must play on the list of top games."
the-legend-of-zelda-breath-of-the-wild,"May 10, 2026",9,"The Legend of Zelda: Breath of the Wild starts off medium‑fast: it doesn’t throw you into the open world immediately, but it does a great job teaching the basics. The tutorial island is tight, clear, and never feels like a boring checklist. By the time you leave the starting point, the game truly opens itself and becomes a reactive, fun, and interesting experience that keeps you engaged from minute one to final credits. A world that wants to be messed with. The sheer amount of things you can interact with is insane.•	You can set fires, cook, craft, experiment with weapons, and watch the world react: rain puts out flames, wind spreads fire, metal conducts electricity, and climbing works everywhere.•	There are tons of recipes, enemy types, sword types, and shields, so you never feel like you’re repeating the same loop.•	Every town and region has its own lore, vibe, and mini‑story, and the side quests are actual stories, not just “kill 10 monsters” spam.•	Easy‑minded enemies throw rocks at you, gang up if there are more of them, and try to flank you.•	Bigger enemies later on are even better, they’ll cover their weakness once you hit them, reposition, and force you to adapt. The characters are interesting and lovely, the towns look great, and the overall story is engaging enough to keep you invested, even when you’re off doing random side stuff. The enemies actually react how you fight them, which makes combat feel smart instead of just mindless.  There are many, many more little tweaks like this, and they make every fight feel like a tiny puzzle instead of a button‑mash. The game has:•	Cold sensor / heat sensor for different biomes,•	Noise sensor where a clanking weapon on your back makes your sneaking louder; unequip that loud sword and suddenly you’re way stealthier. These aren’t just “flavour” details: they’re real gameplay incentives to think about your gear, position, and timing. Want to take out multiple enemies?•	Shoot some fire arrows around them, make them panic, and then clean up the mess.•	The skeleton animations are hilarious! I’m not spoiling it; you just have to experience it yourself. Puzzles that actually feel like Zelda. I’m usually bad at puzzles, but the ones in Breath of the Wild make sense.•	They’re canon‑adjacent, not just “time‑waste” filler.•	They feel like real puzzles, not random busywork, and they’re actually fun to solve.  Resident Evil games could really learn from this: puzzles that match the world and don’t feel like homework. Loot, loot, and more loot The game is packed with loot:•	Weapons to pick up,•	Shields to experiment with,•	Food to cook,•	Items to trade,•	Side quests that feel meaningful. Even after you finish the main story, there’s a ton of content to keep you going. You can keep exploring, crafting, cooking, and doing side quests, and it still feels like you’re discovering something new. Final verdict: 10/10.  This is a fantastic f***king game and truly one of the best games ever. AFTER Beating the game: The game can be very hard, but very balanced if you use everything the game gives you."
the-legend-of-zelda-breath-of-the-wild,"May 8, 2026",10,A must play. Please if you are thinking about playing it. Play it. It is the best game I ever played.
the-legend-of-zelda-breath-of-the-wild,"May 5, 2026",10,"Потрясающая игра тем более для своего времени, очень привлекательная визуальная составляющая заманчивая графика дающая чувство сразу и ностальгия и чувство детства , физика потрясающая можно взаимодействовать почти с каждым предметом , потрясающая игра в которую можно провести просто огромная куча времени видно что разработчики проделали огромную работу по созданию такого супер детального мира отличный эксклюзив 10 из 10 тем более если мы вспоминаем 2017 год"
the-legend-of-zelda-breath-of-the-wild,"May 4, 2026",8,"This was my first Zelda game , so my expectations were high . Actually i like this game but i cant say 'this is the best video game has ever made in that it had more flow than i anticipated . Firstly , enemy variety is not enough . In my 100 hours experince i always fight same enemy types plus game is contain not much boss variety either . After that , game difficulty . i think this topic is controversial but i my opinion game is so basic in everyway . for example shrines i had very high expectations for the shrines so i am dissapointed . we have 5 diffierent ability actually abilities are enough but we are not combinating them . This leads us to keep making the same things over and over . Additionally , ı was bored in the last 10 hours since i had consumed all the bosses therefore i didnt find formidable enemy . Nonethless i think the game is peak . the game provided an exceptionally rewarding experience that kept me thoroughly engaged ."
the-legend-of-zelda-breath-of-the-wild,"Apr 29, 2026",10,"The best open-world game I've ever played. You can't put it down because you keep wanting to go here and do there. The mountains and hills, and the advantage of being at high altitude, just like in real life, are very well thought out. Although Divine Beasts seems structurally repetitive, each game takes place in a different biome. In short, once you start playing, you're faced with a masterpiece that you won't be able to put down and will keep you occupied for hours. I recommend it to everyone."
the-legend-of-zelda-breath-of-the-wild,"Apr 26, 2026",10,Un onde ouvert qui révolutionne le monde ouvert. Un sentiment de liberté dans un monde merveilleux. Graphismes qui vont très bien avec cette licence. A aucun moment je me suis ennuyé tellement l'envie de parcourir la map est présente.
the-legend-of-zelda-breath-of-the-wild,"Apr 26, 2026",10,"Tremendo juegazo lo he jugado mas de mil horas y nunca me aburre, definitivamente el mejor juego de mundo abierto de la historia"
the-legend-of-zelda-breath-of-the-wild,"Apr 25, 2026",9,"This game is system-buying worthy and that’s exactly what happened. I’ve pinned over playing this for 5 years and after finally experiencing it, I’m not disappointed. It’s huge, it's innovative, it's beautiful, it's nostalgic, it's new. Its only downfall is the lack of a story. Zelda titles previously have been at the top tier in storytelling and this story is underbaked and unsatisfying."
the-legend-of-zelda-breath-of-the-wild,"Apr 23, 2026",10,Best zelda game hands down! Everything is amazing buy this game you wont regret it!
the-legend-of-zelda-breath-of-the-wild,"Apr 23, 2026",9,"2017 REVISITED: A REVOLUTION IN FREEDOM: Looking back at 2017, it’s hard to overstate how much this game changed the industry. While other open-world games were obsessed with checklists and map markers, Breath of the Wild gave us a paraglider and told us to ""go."" The true greatness of this game lies in its physics-based chemistry system. Whether you were using a metal sword to attract lightning during a storm or freezing a boulder to launch it at a camp, the game rewarded curiosity in a way that felt truly revolutionary at the time. TECHNICAL PERFORMANCE: AGING WITH GRACE: Does it show its age? Yes. When played today, you’ll notice the 30 FPS cap (granted, there is a switch 2 edition, but it costs money) and the occasional frame dips in dense areas like Korok Forest. However, the art style is so strong that it masks the technical limitations of the original Switch hardware. The painterly, watercolor aesthetic ensures that Hyrule still feels vast and inviting, rather than ""outdated."" It’s a testament to the art direction that a game from 2017 can still stand side-by-side with modern Switch 2 titles without feeling out of place. THE WORLD: A RELEVANT MASTERPIECE: The most surprising thing about playing this today is how relevant it remains. Many games have tried to copy the ""Zelda formula,"" but few capture the same sense of lonely, quiet exploration. The lack of a constant music track—replaced by the sounds of wind and grass—makes the world feel alive and ""lived-in."" Even with its sequel out in the world, the original journey of Link waking up in the Shrine of Resurrection still carries a weight and a simplicity that is unmatched. THE DURABILITY DILEMMA: If there is one thing that frustrates me the most in this game, it’s definitely the weapon durability system. While it encourages you to try new gear, it can still feel frustrating to have a legendary weapon shatter after a single encounter. It creates a ""hoarding"" mentality that sometimes clashes with the game’s otherwise perfect sense of freedom. PROS: Unrivaled sense of exploration and freedom. Timeless art style that still looks beautiful today. The ""Chemistry Engine"" allows for insane player creativity. CONS: Divisive weapon durability system.Occasional frame rate stutters in busy environments. THE FINAL VERDICT: 9/10: In 2017, this game was a 10/10. Today, it remains a near-perfect 9/10. It is a technical marvel of its time that has aged with incredible grace. Even with newer titles pushing hardware further, the original ""Breath"" remains an essential, quiet, and breathtaking journey that every gamer should experience at least once."
the-legend-of-zelda-breath-of-the-wild,"Apr 19, 2026",10,"One of the greatest games of all time, the freedom I experienced when playing this game for the first time was unbelievable. The individuality of every playthrough makes it one of the most replayable games out there."
the-legend-of-zelda-breath-of-the-wild,"Oct 29, 2025",10,"At first I was a bit bored from this game. The starting area is a bit tedious. But then it became super fun and addicting - exploring the different areas of the map, not knowing what you will find makes you want to keep playing the game. The shrines are neat puzzles, some of which really test your problem solving skills.

The combat is descent. I like how you can get better by learning to parry and flurry rush, but it can get repetitive a bit boring after like 50 hoursm but exploring is the thing that makes the game a masterpiece so it isn't a problem. Plus there are many different weapons with different natural abilities (fire, ice...) that make it more interesting.

The story is intriguing and you help figure stuff out by finding memories (which you access by playing like geoguessr which is fun). The characters can be a bit goofy and have intereseting things to say.

The quest are ok I guess. Some are very hard to figure out so you will probably need to look them up on youtube.

The only thing I genuinely don't like is that there isn't a big variety in enemies. There are only 3-4 enemy types in the different zones and it does get a bit dull, but as I said combat is not the main part of the game (it does play a hue big, but exploration is number 1)."
the-legend-of-zelda-breath-of-the-wild,"Apr 17, 2026",10,"Melhor jogo que eu joguei na minha vida! Nunca tinha jogado nada do universo Zelda. Porém, fiquei totalmente fascinado."
the-legend-of-zelda-breath-of-the-wild,"Jul 4, 2025",10,Il miglior gioco del mondo insieme a rdr2. Grafica ottima e storia bella. Incredibile.
the-legend-of-zelda-breath-of-the-wild,"Apr 16, 2026",10,"Prawdziwy powiew świeżości w grach video.
The Legend of Zelda: Breath of the Wild przywraca na nowo radość z grania."
the-legend-of-zelda-breath-of-the-wild,"Apr 16, 2026",10,a really nice game with cool graphics and a very interesting story and good controls
the-legend-of-zelda-breath-of-the-wild,"Apr 14, 2026",10,"Este juego me marcó demasiado, es de esos juegos que cuando necesitas desconectar de la vida diaria, está ahí para poder apoyarte en el y disfrutarlo como si no hubiera un mañana. El juego para mí podría ser mejorable en algunos aspectos, pero muy pocos, porque en general me parece sublime y le tengo un inmenso cariño. Gracias Nintendo por crear este tipo de joyas."
the-legend-of-zelda-breath-of-the-wild,"Apr 14, 2026",10,"Легенда Зельди найчудовіша гра на світч персонально для мене, мила, красива по своєму. Бойовка, на справді, легка, але для мене як для новачка світу консолей було складнувато."
the-legend-of-zelda-breath-of-the-wild,"Apr 12, 2026",10,"Jeśli ktoś szuka sandboxa na ponad 100h, must have!
Jeśli ktoś nie lubi eksploracji i sandboxowych otwartych światów, to raczej się odbije...

Kontekst: Zelda w klimacie post-apo, dostajemy duży otwarty świat który po przejściu dobrze tłumaczącego mechaniki prologu (nie prowadzi za rączkę jak typowe AAA) praktycznie cały stoi przed nami otworem, fabuła jest tylko tłem ale dobrze nakreśla cel i daje motywację do gry.
Gameplay: gra nie wprowadza niczego całkowicie nowego, ale łączy w idealny sposób wiele znanych mechanik. Eksploracja jest genialnie zrealizowana, jeśli tylko pozwoli nam na to poziom staminy i nasze umiejętności jesteśmy w stanie dostać się wszędzie gdzie tylko zechcemy, świat jest wystarczający duży żeby móc na spokojnie eksplorować i poczuć klimat podróży, ale jednocześnie nie jest pusty, jeśli coś przykuje naszą uwagę, to najprawdopodobniej coś ciekawego tam znajdziemy. System walki jest prosty, ale satysfakcjonujący, a przez mnogość sposobów na eliminowanie przeciwników nie nudzi nawet pod koniec gry, tak na prawdę najgorsze walki to te z bossami, bo tam mamy ograniczoną przestrzeń i często wymuszony sposób walki. Mamy tu system niszczenia się broni, który wymusza na nas ciągłe zmienianie naszego rynsztunku i szukanie nowych broni, dzięki temu nawet jeśli znajdziemy na początku gry silny miecz, nie przejdziemy nim całej gry. Gra oferuje też wiele pomniejszych mechanik, takich jak jedzenie, temperatura, wspinaczka, latanie na lotni, moce które dostajemy w prologu, czy wierzchowce. 
Grafika i dźwięk: styl artystyczny doprze pasuje do gry, buduje klimat, udźwiękowienie też jest na najwyższym poziomie, z jedną wadą... praktycznie w grze nie uświadczymy dubbingu. Muzyka jak chyba w każdej zeldzie jest na bardzo wysokim poziomie i świetnie wpasowuje się w to gdzie jesteśmy i co aktualnie dzieje się na ekranie. Nie ma co ukrywać że gra momentami nie zachwyca szczegółowością tekstur czy rozdzielczością, ale to kwestia przestarzałej konsoli i na szczęście wersja na switch 2 eliminuje wszystkie te niedociągnięcia.
Wydajność/optymalizacja: Gra jest świetnie zoptymalizowana, wyciska z pierwszego pstryczka 100%, momentami zdarzają się chrupnięcia, czasy ładowania na pierwszym switch'u też nie są najkrótsze, ale nadal gra się przyjemnie, a nawet lekkie ścinki nie zaburzają gry i nie irytują, jest to na prawdę solidny port z WII'U. 
Najważniejsze + i -
+ Eksploracja!
+ Brak prowadzenia za rączkę
+ Ogrom aktywności w świecie gry
- Walki z bossami
- brak dubbingu...
Podsumowując, jest to gra która na pewno nie trafi do każdego, stawia na kreatywność gracza, eksploracje i sandboxowość, jeśli ktoś nie lubi takich sandboxowych otwartych światów i po prostu chce przebiec przez fabułę, jasne, można, ale w takim wypadku raczej nie polecam, ale dla graczy takich jak ja, którzy szukają dużego otwartego sandboxa nie prowadzącego za rączkę jest to tytuł obowiązkowy, obiektywnie gra ma niedociągnięcia, braki i nie jest idealna, więc na pewno nie zasługuje na 10/10, a raczej na solidne 8,5/10, ale dla mnie osobiście, to aktualnie najlepsza gra w jaką kiedykolwiek grałem!"
the-legend-of-zelda-breath-of-the-wild,"Apr 13, 2026",10,"Legend of Zelda: Breath of the Wild is by far the greatest open world game of all time, rivaling games like Skyrim and Ghost of Tsushima. Gameplay wise, you could spend 1000 hours in BotW and still not find every Korok Seed, Shrine, or shop. Its no wonder why this is the highest rated video game ever. All acclaim that this game receives is deserved. One of my favorite games of all time."
the-legend-of-zelda-breath-of-the-wild,"Apr 9, 2026",10,This game changed they way we look at games and experience them. The game evolves around the players no matter which way you choose while enjoying perfect mechanics and the most atmospheric scenery. All this is put together in simple but sophisticated way.
the-legend-of-zelda-breath-of-the-wild,"Apr 6, 2026",10,Honnestly this game changed the whole gaming industry forever its criminal to rate it below 10
the-legend-of-zelda-breath-of-the-wild,"Apr 5, 2026",10,"The best game I ever played. No game has that much freedom at all. The feeling when you step out of the shrine of living is amazing. And yet nearly 8 years later I still play this game. The Freedom to go wherever you want whenever you want is so good. The Story is perfect and you learn time after time the things you need to progress further
All in all is it the best game in the world of games"
the-legend-of-zelda-breath-of-the-wild,"Apr 5, 2026",10,Despite not being a perfect game (Tears would make it slightly better) it is almost perfect the world and how everything interacts is awesome. The best open world released still in 2026.
the-legend-of-zelda-breath-of-the-wild,"Apr 5, 2026",10,"An Amazing game with great graphics, open world area and repetitive gameplay that you can enjoy all the time, there are some flaws like the weapon durability system but overall it's amazing."
the-legend-of-zelda-breath-of-the-wild,"Apr 1, 2026",10,[SPOILER ALERT: This review contains spoilers.]
the-legend-of-zelda-breath-of-the-wild,"Mar 29, 2026",7,"cute, interesting world to discover, some parts are very underutilized and the shrine thing that you have to learn skills in those **** massive balls. The story was kinda whatever but it was a fun playthrough. 50 hours is **** mental however, and the end bossfight was way too easy in comparison to the other bossfights you had to do. A few parts of this game was a bit underwhelming but other than that it is a pretty solid one if you are into this kind of stuff."
the-legend-of-zelda-breath-of-the-wild,"Apr 2, 2026",10,"Ho giocato questo gioco tempo fa, e dopo aver giocato titoli famosi come Rdr2, TLOU 1/2, Ghost of Tsushima e tanti altri, questo rimane per me sempre in cima alla lista, per le tante cose da fare nel mondo open world e anche per una trama bellissima. La cosa fantastica di questo gioco è che la storia principale dura poco, ma è la voglia di scoprire ed esplorare che la fa allungare di tantissime ore."
the-legend-of-zelda-breath-of-the-wild,"Apr 2, 2026",10,"Candidate for my favourite game of all time. 

This game had multiple moments in which it took me back to the feeling of being a little kid experiencing the wonder of video games for the first time again."
the-legend-of-zelda-breath-of-the-wild,"Apr 1, 2026",9,"The most ""Open world"" open world an open world game can get without being too much, the exploration is great but not overwhelming."
the-legend-of-zelda-breath-of-the-wild,"Apr 1, 2026",10,[SPOILER ALERT: This review contains spoilers.]
the-legend-of-zelda-breath-of-the-wild,"Apr 1, 2026",9,"A complete masterpiece, Nintendo's second best (after TotK). It is a revolutionary game where you can explore a huge free world. The game is almost perfect but there is one problem: you cannot do anything with the drops from monsters and that is why TotK is better, they fixed it..."
the-legend-of-zelda-breath-of-the-wild,"Apr 1, 2026",10,"juegazo lo jugue con 15 años y lo seguire jugando igual, cada parte del mapa explorable es una belleza muy buen juego hoy con 22 años entiendo lo que fue para mi infancia y lo que sigue siendo es una obra maestra"
the-legend-of-zelda-breath-of-the-wild,"Mar 31, 2026",10,"Zelda: Breath of the Wild (9.9/10) is a masterclass in open-world design. Every corner of Hyrule feels alive, with physics-driven puzzles, dynamic weather, and stunning vistas. The freedom to explore, experiment, and approach challenges your way is unparalleled. Combat is satisfying, shrines are clever, and the story, though subtle, resonates. A breathtaking adventure that sets a new standard for gaming."
the-legend-of-zelda-breath-of-the-wild,"Mar 28, 2026",7,"The Legend of Zelda: Breath of The Wild has a wonderful open world and engaging concept for a story, but struggles to tell that story in a satisfying way and the player will spend more time doing tedious chores than adventuring."
the-legend-of-zelda-breath-of-the-wild,"Mar 28, 2026",10,"I simply love the exploration and setting of this game; the soundtrack and art direction drive me crazy. Needless to say, the freedom this game gives you is insane. Without a doubt, one of my favorites."
the-legend-of-zelda-breath-of-the-wild,"Mar 28, 2026",10,Uno de los mejores videojuegos que he jugado en mi vida. No hay palabras suficientes para describir todo lo que he podido vivir y sentir. Un imprescindible.
the-legend-of-zelda-breath-of-the-wild,"Mar 27, 2026",10,"Absolute masterpiece! The first game I played on switch! Open world, many things to explore and of course the following saying applies perfectly onto this game: Life is about the journey, not the destination. You're in a vast unknown world, you can go everywhere your eyes can see. Wherever you go there will be something to obtain, from completing a quest, or just getting a korok seed. The artwork is beautiful, the music is relaxing. It's not about rushing to complete this game. It's about exploring, picking a direction and just heading that way and whatever happens. I really wish i could forget this game and experience it once again from scratch. 10/10"
the-legend-of-zelda-breath-of-the-wild,"Mar 25, 2026",10,Este es sin duda alguna mi videojuego favorito con diferencia nunca me había encontrado con un juego tan hermoso y épico tal vez hable desde el amor que le tengo a esta saga pero no puedo dejar de decir lo mucho que amo este juego yo creo que nunca voy a encontrar un juego que me guste más que este
the-legend-of-zelda-breath-of-the-wild,"Mar 24, 2026",10,"One of the best games ever made. An incredibly beautiful world- so much to explore and find. 
This game truly encapsulates the sense of wonder of games of old.
Take your time with this game and enjoy every moment it has to offer- there is no wasted time when getting into this world."
the-legend-of-zelda-breath-of-the-wild,"Mar 24, 2026",10,"È un gioco perfetto, la grafica nel 2026 sembra quella di un gioco non curatissimo ma di certo non datato. Gameplay 10, QoL 10, grafica, se contiamo che il gioco sia tanto datato 10"
the-legend-of-zelda-breath-of-the-wild,"May 19, 2026",10,"The Legend of Zelda: Breath of the Wild is, hands down, the best game on the Nintendo Switch. It is totally different from any other Zelda game, featuring a completely open world with barely any boundaries. The controls are seamless, the story is compelling, and the graphics are amazing. If you own a Switch, a Wii U, or a Switch 2, the game is a must-play experience."
the-legend-of-zelda-breath-of-the-wild,"May 6, 2026",9,The game is not all that 97 on metacritic is tooo high the game is not top1 in fiction it's solid 9/10 and that's it
the-legend-of-zelda-breath-of-the-wild,"May 18, 2026",10,"It is an amazing game that still holds up to this day, this is my favorite game of all time nothing feels tedious and the shika slate abilities are amazing."
the-legend-of-zelda-breath-of-the-wild,"May 17, 2026",9,"très différent des différents jeux The Legend of Zelda, avec des armes que l'on récupère sur des ennemis majoritairement, qui se brisent etc. Malgré cet énorme changement dans la licence, le jeu reste incroyable"
the-legend-of-zelda-breath-of-the-wild,"May 17, 2026",9,[SPOILER ALERT: This review contains spoilers.]
the-legend-of-zelda-breath-of-the-wild,"May 17, 2026",10,Juegazo. tal vez el mejor que haya jugado en mi vida. la libertad de jugar sin que te digan a donde ir. la adrenalina de duración de armas. la música. su historia que si me atrapo a punta de recuerdos. es un juego 10/10 recomendado
the-legend-of-zelda-breath-of-the-wild,"May 17, 2026",3,"Surement un des pires jeux que j'ai acheté ...
Le jeu vous lâche au milieux de nul part et ne vous explique pas quoi faire et ou aller . Si vous aimez l'aventure je vous conseille alors Genshin Impact ."
the-legend-of-zelda-breath-of-the-wild,"May 13, 2026",10,"Such an amazing game, amazing graphics for its release and still amazing! I love fighting guardians and lynels. Master Mode makes the game even better!"
the-legend-of-zelda-breath-of-the-wild,"May 12, 2026",10,"A completely new chapter to zelda with open world mechanics and so much to see. A great amount to discover with a decent story and bosses.
A little repetitive at points, but that's just open world and you have to keep it fresh by doing other things.
Basically a must play on the list of top games."
the-legend-of-zelda-breath-of-the-wild,"May 10, 2026",9,"The Legend of Zelda: Breath of the Wild starts off medium‑fast: it doesn’t throw you into the open world immediately, but it does a great job teaching the basics. The tutorial island is tight, clear, and never feels like a boring checklist. By the time you leave the starting point, the game truly opens itself and becomes a reactive, fun, and interesting experience that keeps you engaged from minute one to final credits. A world that wants to be messed with. The sheer amount of things you can interact with is insane.•	You can set fires, cook, craft, experiment with weapons, and watch the world react: rain puts out flames, wind spreads fire, metal conducts electricity, and climbing works everywhere.•	There are tons of recipes, enemy types, sword types, and shields, so you never feel like you’re repeating the same loop.•	Every town and region has its own lore, vibe, and mini‑story, and the side quests are actual stories, not just “kill 10 monsters” spam.•	Easy‑minded enemies throw rocks at you, gang up if there are more of them, and try to flank you.•	Bigger enemies later on are even better, they’ll cover their weakness once you hit them, reposition, and force you to adapt. The characters are interesting and lovely, the towns look great, and the overall story is engaging enough to keep you invested, even when you’re off doing random side stuff. The enemies actually react how you fight them, which makes combat feel smart instead of just mindless.  There are many, many more little tweaks like this, and they make every fight feel like a tiny puzzle instead of a button‑mash. The game has:•	Cold sensor / heat sensor for different biomes,•	Noise sensor where a clanking weapon on your back makes your sneaking louder; unequip that loud sword and suddenly you’re way stealthier. These aren’t just “flavour” details: they’re real gameplay incentives to think about your gear, position, and timing. Want to take out multiple enemies?•	Shoot some fire arrows around them, make them panic, and then clean up the mess.•	The skeleton animations are hilarious! I’m not spoiling it; you just have to experience it yourself. Puzzles that actually feel like Zelda. I’m usually bad at puzzles, but the ones in Breath of the Wild make sense.•	They’re canon‑adjacent, not just “time‑waste” filler.•	They feel like real puzzles, not random busywork, and they’re actually fun to solve.  Resident Evil games could really learn from this: puzzles that match the world and don’t feel like homework. Loot, loot, and more loot The game is packed with loot:•	Weapons to pick up,•	Shields to experiment with,•	Food to cook,•	Items to trade,•	Side quests that feel meaningful. Even after you finish the main story, there’s a ton of content to keep you going. You can keep exploring, crafting, cooking, and doing side quests, and it still feels like you’re discovering something new. Final verdict: 10/10.  This is a fantastic f***king game and truly one of the best games ever. AFTER Beating the game: The game can be very hard, but very balanced if you use everything the game gives you."
the-legend-of-zelda-breath-of-the-wild,"May 8, 2026",10,A must play. Please if you are thinking about playing it. Play it. It is the best game I ever played.
the-legend-of-zelda-breath-of-the-wild,"May 5, 2026",10,"Потрясающая игра тем более для своего времени, очень привлекательная визуальная составляющая заманчивая графика дающая чувство сразу и ностальгия и чувство детства , физика потрясающая можно взаимодействовать почти с каждым предметом , потрясающая игра в которую можно провести просто огромная куча времени видно что разработчики проделали огромную работу по созданию такого супер детального мира отличный эксклюзив 10 из 10 тем более если мы вспоминаем 2017 год"
the-legend-of-zelda-breath-of-the-wild,"May 4, 2026",8,"This was my first Zelda game , so my expectations were high . Actually i like this game but i cant say 'this is the best video game has ever made in that it had more flow than i anticipated . Firstly , enemy variety is not enough . In my 100 hours experince i always fight same enemy types plus game is contain not much boss variety either . After that , game difficulty . i think this topic is controversial but i my opinion game is so basic in everyway . for example shrines i had very high expectations for the shrines so i am dissapointed . we have 5 diffierent ability actually abilities are enough but we are not combinating them . This leads us to keep making the same things over and over . Additionally , ı was bored in the last 10 hours since i had consumed all the bosses therefore i didnt find formidable enemy . Nonethless i think the game is peak . the game provided an exceptionally rewarding experience that kept me thoroughly engaged ."
the-legend-of-zelda-breath-of-the-wild,"Apr 29, 2026",10,"The best open-world game I've ever played. You can't put it down because you keep wanting to go here and do there. The mountains and hills, and the advantage of being at high altitude, just like in real life, are very well thought out. Although Divine Beasts seems structurally repetitive, each game takes place in a different biome. In short, once you start playing, you're faced with a masterpiece that you won't be able to put down and will keep you occupied for hours. I recommend it to everyone."
the-legend-of-zelda-breath-of-the-wild,"Apr 26, 2026",10,Un onde ouvert qui révolutionne le monde ouvert. Un sentiment de liberté dans un monde merveilleux. Graphismes qui vont très bien avec cette licence. A aucun moment je me suis ennuyé tellement l'envie de parcourir la map est présente.
the-legend-of-zelda-breath-of-the-wild,"Apr 26, 2026",10,"Tremendo juegazo lo he jugado mas de mil horas y nunca me aburre, definitivamente el mejor juego de mundo abierto de la historia"
the-legend-of-zelda-breath-of-the-wild,"Apr 25, 2026",9,"This game is system-buying worthy and that’s exactly what happened. I’ve pinned over playing this for 5 years and after finally experiencing it, I’m not disappointed. It’s huge, it's innovative, it's beautiful, it's nostalgic, it's new. Its only downfall is the lack of a story. Zelda titles previously have been at the top tier in storytelling and this story is underbaked and unsatisfying."
the-legend-of-zelda-breath-of-the-wild,"Apr 23, 2026",10,Best zelda game hands down! Everything is amazing buy this game you wont regret it!
the-legend-of-zelda-breath-of-the-wild,"Apr 23, 2026",9,"2017 REVISITED: A REVOLUTION IN FREEDOM: Looking back at 2017, it’s hard to overstate how much this game changed the industry. While other open-world games were obsessed with checklists and map markers, Breath of the Wild gave us a paraglider and told us to ""go."" The true greatness of this game lies in its physics-based chemistry system. Whether you were using a metal sword to attract lightning during a storm or freezing a boulder to launch it at a camp, the game rewarded curiosity in a way that felt truly revolutionary at the time. TECHNICAL PERFORMANCE: AGING WITH GRACE: Does it show its age? Yes. When played today, you’ll notice the 30 FPS cap (granted, there is a switch 2 edition, but it costs money) and the occasional frame dips in dense areas like Korok Forest. However, the art style is so strong that it masks the technical limitations of the original Switch hardware. The painterly, watercolor aesthetic ensures that Hyrule still feels vast and inviting, rather than ""outdated."" It’s a testament to the art direction that a game from 2017 can still stand side-by-side with modern Switch 2 titles without feeling out of place. THE WORLD: A RELEVANT MASTERPIECE: The most surprising thing about playing this today is how relevant it remains. Many games have tried to copy the ""Zelda formula,"" but few capture the same sense of lonely, quiet exploration. The lack of a constant music track—replaced by the sounds of wind and grass—makes the world feel alive and ""lived-in."" Even with its sequel out in the world, the original journey of Link waking up in the Shrine of Resurrection still carries a weight and a simplicity that is unmatched. THE DURABILITY DILEMMA: If there is one thing that frustrates me the most in this game, it’s definitely the weapon durability system. While it encourages you to try new gear, it can still feel frustrating to have a legendary weapon shatter after a single encounter. It creates a ""hoarding"" mentality that sometimes clashes with the game’s otherwise perfect sense of freedom. PROS: Unrivaled sense of exploration and freedom. Timeless art style that still looks beautiful today. The ""Chemistry Engine"" allows for insane player creativity. CONS: Divisive weapon durability system.Occasional frame rate stutters in busy environments. THE FINAL VERDICT: 9/10: In 2017, this game was a 10/10. Today, it remains a near-perfect 9/10. It is a technical marvel of its time that has aged with incredible grace. Even with newer titles pushing hardware further, the original ""Breath"" remains an essential, quiet, and breathtaking journey that every gamer should experience at least once."
the-legend-of-zelda-breath-of-the-wild,"Apr 19, 2026",10,"One of the greatest games of all time, the freedom I experienced when playing this game for the first time was unbelievable. The individuality of every playthrough makes it one of the most replayable games out there."
the-legend-of-zelda-breath-of-the-wild,"Oct 29, 2025",10,"At first I was a bit bored from this game. The starting area is a bit tedious. But then it became super fun and addicting - exploring the different areas of the map, not knowing what you will find makes you want to keep playing the game. The shrines are neat puzzles, some of which really test your problem solving skills.

The combat is descent. I like how you can get better by learning to parry and flurry rush, but it can get repetitive a bit boring after like 50 hoursm but exploring is the thing that makes the game a masterpiece so it isn't a problem. Plus there are many different weapons with different natural abilities (fire, ice...) that make it more interesting.

The story is intriguing and you help figure stuff out by finding memories (which you access by playing like geoguessr which is fun). The characters can be a bit goofy and have intereseting things to say.

The quest are ok I guess. Some are very hard to figure out so you will probably need to look them up on youtube.

The only thing I genuinely don't like is that there isn't a big variety in enemies. There are only 3-4 enemy types in the different zones and it does get a bit dull, but as I said combat is not the main part of the game (it does play a hue big, but exploration is number 1)."
the-legend-of-zelda-breath-of-the-wild,"Apr 17, 2026",10,"Melhor jogo que eu joguei na minha vida! Nunca tinha jogado nada do universo Zelda. Porém, fiquei totalmente fascinado."
the-legend-of-zelda-breath-of-the-wild,"Jul 4, 2025",10,Il miglior gioco del mondo insieme a rdr2. Grafica ottima e storia bella. Incredibile.
the-legend-of-zelda-breath-of-the-wild,"Apr 16, 2026",10,"Prawdziwy powiew świeżości w grach video.
The Legend of Zelda: Breath of the Wild przywraca na nowo radość z grania."
the-legend-of-zelda-breath-of-the-wild,"Apr 16, 2026",10,a really nice game with cool graphics and a very interesting story and good controls
the-legend-of-zelda-breath-of-the-wild,"Apr 14, 2026",10,"Este juego me marcó demasiado, es de esos juegos que cuando necesitas desconectar de la vida diaria, está ahí para poder apoyarte en el y disfrutarlo como si no hubiera un mañana. El juego para mí podría ser mejorable en algunos aspectos, pero muy pocos, porque en general me parece sublime y le tengo un inmenso cariño. Gracias Nintendo por crear este tipo de joyas."
the-legend-of-zelda-breath-of-the-wild,"Apr 14, 2026",10,"Легенда Зельди найчудовіша гра на світч персонально для мене, мила, красива по своєму. Бойовка, на справді, легка, але для мене як для новачка світу консолей було складнувато."
the-legend-of-zelda-breath-of-the-wild,"Apr 12, 2026",10,"Jeśli ktoś szuka sandboxa na ponad 100h, must have!
Jeśli ktoś nie lubi eksploracji i sandboxowych otwartych światów, to raczej się odbije...

Kontekst: Zelda w klimacie post-apo, dostajemy duży otwarty świat który po przejściu dobrze tłumaczącego mechaniki prologu (nie prowadzi za rączkę jak typowe AAA) praktycznie cały stoi przed nami otworem, fabuła jest tylko tłem ale dobrze nakreśla cel i daje motywację do gry.
Gameplay: gra nie wprowadza niczego całkowicie nowego, ale łączy w idealny sposób wiele znanych mechanik. Eksploracja jest genialnie zrealizowana, jeśli tylko pozwoli nam na to poziom staminy i nasze umiejętności jesteśmy w stanie dostać się wszędzie gdzie tylko zechcemy, świat jest wystarczający duży żeby móc na spokojnie eksplorować i poczuć klimat podróży, ale jednocześnie nie jest pusty, jeśli coś przykuje naszą uwagę, to najprawdopodobniej coś ciekawego tam znajdziemy. System walki jest prosty, ale satysfakcjonujący, a przez mnogość sposobów na eliminowanie przeciwników nie nudzi nawet pod koniec gry, tak na prawdę najgorsze walki to te z bossami, bo tam mamy ograniczoną przestrzeń i często wymuszony sposób walki. Mamy tu system niszczenia się broni, który wymusza na nas ciągłe zmienianie naszego rynsztunku i szukanie nowych broni, dzięki temu nawet jeśli znajdziemy na początku gry silny miecz, nie przejdziemy nim całej gry. Gra oferuje też wiele pomniejszych mechanik, takich jak jedzenie, temperatura, wspinaczka, latanie na lotni, moce które dostajemy w prologu, czy wierzchowce. 
Grafika i dźwięk: styl artystyczny doprze pasuje do gry, buduje klimat, udźwiękowienie też jest na najwyższym poziomie, z jedną wadą... praktycznie w grze nie uświadczymy dubbingu. Muzyka jak chyba w każdej zeldzie jest na bardzo wysokim poziomie i świetnie wpasowuje się w to gdzie jesteśmy i co aktualnie dzieje się na ekranie. Nie ma co ukrywać że gra momentami nie zachwyca szczegółowością tekstur czy rozdzielczością, ale to kwestia przestarzałej konsoli i na szczęście wersja na switch 2 eliminuje wszystkie te niedociągnięcia.
Wydajność/optymalizacja: Gra jest świetnie zoptymalizowana, wyciska z pierwszego pstryczka 100%, momentami zdarzają się chrupnięcia, czasy ładowania na pierwszym switch'u też nie są najkrótsze, ale nadal gra się przyjemnie, a nawet lekkie ścinki nie zaburzają gry i nie irytują, jest to na prawdę solidny port z WII'U. 
Najważniejsze + i -
+ Eksploracja!
+ Brak prowadzenia za rączkę
+ Ogrom aktywności w świecie gry
- Walki z bossami
- brak dubbingu...
Podsumowując, jest to gra która na pewno nie trafi do każdego, stawia na kreatywność gracza, eksploracje i sandboxowość, jeśli ktoś nie lubi takich sandboxowych otwartych światów i po prostu chce przebiec przez fabułę, jasne, można, ale w takim wypadku raczej nie polecam, ale dla graczy takich jak ja, którzy szukają dużego otwartego sandboxa nie prowadzącego za rączkę jest to tytuł obowiązkowy, obiektywnie gra ma niedociągnięcia, braki i nie jest idealna, więc na pewno nie zasługuje na 10/10, a raczej na solidne 8,5/10, ale dla mnie osobiście, to aktualnie najlepsza gra w jaką kiedykolwiek grałem!"
the-legend-of-zelda-breath-of-the-wild,"Apr 13, 2026",10,"Legend of Zelda: Breath of the Wild is by far the greatest open world game of all time, rivaling games like Skyrim and Ghost of Tsushima. Gameplay wise, you could spend 1000 hours in BotW and still not find every Korok Seed, Shrine, or shop. Its no wonder why this is the highest rated video game ever. All acclaim that this game receives is deserved. One of my favorite games of all time."
the-legend-of-zelda-breath-of-the-wild,"Apr 9, 2026",10,This game changed they way we look at games and experience them. The game evolves around the players no matter which way you choose while enjoying perfect mechanics and the most atmospheric scenery. All this is put together in simple but sophisticated way.
the-legend-of-zelda-breath-of-the-wild,"Apr 6, 2026",10,Honnestly this game changed the whole gaming industry forever its criminal to rate it below 10
the-legend-of-zelda-breath-of-the-wild,"Apr 5, 2026",10,"The best game I ever played. No game has that much freedom at all. The feeling when you step out of the shrine of living is amazing. And yet nearly 8 years later I still play this game. The Freedom to go wherever you want whenever you want is so good. The Story is perfect and you learn time after time the things you need to progress further
All in all is it the best game in the world of games"
the-legend-of-zelda-breath-of-the-wild,"Apr 5, 2026",10,Despite not being a perfect game (Tears would make it slightly better) it is almost perfect the world and how everything interacts is awesome. The best open world released still in 2026.
the-legend-of-zelda-breath-of-the-wild,"Apr 5, 2026",10,"An Amazing game with great graphics, open world area and repetitive gameplay that you can enjoy all the time, there are some flaws like the weapon durability system but overall it's amazing."
the-legend-of-zelda-breath-of-the-wild,"Apr 1, 2026",10,[SPOILER ALERT: This review contains spoilers.]
the-legend-of-zelda-breath-of-the-wild,"Mar 29, 2026",7,"cute, interesting world to discover, some parts are very underutilized and the shrine thing that you have to learn skills in those **** massive balls. The story was kinda whatever but it was a fun playthrough. 50 hours is **** mental however, and the end bossfight was way too easy in comparison to the other bossfights you had to do. A few parts of this game was a bit underwhelming but other than that it is a pretty solid one if you are into this kind of stuff."
the-legend-of-zelda-breath-of-the-wild,"Apr 2, 2026",10,"Ho giocato questo gioco tempo fa, e dopo aver giocato titoli famosi come Rdr2, TLOU 1/2, Ghost of Tsushima e tanti altri, questo rimane per me sempre in cima alla lista, per le tante cose da fare nel mondo open world e anche per una trama bellissima. La cosa fantastica di questo gioco è che la storia principale dura poco, ma è la voglia di scoprire ed esplorare che la fa allungare di tantissime ore."
the-legend-of-zelda-breath-of-the-wild,"Apr 2, 2026",10,"Candidate for my favourite game of all time. 

This game had multiple moments in which it took me back to the feeling of being a little kid experiencing the wonder of video games for the first time again."
the-legend-of-zelda-breath-of-the-wild,"Apr 1, 2026",9,"The most ""Open world"" open world an open world game can get without being too much, the exploration is great but not overwhelming."
the-legend-of-zelda-breath-of-the-wild,"Apr 1, 2026",10,[SPOILER ALERT: This review contains spoilers.]
the-legend-of-zelda-breath-of-the-wild,"Apr 1, 2026",9,"A complete masterpiece, Nintendo's second best (after TotK). It is a revolutionary game where you can explore a huge free world. The game is almost perfect but there is one problem: you cannot do anything with the drops from monsters and that is why TotK is better, they fixed it..."
the-legend-of-zelda-breath-of-the-wild,"Apr 1, 2026",10,"juegazo lo jugue con 15 años y lo seguire jugando igual, cada parte del mapa explorable es una belleza muy buen juego hoy con 22 años entiendo lo que fue para mi infancia y lo que sigue siendo es una obra maestra"
the-legend-of-zelda-breath-of-the-wild,"Mar 31, 2026",10,"Zelda: Breath of the Wild (9.9/10) is a masterclass in open-world design. Every corner of Hyrule feels alive, with physics-driven puzzles, dynamic weather, and stunning vistas. The freedom to explore, experiment, and approach challenges your way is unparalleled. Combat is satisfying, shrines are clever, and the story, though subtle, resonates. A breathtaking adventure that sets a new standard for gaming."
the-legend-of-zelda-breath-of-the-wild,"Mar 28, 2026",7,"The Legend of Zelda: Breath of The Wild has a wonderful open world and engaging concept for a story, but struggles to tell that story in a satisfying way and the player will spend more time doing tedious chores than adventuring."
the-legend-of-zelda-breath-of-the-wild,"Mar 28, 2026",10,"I simply love the exploration and setting of this game; the soundtrack and art direction drive me crazy. Needless to say, the freedom this game gives you is insane. Without a doubt, one of my favorites."
the-legend-of-zelda-breath-of-the-wild,"Mar 28, 2026",10,Uno de los mejores videojuegos que he jugado en mi vida. No hay palabras suficientes para describir todo lo que he podido vivir y sentir. Un imprescindible.
the-legend-of-zelda-breath-of-the-wild,"Mar 27, 2026",10,"Absolute masterpiece! The first game I played on switch! Open world, many things to explore and of course the following saying applies perfectly onto this game: Life is about the journey, not the destination. You're in a vast unknown world, you can go everywhere your eyes can see. Wherever you go there will be something to obtain, from completing a quest, or just getting a korok seed. The artwork is beautiful, the music is relaxing. It's not about rushing to complete this game. It's about exploring, picking a direction and just heading that way and whatever happens. I really wish i could forget this game and experience it once again from scratch. 10/10"
the-legend-of-zelda-breath-of-the-wild,"Mar 25, 2026",10,Este es sin duda alguna mi videojuego favorito con diferencia nunca me había encontrado con un juego tan hermoso y épico tal vez hable desde el amor que le tengo a esta saga pero no puedo dejar de decir lo mucho que amo este juego yo creo que nunca voy a encontrar un juego que me guste más que este
the-legend-of-zelda-breath-of-the-wild,"Mar 24, 2026",10,"One of the best games ever made. An incredibly beautiful world- so much to explore and find. 
This game truly encapsulates the sense of wonder of games of old.
Take your time with this game and enjoy every moment it has to offer- there is no wasted time when getting into this world."
the-legend-of-zelda-breath-of-the-wild,"Mar 24, 2026",10,"È un gioco perfetto, la grafica nel 2026 sembra quella di un gioco non curatissimo ma di certo non datato. Gameplay 10, QoL 10, grafica, se contiamo che il gioco sia tanto datato 10"
the-legend-of-zelda-breath-of-the-wild,"May 19, 2026",10,"The Legend of Zelda: Breath of the Wild is, hands down, the best game on the Nintendo Switch. It is totally different from any other Zelda game, featuring a completely open world with barely any boundaries. The controls are seamless, the story is compelling, and the graphics are amazing. If you own a Switch, a Wii U, or a Switch 2, the game is a must-play experience."
the-legend-of-zelda-breath-of-the-wild,"May 6, 2026",9,The game is not all that 97 on metacritic is tooo high the game is not top1 in fiction it's solid 9/10 and that's it
the-legend-of-zelda-breath-of-the-wild,"May 18, 2026",10,"It is an amazing game that still holds up to this day, this is my favorite game of all time nothing feels tedious and the shika slate abilities are amazing."
the-legend-of-zelda-breath-of-the-wild,"May 17, 2026",9,"très différent des différents jeux The Legend of Zelda, avec des armes que l'on récupère sur des ennemis majoritairement, qui se brisent etc. Malgré cet énorme changement dans la licence, le jeu reste incroyable"
the-legend-of-zelda-breath-of-the-wild,"May 17, 2026",9,[SPOILER ALERT: This review contains spoilers.]
the-legend-of-zelda-breath-of-the-wild,"May 17, 2026",10,Juegazo. tal vez el mejor que haya jugado en mi vida. la libertad de jugar sin que te digan a donde ir. la adrenalina de duración de armas. la música. su historia que si me atrapo a punta de recuerdos. es un juego 10/10 recomendado
the-legend-of-zelda-breath-of-the-wild,"May 17, 2026",3,"Surement un des pires jeux que j'ai acheté ...
Le jeu vous lâche au milieux de nul part et ne vous explique pas quoi faire et ou aller . Si vous aimez l'aventure je vous conseille alors Genshin Impact ."
the-legend-of-zelda-breath-of-the-wild,"May 13, 2026",10,"Such an amazing game, amazing graphics for its release and still amazing! I love fighting guardians and lynels. Master Mode makes the game even better!"
the-legend-of-zelda-breath-of-the-wild,"May 12, 2026",10,"A completely new chapter to zelda with open world mechanics and so much to see. A great amount to discover with a decent story and bosses.
A little repetitive at points, but that's just open world and you have to keep it fresh by doing other things.
Basically a must play on the list of top games."
the-legend-of-zelda-breath-of-the-wild,"May 10, 2026",9,"The Legend of Zelda: Breath of the Wild starts off medium‑fast: it doesn’t throw you into the open world immediately, but it does a great job teaching the basics. The tutorial island is tight, clear, and never feels like a boring checklist. By the time you leave the starting point, the game truly opens itself and becomes a reactive, fun, and interesting experience that keeps you engaged from minute one to final credits. A world that wants to be messed with. The sheer amount of things you can interact with is insane.•	You can set fires, cook, craft, experiment with weapons, and watch the world react: rain puts out flames, wind spreads fire, metal conducts electricity, and climbing works everywhere.•	There are tons of recipes, enemy types, sword types, and shields, so you never feel like you’re repeating the same loop.•	Every town and region has its own lore, vibe, and mini‑story, and the side quests are actual stories, not just “kill 10 monsters” spam.•	Easy‑minded enemies throw rocks at you, gang up if there are more of them, and try to flank you.•	Bigger enemies later on are even better, they’ll cover their weakness once you hit them, reposition, and force you to adapt. The characters are interesting and lovely, the towns look great, and the overall story is engaging enough to keep you invested, even when you’re off doing random side stuff. The enemies actually react how you fight them, which makes combat feel smart instead of just mindless.  There are many, many more little tweaks like this, and they make every fight feel like a tiny puzzle instead of a button‑mash. The game has:•	Cold sensor / heat sensor for different biomes,•	Noise sensor where a clanking weapon on your back makes your sneaking louder; unequip that loud sword and suddenly you’re way stealthier. These aren’t just “flavour” details: they’re real gameplay incentives to think about your gear, position, and timing. Want to take out multiple enemies?•	Shoot some fire arrows around them, make them panic, and then clean up the mess.•	The skeleton animations are hilarious! I’m not spoiling it; you just have to experience it yourself. Puzzles that actually feel like Zelda. I’m usually bad at puzzles, but the ones in Breath of the Wild make sense.•	They’re canon‑adjacent, not just “time‑waste” filler.•	They feel like real puzzles, not random busywork, and they’re actually fun to solve.  Resident Evil games could really learn from this: puzzles that match the world and don’t feel like homework. Loot, loot, and more loot The game is packed with loot:•	Weapons to pick up,•	Shields to experiment with,•	Food to cook,•	Items to trade,•	Side quests that feel meaningful. Even after you finish the main story, there’s a ton of content to keep you going. You can keep exploring, crafting, cooking, and doing side quests, and it still feels like you’re discovering something new. Final verdict: 10/10.  This is a fantastic f***king game and truly one of the best games ever. AFTER Beating the game: The game can be very hard, but very balanced if you use everything the game gives you."
the-legend-of-zelda-breath-of-the-wild,"May 8, 2026",10,A must play. Please if you are thinking about playing it. Play it. It is the best game I ever played.
the-legend-of-zelda-breath-of-the-wild,"May 5, 2026",10,"Потрясающая игра тем более для своего времени, очень привлекательная визуальная составляющая заманчивая графика дающая чувство сразу и ностальгия и чувство детства , физика потрясающая можно взаимодействовать почти с каждым предметом , потрясающая игра в которую можно провести просто огромная куча времени видно что разработчики проделали огромную работу по созданию такого супер детального мира отличный эксклюзив 10 из 10 тем более если мы вспоминаем 2017 год"
the-legend-of-zelda-breath-of-the-wild,"May 4, 2026",8,"This was my first Zelda game , so my expectations were high . Actually i like this game but i cant say 'this is the best video game has ever made in that it had more flow than i anticipated . Firstly , enemy variety is not enough . In my 100 hours experince i always fight same enemy types plus game is contain not much boss variety either . After that , game difficulty . i think this topic is controversial but i my opinion game is so basic in everyway . for example shrines i had very high expectations for the shrines so i am dissapointed . we have 5 diffierent ability actually abilities are enough but we are not combinating them . This leads us to keep making the same things over and over . Additionally , ı was bored in the last 10 hours since i had consumed all the bosses therefore i didnt find formidable enemy . Nonethless i think the game is peak . the game provided an exceptionally rewarding experience that kept me thoroughly engaged ."
the-legend-of-zelda-breath-of-the-wild,"Apr 29, 2026",10,"The best open-world game I've ever played. You can't put it down because you keep wanting to go here and do there. The mountains and hills, and the advantage of being at high altitude, just like in real life, are very well thought out. Although Divine Beasts seems structurally repetitive, each game takes place in a different biome. In short, once you start playing, you're faced with a masterpiece that you won't be able to put down and will keep you occupied for hours. I recommend it to everyone."
the-legend-of-zelda-breath-of-the-wild,"Apr 26, 2026",10,Un onde ouvert qui révolutionne le monde ouvert. Un sentiment de liberté dans un monde merveilleux. Graphismes qui vont très bien avec cette licence. A aucun moment je me suis ennuyé tellement l'envie de parcourir la map est présente.
the-legend-of-zelda-breath-of-the-wild,"Apr 26, 2026",10,"Tremendo juegazo lo he jugado mas de mil horas y nunca me aburre, definitivamente el mejor juego de mundo abierto de la historia"
the-legend-of-zelda-breath-of-the-wild,"Apr 25, 2026",9,"This game is system-buying worthy and that’s exactly what happened. I’ve pinned over playing this for 5 years and after finally experiencing it, I’m not disappointed. It’s huge, it's innovative, it's beautiful, it's nostalgic, it's new. Its only downfall is the lack of a story. Zelda titles previously have been at the top tier in storytelling and this story is underbaked and unsatisfying."
the-legend-of-zelda-breath-of-the-wild,"Apr 23, 2026",10,Best zelda game hands down! Everything is amazing buy this game you wont regret it!
the-legend-of-zelda-breath-of-the-wild,"Apr 23, 2026",9,"2017 REVISITED: A REVOLUTION IN FREEDOM: Looking back at 2017, it’s hard to overstate how much this game changed the industry. While other open-world games were obsessed with checklists and map markers, Breath of the Wild gave us a paraglider and told us to ""go."" The true greatness of this game lies in its physics-based chemistry system. Whether you were using a metal sword to attract lightning during a storm or freezing a boulder to launch it at a camp, the game rewarded curiosity in a way that felt truly revolutionary at the time. TECHNICAL PERFORMANCE: AGING WITH GRACE: Does it show its age? Yes. When played today, you’ll notice the 30 FPS cap (granted, there is a switch 2 edition, but it costs money) and the occasional frame dips in dense areas like Korok Forest. However, the art style is so strong that it masks the technical limitations of the original Switch hardware. The painterly, watercolor aesthetic ensures that Hyrule still feels vast and inviting, rather than ""outdated."" It’s a testament to the art direction that a game from 2017 can still stand side-by-side with modern Switch 2 titles without feeling out of place. THE WORLD: A RELEVANT MASTERPIECE: The most surprising thing about playing this today is how relevant it remains. Many games have tried to copy the ""Zelda formula,"" but few capture the same sense of lonely, quiet exploration. The lack of a constant music track—replaced by the sounds of wind and grass—makes the world feel alive and ""lived-in."" Even with its sequel out in the world, the original journey of Link waking up in the Shrine of Resurrection still carries a weight and a simplicity that is unmatched. THE DURABILITY DILEMMA: If there is one thing that frustrates me the most in this game, it’s definitely the weapon durability system. While it encourages you to try new gear, it can still feel frustrating to have a legendary weapon shatter after a single encounter. It creates a ""hoarding"" mentality that sometimes clashes with the game’s otherwise perfect sense of freedom. PROS: Unrivaled sense of exploration and freedom. Timeless art style that still looks beautiful today. The ""Chemistry Engine"" allows for insane player creativity. CONS: Divisive weapon durability system.Occasional frame rate stutters in busy environments. THE FINAL VERDICT: 9/10: In 2017, this game was a 10/10. Today, it remains a near-perfect 9/10. It is a technical marvel of its time that has aged with incredible grace. Even with newer titles pushing hardware further, the original ""Breath"" remains an essential, quiet, and breathtaking journey that every gamer should experience at least once."
the-legend-of-zelda-breath-of-the-wild,"Apr 19, 2026",10,"One of the greatest games of all time, the freedom I experienced when playing this game for the first time was unbelievable. The individuality of every playthrough makes it one of the most replayable games out there."
the-legend-of-zelda-breath-of-the-wild,"Oct 29, 2025",10,"At first I was a bit bored from this game. The starting area is a bit tedious. But then it became super fun and addicting - exploring the different areas of the map, not knowing what you will find makes you want to keep playing the game. The shrines are neat puzzles, some of which really test your problem solving skills.

The combat is descent. I like how you can get better by learning to parry and flurry rush, but it can get repetitive a bit boring after like 50 hoursm but exploring is the thing that makes the game a masterpiece so it isn't a problem. Plus there are many different weapons with different natural abilities (fire, ice...) that make it more interesting.

The story is intriguing and you help figure stuff out by finding memories (which you access by playing like geoguessr which is fun). The characters can be a bit goofy and have intereseting things to say.

The quest are ok I guess. Some are very hard to figure out so you will probably need to look them up on youtube.

The only thing I genuinely don't like is that there isn't a big variety in enemies. There are only 3-4 enemy types in the different zones and it does get a bit dull, but as I said combat is not the main part of the game (it does play a hue big, but exploration is number 1)."
the-legend-of-zelda-breath-of-the-wild,"Apr 17, 2026",10,"Melhor jogo que eu joguei na minha vida! Nunca tinha jogado nada do universo Zelda. Porém, fiquei totalmente fascinado."
the-legend-of-zelda-breath-of-the-wild,"Jul 4, 2025",10,Il miglior gioco del mondo insieme a rdr2. Grafica ottima e storia bella. Incredibile.
the-legend-of-zelda-breath-of-the-wild,"Apr 16, 2026",10,"Prawdziwy powiew świeżości w grach video.
The Legend of Zelda: Breath of the Wild przywraca na nowo radość z grania."
the-legend-of-zelda-breath-of-the-wild,"Apr 16, 2026",10,a really nice game with cool graphics and a very interesting story and good controls
the-legend-of-zelda-breath-of-the-wild,"Apr 14, 2026",10,"Este juego me marcó demasiado, es de esos juegos que cuando necesitas desconectar de la vida diaria, está ahí para poder apoyarte en el y disfrutarlo como si no hubiera un mañana. El juego para mí podría ser mejorable en algunos aspectos, pero muy pocos, porque en general me parece sublime y le tengo un inmenso cariño. Gracias Nintendo por crear este tipo de joyas."
the-legend-of-zelda-breath-of-the-wild,"Apr 14, 2026",10,"Легенда Зельди найчудовіша гра на світч персонально для мене, мила, красива по своєму. Бойовка, на справді, легка, але для мене як для новачка світу консолей було складнувато."
the-legend-of-zelda-breath-of-the-wild,"Apr 12, 2026",10,"Jeśli ktoś szuka sandboxa na ponad 100h, must have!
Jeśli ktoś nie lubi eksploracji i sandboxowych otwartych światów, to raczej się odbije...

Kontekst: Zelda w klimacie post-apo, dostajemy duży otwarty świat który po przejściu dobrze tłumaczącego mechaniki prologu (nie prowadzi za rączkę jak typowe AAA) praktycznie cały stoi przed nami otworem, fabuła jest tylko tłem ale dobrze nakreśla cel i daje motywację do gry.
Gameplay: gra nie wprowadza niczego całkowicie nowego, ale łączy w idealny sposób wiele znanych mechanik. Eksploracja jest genialnie zrealizowana, jeśli tylko pozwoli nam na to poziom staminy i nasze umiejętności jesteśmy w stanie dostać się wszędzie gdzie tylko zechcemy, świat jest wystarczający duży żeby móc na spokojnie eksplorować i poczuć klimat podróży, ale jednocześnie nie jest pusty, jeśli coś przykuje naszą uwagę, to najprawdopodobniej coś ciekawego tam znajdziemy. System walki jest prosty, ale satysfakcjonujący, a przez mnogość sposobów na eliminowanie przeciwników nie nudzi nawet pod koniec gry, tak na prawdę najgorsze walki to te z bossami, bo tam mamy ograniczoną przestrzeń i często wymuszony sposób walki. Mamy tu system niszczenia się broni, który wymusza na nas ciągłe zmienianie naszego rynsztunku i szukanie nowych broni, dzięki temu nawet jeśli znajdziemy na początku gry silny miecz, nie przejdziemy nim całej gry. Gra oferuje też wiele pomniejszych mechanik, takich jak jedzenie, temperatura, wspinaczka, latanie na lotni, moce które dostajemy w prologu, czy wierzchowce. 
Grafika i dźwięk: styl artystyczny doprze pasuje do gry, buduje klimat, udźwiękowienie też jest na najwyższym poziomie, z jedną wadą... praktycznie w grze nie uświadczymy dubbingu. Muzyka jak chyba w każdej zeldzie jest na bardzo wysokim poziomie i świetnie wpasowuje się w to gdzie jesteśmy i co aktualnie dzieje się na ekranie. Nie ma co ukrywać że gra momentami nie zachwyca szczegółowością tekstur czy rozdzielczością, ale to kwestia przestarzałej konsoli i na szczęście wersja na switch 2 eliminuje wszystkie te niedociągnięcia.
Wydajność/optymalizacja: Gra jest świetnie zoptymalizowana, wyciska z pierwszego pstryczka 100%, momentami zdarzają się chrupnięcia, czasy ładowania na pierwszym switch'u też nie są najkrótsze, ale nadal gra się przyjemnie, a nawet lekkie ścinki nie zaburzają gry i nie irytują, jest to na prawdę solidny port z WII'U. 
Najważniejsze + i -
+ Eksploracja!
+ Brak prowadzenia za rączkę
+ Ogrom aktywności w świecie gry
- Walki z bossami
- brak dubbingu...
Podsumowując, jest to gra która na pewno nie trafi do każdego, stawia na kreatywność gracza, eksploracje i sandboxowość, jeśli ktoś nie lubi takich sandboxowych otwartych światów i po prostu chce przebiec przez fabułę, jasne, można, ale w takim wypadku raczej nie polecam, ale dla graczy takich jak ja, którzy szukają dużego otwartego sandboxa nie prowadzącego za rączkę jest to tytuł obowiązkowy, obiektywnie gra ma niedociągnięcia, braki i nie jest idealna, więc na pewno nie zasługuje na 10/10, a raczej na solidne 8,5/10, ale dla mnie osobiście, to aktualnie najlepsza gra w jaką kiedykolwiek grałem!"
the-legend-of-zelda-breath-of-the-wild,"Apr 13, 2026",10,"Legend of Zelda: Breath of the Wild is by far the greatest open world game of all time, rivaling games like Skyrim and Ghost of Tsushima. Gameplay wise, you could spend 1000 hours in BotW and still not find every Korok Seed, Shrine, or shop. Its no wonder why this is the highest rated video game ever. All acclaim that this game receives is deserved. One of my favorite games of all time."
the-legend-of-zelda-breath-of-the-wild,"Apr 9, 2026",10,This game changed they way we look at games and experience them. The game evolves around the players no matter which way you choose while enjoying perfect mechanics and the most atmospheric scenery. All this is put together in simple but sophisticated way.
the-legend-of-zelda-breath-of-the-wild,"Apr 6, 2026",10,Honnestly this game changed the whole gaming industry forever its criminal to rate it below 10
the-legend-of-zelda-breath-of-the-wild,"Apr 5, 2026",10,"The best game I ever played. No game has that much freedom at all. The feeling when you step out of the shrine of living is amazing. And yet nearly 8 years later I still play this game. The Freedom to go wherever you want whenever you want is so good. The Story is perfect and you learn time after time the things you need to progress further
All in all is it the best game in the world of games"
the-legend-of-zelda-breath-of-the-wild,"Apr 5, 2026",10,Despite not being a perfect game (Tears would make it slightly better) it is almost perfect the world and how everything interacts is awesome. The best open world released still in 2026.
the-legend-of-zelda-breath-of-the-wild,"Apr 5, 2026",10,"An Amazing game with great graphics, open world area and repetitive gameplay that you can enjoy all the time, there are some flaws like the weapon durability system but overall it's amazing."
the-legend-of-zelda-breath-of-the-wild,"Apr 1, 2026",10,[SPOILER ALERT: This review contains spoilers.]
the-legend-of-zelda-breath-of-the-wild,"Mar 29, 2026",7,"cute, interesting world to discover, some parts are very underutilized and the shrine thing that you have to learn skills in those **** massive balls. The story was kinda whatever but it was a fun playthrough. 50 hours is **** mental however, and the end bossfight was way too easy in comparison to the other bossfights you had to do. A few parts of this game was a bit underwhelming but other than that it is a pretty solid one if you are into this kind of stuff."
the-legend-of-zelda-breath-of-the-wild,"Apr 2, 2026",10,"Ho giocato questo gioco tempo fa, e dopo aver giocato titoli famosi come Rdr2, TLOU 1/2, Ghost of Tsushima e tanti altri, questo rimane per me sempre in cima alla lista, per le tante cose da fare nel mondo open world e anche per una trama bellissima. La cosa fantastica di questo gioco è che la storia principale dura poco, ma è la voglia di scoprire ed esplorare che la fa allungare di tantissime ore."
the-legend-of-zelda-breath-of-the-wild,"Apr 2, 2026",10,"Candidate for my favourite game of all time. 

This game had multiple moments in which it took me back to the feeling of being a little kid experiencing the wonder of video games for the first time again."
the-legend-of-zelda-breath-of-the-wild,"Apr 1, 2026",9,"The most ""Open world"" open world an open world game can get without being too much, the exploration is great but not overwhelming."
the-legend-of-zelda-breath-of-the-wild,"Apr 1, 2026",10,[SPOILER ALERT: This review contains spoilers.]
the-legend-of-zelda-breath-of-the-wild,"Apr 1, 2026",9,"A complete masterpiece, Nintendo's second best (after TotK). It is a revolutionary game where you can explore a huge free world. The game is almost perfect but there is one problem: you cannot do anything with the drops from monsters and that is why TotK is better, they fixed it..."
the-legend-of-zelda-breath-of-the-wild,"Apr 1, 2026",10,"juegazo lo jugue con 15 años y lo seguire jugando igual, cada parte del mapa explorable es una belleza muy buen juego hoy con 22 años entiendo lo que fue para mi infancia y lo que sigue siendo es una obra maestra"
the-legend-of-zelda-breath-of-the-wild,"Mar 31, 2026",10,"Zelda: Breath of the Wild (9.9/10) is a masterclass in open-world design. Every corner of Hyrule feels alive, with physics-driven puzzles, dynamic weather, and stunning vistas. The freedom to explore, experiment, and approach challenges your way is unparalleled. Combat is satisfying, shrines are clever, and the story, though subtle, resonates. A breathtaking adventure that sets a new standard for gaming."
the-legend-of-zelda-breath-of-the-wild,"Mar 28, 2026",7,"The Legend of Zelda: Breath of The Wild has a wonderful open world and engaging concept for a story, but struggles to tell that story in a satisfying way and the player will spend more time doing tedious chores than adventuring."
the-legend-of-zelda-breath-of-the-wild,"Mar 28, 2026",10,"I simply love the exploration and setting of this game; the soundtrack and art direction drive me crazy. Needless to say, the freedom this game gives you is insane. Without a doubt, one of my favorites."
the-legend-of-zelda-breath-of-the-wild,"Mar 28, 2026",10,Uno de los mejores videojuegos que he jugado en mi vida. No hay palabras suficientes para describir todo lo que he podido vivir y sentir. Un imprescindible.
the-legend-of-zelda-breath-of-the-wild,"Mar 27, 2026",10,"Absolute masterpiece! The first game I played on switch! Open world, many things to explore and of course the following saying applies perfectly onto this game: Life is about the journey, not the destination. You're in a vast unknown world, you can go everywhere your eyes can see. Wherever you go there will be something to obtain, from completing a quest, or just getting a korok seed. The artwork is beautiful, the music is relaxing. It's not about rushing to complete this game. It's about exploring, picking a direction and just heading that way and whatever happens. I really wish i could forget this game and experience it once again from scratch. 10/10"
the-legend-of-zelda-breath-of-the-wild,"Mar 25, 2026",10,Este es sin duda alguna mi videojuego favorito con diferencia nunca me había encontrado con un juego tan hermoso y épico tal vez hable desde el amor que le tengo a esta saga pero no puedo dejar de decir lo mucho que amo este juego yo creo que nunca voy a encontrar un juego que me guste más que este
the-legend-of-zelda-breath-of-the-wild,"Mar 24, 2026",10,"One of the best games ever made. An incredibly beautiful world- so much to explore and find. 
This game truly encapsulates the sense of wonder of games of old.
Take your time with this game and enjoy every moment it has to offer- there is no wasted time when getting into this world."
the-legend-of-zelda-breath-of-the-wild,"Mar 24, 2026",10,"È un gioco perfetto, la grafica nel 2026 sembra quella di un gioco non curatissimo ma di certo non datato. Gameplay 10, QoL 10, grafica, se contiamo che il gioco sia tanto datato 10"
the-legend-of-zelda-breath-of-the-wild,"May 19, 2026",10,"The Legend of Zelda: Breath of the Wild is, hands down, the best game on the Nintendo Switch. It is totally different from any other Zelda game, featuring a completely open world with barely any boundaries. The controls are seamless, the story is compelling, and the graphics are amazing. If you own a Switch, a Wii U, or a Switch 2, the game is a must-play experience."
the-legend-of-zelda-breath-of-the-wild,"May 6, 2026",9,The game is not all that 97 on metacritic is tooo high the game is not top1 in fiction it's solid 9/10 and that's it
the-legend-of-zelda-breath-of-the-wild,"May 18, 2026",10,"It is an amazing game that still holds up to this day, this is my favorite game of all time nothing feels tedious and the shika slate abilities are amazing."
the-legend-of-zelda-breath-of-the-wild,"May 17, 2026",9,"très différent des différents jeux The Legend of Zelda, avec des armes que l'on récupère sur des ennemis majoritairement, qui se brisent etc. Malgré cet énorme changement dans la licence, le jeu reste incroyable"
the-legend-of-zelda-breath-of-the-wild,"May 17, 2026",9,[SPOILER ALERT: This review contains spoilers.]
the-legend-of-zelda-breath-of-the-wild,"May 17, 2026",10,Juegazo. tal vez el mejor que haya jugado en mi vida. la libertad de jugar sin que te digan a donde ir. la adrenalina de duración de armas. la música. su historia que si me atrapo a punta de recuerdos. es un juego 10/10 recomendado
the-legend-of-zelda-breath-of-the-wild,"May 17, 2026",3,"Surement un des pires jeux que j'ai acheté ...
Le jeu vous lâche au milieux de nul part et ne vous explique pas quoi faire et ou aller . Si vous aimez l'aventure je vous conseille alors Genshin Impact ."
the-legend-of-zelda-breath-of-the-wild,"May 13, 2026",10,"Such an amazing game, amazing graphics for its release and still amazing! I love fighting guardians and lynels. Master Mode makes the game even better!"
the-legend-of-zelda-breath-of-the-wild,"May 12, 2026",10,"A completely new chapter to zelda with open world mechanics and so much to see. A great amount to discover with a decent story and bosses.
A little repetitive at points, but that's just open world and you have to keep it fresh by doing other things.
Basically a must play on the list of top games."
the-legend-of-zelda-breath-of-the-wild,"May 10, 2026",9,"The Legend of Zelda: Breath of the Wild starts off medium‑fast: it doesn’t throw you into the open world immediately, but it does a great job teaching the basics. The tutorial island is tight, clear, and never feels like a boring checklist. By the time you leave the starting point, the game truly opens itself and becomes a reactive, fun, and interesting experience that keeps you engaged from minute one to final credits. A world that wants to be messed with. The sheer amount of things you can interact with is insane.•	You can set fires, cook, craft, experiment with weapons, and watch the world react: rain puts out flames, wind spreads fire, metal conducts electricity, and climbing works everywhere.•	There are tons of recipes, enemy types, sword types, and shields, so you never feel like you’re repeating the same loop.•	Every town and region has its own lore, vibe, and mini‑story, and the side quests are actual stories, not just “kill 10 monsters” spam.•	Easy‑minded enemies throw rocks at you, gang up if there are more of them, and try to flank you.•	Bigger enemies later on are even better, they’ll cover their weakness once you hit them, reposition, and force you to adapt. The characters are interesting and lovely, the towns look great, and the overall story is engaging enough to keep you invested, even when you’re off doing random side stuff. The enemies actually react how you fight them, which makes combat feel smart instead of just mindless.  There are many, many more little tweaks like this, and they make every fight feel like a tiny puzzle instead of a button‑mash. The game has:•	Cold sensor / heat sensor for different biomes,•	Noise sensor where a clanking weapon on your back makes your sneaking louder; unequip that loud sword and suddenly you’re way stealthier. These aren’t just “flavour” details: they’re real gameplay incentives to think about your gear, position, and timing. Want to take out multiple enemies?•	Shoot some fire arrows around them, make them panic, and then clean up the mess.•	The skeleton animations are hilarious! I’m not spoiling it; you just have to experience it yourself. Puzzles that actually feel like Zelda. I’m usually bad at puzzles, but the ones in Breath of the Wild make sense.•	They’re canon‑adjacent, not just “time‑waste” filler.•	They feel like real puzzles, not random busywork, and they’re actually fun to solve.  Resident Evil games could really learn from this: puzzles that match the world and don’t feel like homework. Loot, loot, and more loot The game is packed with loot:•	Weapons to pick up,•	Shields to experiment with,•	Food to cook,•	Items to trade,•	Side quests that feel meaningful. Even after you finish the main story, there’s a ton of content to keep you going. You can keep exploring, crafting, cooking, and doing side quests, and it still feels like you’re discovering something new. Final verdict: 10/10.  This is a fantastic f***king game and truly one of the best games ever. AFTER Beating the game: The game can be very hard, but very balanced if you use everything the game gives you."
the-legend-of-zelda-breath-of-the-wild,"May 8, 2026",10,A must play. Please if you are thinking about playing it. Play it. It is the best game I ever played.
the-legend-of-zelda-breath-of-the-wild,"May 5, 2026",10,"Потрясающая игра тем более для своего времени, очень привлекательная визуальная составляющая заманчивая графика дающая чувство сразу и ностальгия и чувство детства , физика потрясающая можно взаимодействовать почти с каждым предметом , потрясающая игра в которую можно провести просто огромная куча времени видно что разработчики проделали огромную работу по созданию такого супер детального мира отличный эксклюзив 10 из 10 тем более если мы вспоминаем 2017 год"
the-legend-of-zelda-breath-of-the-wild,"May 4, 2026",8,"This was my first Zelda game , so my expectations were high . Actually i like this game but i cant say 'this is the best video game has ever made in that it had more flow than i anticipated . Firstly , enemy variety is not enough . In my 100 hours experince i always fight same enemy types plus game is contain not much boss variety either . After that , game difficulty . i think this topic is controversial but i my opinion game is so basic in everyway . for example shrines i had very high expectations for the shrines so i am dissapointed . we have 5 diffierent ability actually abilities are enough but we are not combinating them . This leads us to keep making the same things over and over . Additionally , ı was bored in the last 10 hours since i had consumed all the bosses therefore i didnt find formidable enemy . Nonethless i think the game is peak . the game provided an exceptionally rewarding experience that kept me thoroughly engaged ."
the-legend-of-zelda-breath-of-the-wild,"Apr 29, 2026",10,"The best open-world game I've ever played. You can't put it down because you keep wanting to go here and do there. The mountains and hills, and the advantage of being at high altitude, just like in real life, are very well thought out. Although Divine Beasts seems structurally repetitive, each game takes place in a different biome. In short, once you start playing, you're faced with a masterpiece that you won't be able to put down and will keep you occupied for hours. I recommend it to everyone."
the-legend-of-zelda-breath-of-the-wild,"Apr 26, 2026",10,Un onde ouvert qui révolutionne le monde ouvert. Un sentiment de liberté dans un monde merveilleux. Graphismes qui vont très bien avec cette licence. A aucun moment je me suis ennuyé tellement l'envie de parcourir la map est présente.
the-legend-of-zelda-breath-of-the-wild,"Apr 26, 2026",10,"Tremendo juegazo lo he jugado mas de mil horas y nunca me aburre, definitivamente el mejor juego de mundo abierto de la historia"
the-legend-of-zelda-breath-of-the-wild,"Apr 25, 2026",9,"This game is system-buying worthy and that’s exactly what happened. I’ve pinned over playing this for 5 years and after finally experiencing it, I’m not disappointed. It’s huge, it's innovative, it's beautiful, it's nostalgic, it's new. Its only downfall is the lack of a story. Zelda titles previously have been at the top tier in storytelling and this story is underbaked and unsatisfying."
the-legend-of-zelda-breath-of-the-wild,"Apr 23, 2026",10,Best zelda game hands down! Everything is amazing buy this game you wont regret it!
the-legend-of-zelda-breath-of-the-wild,"Apr 23, 2026",9,"2017 REVISITED: A REVOLUTION IN FREEDOM: Looking back at 2017, it’s hard to overstate how much this game changed the industry. While other open-world games were obsessed with checklists and map markers, Breath of the Wild gave us a paraglider and told us to ""go."" The true greatness of this game lies in its physics-based chemistry system. Whether you were using a metal sword to attract lightning during a storm or freezing a boulder to launch it at a camp, the game rewarded curiosity in a way that felt truly revolutionary at the time. TECHNICAL PERFORMANCE: AGING WITH GRACE: Does it show its age? Yes. When played today, you’ll notice the 30 FPS cap (granted, there is a switch 2 edition, but it costs money) and the occasional frame dips in dense areas like Korok Forest. However, the art style is so strong that it masks the technical limitations of the original Switch hardware. The painterly, watercolor aesthetic ensures that Hyrule still feels vast and inviting, rather than ""outdated."" It’s a testament to the art direction that a game from 2017 can still stand side-by-side with modern Switch 2 titles without feeling out of place. THE WORLD: A RELEVANT MASTERPIECE: The most surprising thing about playing this today is how relevant it remains. Many games have tried to copy the ""Zelda formula,"" but few capture the same sense of lonely, quiet exploration. The lack of a constant music track—replaced by the sounds of wind and grass—makes the world feel alive and ""lived-in."" Even with its sequel out in the world, the original journey of Link waking up in the Shrine of Resurrection still carries a weight and a simplicity that is unmatched. THE DURABILITY DILEMMA: If there is one thing that frustrates me the most in this game, it’s definitely the weapon durability system. While it encourages you to try new gear, it can still feel frustrating to have a legendary weapon shatter after a single encounter. It creates a ""hoarding"" mentality that sometimes clashes with the game’s otherwise perfect sense of freedom. PROS: Unrivaled sense of exploration and freedom. Timeless art style that still looks beautiful today. The ""Chemistry Engine"" allows for insane player creativity. CONS: Divisive weapon durability system.Occasional frame rate stutters in busy environments. THE FINAL VERDICT: 9/10: In 2017, this game was a 10/10. Today, it remains a near-perfect 9/10. It is a technical marvel of its time that has aged with incredible grace. Even with newer titles pushing hardware further, the original ""Breath"" remains an essential, quiet, and breathtaking journey that every gamer should experience at least once."
the-legend-of-zelda-breath-of-the-wild,"Apr 19, 2026",10,"One of the greatest games of all time, the freedom I experienced when playing this game for the first time was unbelievable. The individuality of every playthrough makes it one of the most replayable games out there."
the-legend-of-zelda-breath-of-the-wild,"Oct 29, 2025",10,"At first I was a bit bored from this game. The starting area is a bit tedious. But then it became super fun and addicting - exploring the different areas of the map, not knowing what you will find makes you want to keep playing the game. The shrines are neat puzzles, some of which really test your problem solving skills.

The combat is descent. I like how you can get better by learning to parry and flurry rush, but it can get repetitive a bit boring after like 50 hoursm but exploring is the thing that makes the game a masterpiece so it isn't a problem. Plus there are many different weapons with different natural abilities (fire, ice...) that make it more interesting.

The story is intriguing and you help figure stuff out by finding memories (which you access by playing like geoguessr which is fun). The characters can be a bit goofy and have intereseting things to say.

The quest are ok I guess. Some are very hard to figure out so you will probably need to look them up on youtube.

The only thing I genuinely don't like is that there isn't a big variety in enemies. There are only 3-4 enemy types in the different zones and it does get a bit dull, but as I said combat is not the main part of the game (it does play a hue big, but exploration is number 1)."
the-legend-of-zelda-breath-of-the-wild,"Apr 17, 2026",10,"Melhor jogo que eu joguei na minha vida! Nunca tinha jogado nada do universo Zelda. Porém, fiquei totalmente fascinado."
the-legend-of-zelda-breath-of-the-wild,"Jul 4, 2025",10,Il miglior gioco del mondo insieme a rdr2. Grafica ottima e storia bella. Incredibile.
the-legend-of-zelda-breath-of-the-wild,"Apr 16, 2026",10,"Prawdziwy powiew świeżości w grach video.
The Legend of Zelda: Breath of the Wild przywraca na nowo radość z grania."
the-legend-of-zelda-breath-of-the-wild,"Apr 16, 2026",10,a really nice game with cool graphics and a very interesting story and good controls
the-legend-of-zelda-breath-of-the-wild,"Apr 14, 2026",10,"Este juego me marcó demasiado, es de esos juegos que cuando necesitas desconectar de la vida diaria, está ahí para poder apoyarte en el y disfrutarlo como si no hubiera un mañana. El juego para mí podría ser mejorable en algunos aspectos, pero muy pocos, porque en general me parece sublime y le tengo un inmenso cariño. Gracias Nintendo por crear este tipo de joyas."
the-legend-of-zelda-breath-of-the-wild,"Apr 14, 2026",10,"Легенда Зельди найчудовіша гра на світч персонально для мене, мила, красива по своєму. Бойовка, на справді, легка, але для мене як для новачка світу консолей було складнувато."
the-legend-of-zelda-breath-of-the-wild,"Apr 12, 2026",10,"Jeśli ktoś szuka sandboxa na ponad 100h, must have!
Jeśli ktoś nie lubi eksploracji i sandboxowych otwartych światów, to raczej się odbije...

Kontekst: Zelda w klimacie post-apo, dostajemy duży otwarty świat który po przejściu dobrze tłumaczącego mechaniki prologu (nie prowadzi za rączkę jak typowe AAA) praktycznie cały stoi przed nami otworem, fabuła jest tylko tłem ale dobrze nakreśla cel i daje motywację do gry.
Gameplay: gra nie wprowadza niczego całkowicie nowego, ale łączy w idealny sposób wiele znanych mechanik. Eksploracja jest genialnie zrealizowana, jeśli tylko pozwoli nam na to poziom staminy i nasze umiejętności jesteśmy w stanie dostać się wszędzie gdzie tylko zechcemy, świat jest wystarczający duży żeby móc na spokojnie eksplorować i poczuć klimat podróży, ale jednocześnie nie jest pusty, jeśli coś przykuje naszą uwagę, to najprawdopodobniej coś ciekawego tam znajdziemy. System walki jest prosty, ale satysfakcjonujący, a przez mnogość sposobów na eliminowanie przeciwników nie nudzi nawet pod koniec gry, tak na prawdę najgorsze walki to te z bossami, bo tam mamy ograniczoną przestrzeń i często wymuszony sposób walki. Mamy tu system niszczenia się broni, który wymusza na nas ciągłe zmienianie naszego rynsztunku i szukanie nowych broni, dzięki temu nawet jeśli znajdziemy na początku gry silny miecz, nie przejdziemy nim całej gry. Gra oferuje też wiele pomniejszych mechanik, takich jak jedzenie, temperatura, wspinaczka, latanie na lotni, moce które dostajemy w prologu, czy wierzchowce. 
Grafika i dźwięk: styl artystyczny doprze pasuje do gry, buduje klimat, udźwiękowienie też jest na najwyższym poziomie, z jedną wadą... praktycznie w grze nie uświadczymy dubbingu. Muzyka jak chyba w każdej zeldzie jest na bardzo wysokim poziomie i świetnie wpasowuje się w to gdzie jesteśmy i co aktualnie dzieje się na ekranie. Nie ma co ukrywać że gra momentami nie zachwyca szczegółowością tekstur czy rozdzielczością, ale to kwestia przestarzałej konsoli i na szczęście wersja na switch 2 eliminuje wszystkie te niedociągnięcia.
Wydajność/optymalizacja: Gra jest świetnie zoptymalizowana, wyciska z pierwszego pstryczka 100%, momentami zdarzają się chrupnięcia, czasy ładowania na pierwszym switch'u też nie są najkrótsze, ale nadal gra się przyjemnie, a nawet lekkie ścinki nie zaburzają gry i nie irytują, jest to na prawdę solidny port z WII'U. 
Najważniejsze + i -
+ Eksploracja!
+ Brak prowadzenia za rączkę
+ Ogrom aktywności w świecie gry
- Walki z bossami
- brak dubbingu...
Podsumowując, jest to gra która na pewno nie trafi do każdego, stawia na kreatywność gracza, eksploracje i sandboxowość, jeśli ktoś nie lubi takich sandboxowych otwartych światów i po prostu chce przebiec przez fabułę, jasne, można, ale w takim wypadku raczej nie polecam, ale dla graczy takich jak ja, którzy szukają dużego otwartego sandboxa nie prowadzącego za rączkę jest to tytuł obowiązkowy, obiektywnie gra ma niedociągnięcia, braki i nie jest idealna, więc na pewno nie zasługuje na 10/10, a raczej na solidne 8,5/10, ale dla mnie osobiście, to aktualnie najlepsza gra w jaką kiedykolwiek grałem!"
the-legend-of-zelda-breath-of-the-wild,"Apr 13, 2026",10,"Legend of Zelda: Breath of the Wild is by far the greatest open world game of all time, rivaling games like Skyrim and Ghost of Tsushima. Gameplay wise, you could spend 1000 hours in BotW and still not find every Korok Seed, Shrine, or shop. Its no wonder why this is the highest rated video game ever. All acclaim that this game receives is deserved. One of my favorite games of all time."
the-legend-of-zelda-breath-of-the-wild,"Apr 9, 2026",10,This game changed they way we look at games and experience them. The game evolves around the players no matter which way you choose while enjoying perfect mechanics and the most atmospheric scenery. All this is put together in simple but sophisticated way.
the-legend-of-zelda-breath-of-the-wild,"Apr 6, 2026",10,Honnestly this game changed the whole gaming industry forever its criminal to rate it below 10
the-legend-of-zelda-breath-of-the-wild,"Apr 5, 2026",10,"The best game I ever played. No game has that much freedom at all. The feeling when you step out of the shrine of living is amazing. And yet nearly 8 years later I still play this game. The Freedom to go wherever you want whenever you want is so good. The Story is perfect and you learn time after time the things you need to progress further
All in all is it the best game in the world of games"
the-legend-of-zelda-breath-of-the-wild,"Apr 5, 2026",10,Despite not being a perfect game (Tears would make it slightly better) it is almost perfect the world and how everything interacts is awesome. The best open world released still in 2026.
the-legend-of-zelda-breath-of-the-wild,"Apr 5, 2026",10,"An Amazing game with great graphics, open world area and repetitive gameplay that you can enjoy all the time, there are some flaws like the weapon durability system but overall it's amazing."
the-legend-of-zelda-breath-of-the-wild,"Apr 1, 2026",10,[SPOILER ALERT: This review contains spoilers.]
the-legend-of-zelda-breath-of-the-wild,"Mar 29, 2026",7,"cute, interesting world to discover, some parts are very underutilized and the shrine thing that you have to learn skills in those **** massive balls. The story was kinda whatever but it was a fun playthrough. 50 hours is **** mental however, and the end bossfight was way too easy in comparison to the other bossfights you had to do. A few parts of this game was a bit underwhelming but other than that it is a pretty solid one if you are into this kind of stuff."
the-legend-of-zelda-breath-of-the-wild,"Apr 2, 2026",10,"Ho giocato questo gioco tempo fa, e dopo aver giocato titoli famosi come Rdr2, TLOU 1/2, Ghost of Tsushima e tanti altri, questo rimane per me sempre in cima alla lista, per le tante cose da fare nel mondo open world e anche per una trama bellissima. La cosa fantastica di questo gioco è che la storia principale dura poco, ma è la voglia di scoprire ed esplorare che la fa allungare di tantissime ore."
the-legend-of-zelda-breath-of-the-wild,"Apr 2, 2026",10,"Candidate for my favourite game of all time. 

This game had multiple moments in which it took me back to the feeling of being a little kid experiencing the wonder of video games for the first time again."
the-legend-of-zelda-breath-of-the-wild,"Apr 1, 2026",9,"The most ""Open world"" open world an open world game can get without being too much, the exploration is great but not overwhelming."
the-legend-of-zelda-breath-of-the-wild,"Apr 1, 2026",10,[SPOILER ALERT: This review contains spoilers.]
the-legend-of-zelda-breath-of-the-wild,"Apr 1, 2026",9,"A complete masterpiece, Nintendo's second best (after TotK). It is a revolutionary game where you can explore a huge free world. The game is almost perfect but there is one problem: you cannot do anything with the drops from monsters and that is why TotK is better, they fixed it..."
the-legend-of-zelda-breath-of-the-wild,"Apr 1, 2026",10,"juegazo lo jugue con 15 años y lo seguire jugando igual, cada parte del mapa explorable es una belleza muy buen juego hoy con 22 años entiendo lo que fue para mi infancia y lo que sigue siendo es una obra maestra"
the-legend-of-zelda-breath-of-the-wild,"Mar 31, 2026",10,"Zelda: Breath of the Wild (9.9/10) is a masterclass in open-world design. Every corner of Hyrule feels alive, with physics-driven puzzles, dynamic weather, and stunning vistas. The freedom to explore, experiment, and approach challenges your way is unparalleled. Combat is satisfying, shrines are clever, and the story, though subtle, resonates. A breathtaking adventure that sets a new standard for gaming."
the-legend-of-zelda-breath-of-the-wild,"Mar 28, 2026",7,"The Legend of Zelda: Breath of The Wild has a wonderful open world and engaging concept for a story, but struggles to tell that story in a satisfying way and the player will spend more time doing tedious chores than adventuring."
the-legend-of-zelda-breath-of-the-wild,"Mar 28, 2026",10,"I simply love the exploration and setting of this game; the soundtrack and art direction drive me crazy. Needless to say, the freedom this game gives you is insane. Without a doubt, one of my favorites."
the-legend-of-zelda-breath-of-the-wild,"Mar 28, 2026",10,Uno de los mejores videojuegos que he jugado en mi vida. No hay palabras suficientes para describir todo lo que he podido vivir y sentir. Un imprescindible.
the-legend-of-zelda-breath-of-the-wild,"Mar 27, 2026",10,"Absolute masterpiece! The first game I played on switch! Open world, many things to explore and of course the following saying applies perfectly onto this game: Life is about the journey, not the destination. You're in a vast unknown world, you can go everywhere your eyes can see. Wherever you go there will be something to obtain, from completing a quest, or just getting a korok seed. The artwork is beautiful, the music is relaxing. It's not about rushing to complete this game. It's about exploring, picking a direction and just heading that way and whatever happens. I really wish i could forget this game and experience it once again from scratch. 10/10"
the-legend-of-zelda-breath-of-the-wild,"Mar 25, 2026",10,Este es sin duda alguna mi videojuego favorito con diferencia nunca me había encontrado con un juego tan hermoso y épico tal vez hable desde el amor que le tengo a esta saga pero no puedo dejar de decir lo mucho que amo este juego yo creo que nunca voy a encontrar un juego que me guste más que este
the-legend-of-zelda-breath-of-the-wild,"Mar 24, 2026",10,"One of the best games ever made. An incredibly beautiful world- so much to explore and find. 
This game truly encapsulates the sense of wonder of games of old.
Take your time with this game and enjoy every moment it has to offer- there is no wasted time when getting into this world."
the-legend-of-zelda-breath-of-the-wild,"Mar 24, 2026",10,"È un gioco perfetto, la grafica nel 2026 sembra quella di un gioco non curatissimo ma di certo non datato. Gameplay 10, QoL 10, grafica, se contiamo che il gioco sia tanto datato 10"
the-legend-of-zelda-breath-of-the-wild,"May 19, 2026",10,"The Legend of Zelda: Breath of the Wild is, hands down, the best game on the Nintendo Switch. It is totally different from any other Zelda game, featuring a completely open world with barely any boundaries. The controls are seamless, the story is compelling, and the graphics are amazing. If you own a Switch, a Wii U, or a Switch 2, the game is a must-play experience."
the-legend-of-zelda-breath-of-the-wild,"May 6, 2026",9,The game is not all that 97 on metacritic is tooo high the game is not top1 in fiction it's solid 9/10 and that's it
the-legend-of-zelda-breath-of-the-wild,"May 18, 2026",10,"It is an amazing game that still holds up to this day, this is my favorite game of all time nothing feels tedious and the shika slate abilities are amazing."
the-legend-of-zelda-breath-of-the-wild,"May 17, 2026",9,"très différent des différents jeux The Legend of Zelda, avec des armes que l'on récupère sur des ennemis majoritairement, qui se brisent etc. Malgré cet énorme changement dans la licence, le jeu reste incroyable"
the-legend-of-zelda-breath-of-the-wild,"May 17, 2026",9,[SPOILER ALERT: This review contains spoilers.]
the-legend-of-zelda-breath-of-the-wild,"May 17, 2026",10,Juegazo. tal vez el mejor que haya jugado en mi vida. la libertad de jugar sin que te digan a donde ir. la adrenalina de duración de armas. la música. su historia que si me atrapo a punta de recuerdos. es un juego 10/10 recomendado
the-legend-of-zelda-breath-of-the-wild,"May 17, 2026",3,"Surement un des pires jeux que j'ai acheté ...
Le jeu vous lâche au milieux de nul part et ne vous explique pas quoi faire et ou aller . Si vous aimez l'aventure je vous conseille alors Genshin Impact ."
the-legend-of-zelda-breath-of-the-wild,"May 13, 2026",10,"Such an amazing game, amazing graphics for its release and still amazing! I love fighting guardians and lynels. Master Mode makes the game even better!"
the-legend-of-zelda-breath-of-the-wild,"May 12, 2026",10,"A completely new chapter to zelda with open world mechanics and so much to see. A great amount to discover with a decent story and bosses.
A little repetitive at points, but that's just open world and you have to keep it fresh by doing other things.
Basically a must play on the list of top games."
the-legend-of-zelda-breath-of-the-wild,"May 10, 2026",9,"The Legend of Zelda: Breath of the Wild starts off medium‑fast: it doesn’t throw you into the open world immediately, but it does a great job teaching the basics. The tutorial island is tight, clear, and never feels like a boring checklist. By the time you leave the starting point, the game truly opens itself and becomes a reactive, fun, and interesting experience that keeps you engaged from minute one to final credits. A world that wants to be messed with. The sheer amount of things you can interact with is insane.•	You can set fires, cook, craft, experiment with weapons, and watch the world react: rain puts out flames, wind spreads fire, metal conducts electricity, and climbing works everywhere.•	There are tons of recipes, enemy types, sword types, and shields, so you never feel like you’re repeating the same loop.•	Every town and region has its own lore, vibe, and mini‑story, and the side quests are actual stories, not just “kill 10 monsters” spam.•	Easy‑minded enemies throw rocks at you, gang up if there are more of them, and try to flank you.•	Bigger enemies later on are even better, they’ll cover their weakness once you hit them, reposition, and force you to adapt. The characters are interesting and lovely, the towns look great, and the overall story is engaging enough to keep you invested, even when you’re off doing random side stuff. The enemies actually react how you fight them, which makes combat feel smart instead of just mindless.  There are many, many more little tweaks like this, and they make every fight feel like a tiny puzzle instead of a button‑mash. The game has:•	Cold sensor / heat sensor for different biomes,•	Noise sensor where a clanking weapon on your back makes your sneaking louder; unequip that loud sword and suddenly you’re way stealthier. These aren’t just “flavour” details: they’re real gameplay incentives to think about your gear, position, and timing. Want to take out multiple enemies?•	Shoot some fire arrows around them, make them panic, and then clean up the mess.•	The skeleton animations are hilarious! I’m not spoiling it; you just have to experience it yourself. Puzzles that actually feel like Zelda. I’m usually bad at puzzles, but the ones in Breath of the Wild make sense.•	They’re canon‑adjacent, not just “time‑waste” filler.•	They feel like real puzzles, not random busywork, and they’re actually fun to solve.  Resident Evil games could really learn from this: puzzles that match the world and don’t feel like homework. Loot, loot, and more loot The game is packed with loot:•	Weapons to pick up,•	Shields to experiment with,•	Food to cook,•	Items to trade,•	Side quests that feel meaningful. Even after you finish the main story, there’s a ton of content to keep you going. You can keep exploring, crafting, cooking, and doing side quests, and it still feels like you’re discovering something new. Final verdict: 10/10.  This is a fantastic f***king game and truly one of the best games ever. AFTER Beating the game: The game can be very hard, but very balanced if you use everything the game gives you."
the-legend-of-zelda-breath-of-the-wild,"May 8, 2026",10,A must play. Please if you are thinking about playing it. Play it. It is the best game I ever played.
the-legend-of-zelda-breath-of-the-wild,"May 5, 2026",10,"Потрясающая игра тем более для своего времени, очень привлекательная визуальная составляющая заманчивая графика дающая чувство сразу и ностальгия и чувство детства , физика потрясающая можно взаимодействовать почти с каждым предметом , потрясающая игра в которую можно провести просто огромная куча времени видно что разработчики проделали огромную работу по созданию такого супер детального мира отличный эксклюзив 10 из 10 тем более если мы вспоминаем 2017 год"
the-legend-of-zelda-breath-of-the-wild,"May 4, 2026",8,"This was my first Zelda game , so my expectations were high . Actually i like this game but i cant say 'this is the best video game has ever made in that it had more flow than i anticipated . Firstly , enemy variety is not enough . In my 100 hours experince i always fight same enemy types plus game is contain not much boss variety either . After that , game difficulty . i think this topic is controversial but i my opinion game is so basic in everyway . for example shrines i had very high expectations for the shrines so i am dissapointed . we have 5 diffierent ability actually abilities are enough but we are not combinating them . This leads us to keep making the same things over and over . Additionally , ı was bored in the last 10 hours since i had consumed all the bosses therefore i didnt find formidable enemy . Nonethless i think the game is peak . the game provided an exceptionally rewarding experience that kept me thoroughly engaged ."
the-legend-of-zelda-breath-of-the-wild,"Apr 29, 2026",10,"The best open-world game I've ever played. You can't put it down because you keep wanting to go here and do there. The mountains and hills, and the advantage of being at high altitude, just like in real life, are very well thought out. Although Divine Beasts seems structurally repetitive, each game takes place in a different biome. In short, once you start playing, you're faced with a masterpiece that you won't be able to put down and will keep you occupied for hours. I recommend it to everyone."
the-legend-of-zelda-breath-of-the-wild,"Apr 26, 2026",10,Un onde ouvert qui révolutionne le monde ouvert. Un sentiment de liberté dans un monde merveilleux. Graphismes qui vont très bien avec cette licence. A aucun moment je me suis ennuyé tellement l'envie de parcourir la map est présente.
the-legend-of-zelda-breath-of-the-wild,"Apr 26, 2026",10,"Tremendo juegazo lo he jugado mas de mil horas y nunca me aburre, definitivamente el mejor juego de mundo abierto de la historia"
the-legend-of-zelda-breath-of-the-wild,"Apr 25, 2026",9,"This game is system-buying worthy and that’s exactly what happened. I’ve pinned over playing this for 5 years and after finally experiencing it, I’m not disappointed. It’s huge, it's innovative, it's beautiful, it's nostalgic, it's new. Its only downfall is the lack of a story. Zelda titles previously have been at the top tier in storytelling and this story is underbaked and unsatisfying."
the-legend-of-zelda-breath-of-the-wild,"Apr 23, 2026",10,Best zelda game hands down! Everything is amazing buy this game you wont regret it!
the-legend-of-zelda-breath-of-the-wild,"Apr 23, 2026",9,"2017 REVISITED: A REVOLUTION IN FREEDOM: Looking back at 2017, it’s hard to overstate how much this game changed the industry. While other open-world games were obsessed with checklists and map markers, Breath of the Wild gave us a paraglider and told us to ""go."" The true greatness of this game lies in its physics-based chemistry system. Whether you were using a metal sword to attract lightning during a storm or freezing a boulder to launch it at a camp, the game rewarded curiosity in a way that felt truly revolutionary at the time. TECHNICAL PERFORMANCE: AGING WITH GRACE: Does it show its age? Yes. When played today, you’ll notice the 30 FPS cap (granted, there is a switch 2 edition, but it costs money) and the occasional frame dips in dense areas like Korok Forest. However, the art style is so strong that it masks the technical limitations of the original Switch hardware. The painterly, watercolor aesthetic ensures that Hyrule still feels vast and inviting, rather than ""outdated."" It’s a testament to the art direction that a game from 2017 can still stand side-by-side with modern Switch 2 titles without feeling out of place. THE WORLD: A RELEVANT MASTERPIECE: The most surprising thing about playing this today is how relevant it remains. Many games have tried to copy the ""Zelda formula,"" but few capture the same sense of lonely, quiet exploration. The lack of a constant music track—replaced by the sounds of wind and grass—makes the world feel alive and ""lived-in."" Even with its sequel out in the world, the original journey of Link waking up in the Shrine of Resurrection still carries a weight and a simplicity that is unmatched. THE DURABILITY DILEMMA: If there is one thing that frustrates me the most in this game, it’s definitely the weapon durability system. While it encourages you to try new gear, it can still feel frustrating to have a legendary weapon shatter after a single encounter. It creates a ""hoarding"" mentality that sometimes clashes with the game’s otherwise perfect sense of freedom. PROS: Unrivaled sense of exploration and freedom. Timeless art style that still looks beautiful today. The ""Chemistry Engine"" allows for insane player creativity. CONS: Divisive weapon durability system.Occasional frame rate stutters in busy environments. THE FINAL VERDICT: 9/10: In 2017, this game was a 10/10. Today, it remains a near-perfect 9/10. It is a technical marvel of its time that has aged with incredible grace. Even with newer titles pushing hardware further, the original ""Breath"" remains an essential, quiet, and breathtaking journey that every gamer should experience at least once."
the-legend-of-zelda-breath-of-the-wild,"Apr 19, 2026",10,"One of the greatest games of all time, the freedom I experienced when playing this game for the first time was unbelievable. The individuality of every playthrough makes it one of the most replayable games out there."
the-legend-of-zelda-breath-of-the-wild,"Oct 29, 2025",10,"At first I was a bit bored from this game. The starting area is a bit tedious. But then it became super fun and addicting - exploring the different areas of the map, not knowing what you will find makes you want to keep playing the game. The shrines are neat puzzles, some of which really test your problem solving skills.

The combat is descent. I like how you can get better by learning to parry and flurry rush, but it can get repetitive a bit boring after like 50 hoursm but exploring is the thing that makes the game a masterpiece so it isn't a problem. Plus there are many different weapons with different natural abilities (fire, ice...) that make it more interesting.

The story is intriguing and you help figure stuff out by finding memories (which you access by playing like geoguessr which is fun). The characters can be a bit goofy and have intereseting things to say.

The quest are ok I guess. Some are very hard to figure out so you will probably need to look them up on youtube.

The only thing I genuinely don't like is that there isn't a big variety in enemies. There are only 3-4 enemy types in the different zones and it does get a bit dull, but as I said combat is not the main part of the game (it does play a hue big, but exploration is number 1)."
the-legend-of-zelda-breath-of-the-wild,"Apr 17, 2026",10,"Melhor jogo que eu joguei na minha vida! Nunca tinha jogado nada do universo Zelda. Porém, fiquei totalmente fascinado."
the-legend-of-zelda-breath-of-the-wild,"Jul 4, 2025",10,Il miglior gioco del mondo insieme a rdr2. Grafica ottima e storia bella. Incredibile.
the-legend-of-zelda-breath-of-the-wild,"Apr 16, 2026",10,"Prawdziwy powiew świeżości w grach video.
The Legend of Zelda: Breath of the Wild przywraca na nowo radość z grania."
the-legend-of-zelda-breath-of-the-wild,"Apr 16, 2026",10,a really nice game with cool graphics and a very interesting story and good controls
the-legend-of-zelda-breath-of-the-wild,"Apr 14, 2026",10,"Este juego me marcó demasiado, es de esos juegos que cuando necesitas desconectar de la vida diaria, está ahí para poder apoyarte en el y disfrutarlo como si no hubiera un mañana. El juego para mí podría ser mejorable en algunos aspectos, pero muy pocos, porque en general me parece sublime y le tengo un inmenso cariño. Gracias Nintendo por crear este tipo de joyas."
the-legend-of-zelda-breath-of-the-wild,"Apr 14, 2026",10,"Легенда Зельди найчудовіша гра на світч персонально для мене, мила, красива по своєму. Бойовка, на справді, легка, але для мене як для новачка світу консолей було складнувато."
the-legend-of-zelda-breath-of-the-wild,"Apr 12, 2026",10,"Jeśli ktoś szuka sandboxa na ponad 100h, must have!
Jeśli ktoś nie lubi eksploracji i sandboxowych otwartych światów, to raczej się odbije...

Kontekst: Zelda w klimacie post-apo, dostajemy duży otwarty świat który po przejściu dobrze tłumaczącego mechaniki prologu (nie prowadzi za rączkę jak typowe AAA) praktycznie cały stoi przed nami otworem, fabuła jest tylko tłem ale dobrze nakreśla cel i daje motywację do gry.
Gameplay: gra nie wprowadza niczego całkowicie nowego, ale łączy w idealny sposób wiele znanych mechanik. Eksploracja jest genialnie zrealizowana, jeśli tylko pozwoli nam na to poziom staminy i nasze umiejętności jesteśmy w stanie dostać się wszędzie gdzie tylko zechcemy, świat jest wystarczający duży żeby móc na spokojnie eksplorować i poczuć klimat podróży, ale jednocześnie nie jest pusty, jeśli coś przykuje naszą uwagę, to najprawdopodobniej coś ciekawego tam znajdziemy. System walki jest prosty, ale satysfakcjonujący, a przez mnogość sposobów na eliminowanie przeciwników nie nudzi nawet pod koniec gry, tak na prawdę najgorsze walki to te z bossami, bo tam mamy ograniczoną przestrzeń i często wymuszony sposób walki. Mamy tu system niszczenia się broni, który wymusza na nas ciągłe zmienianie naszego rynsztunku i szukanie nowych broni, dzięki temu nawet jeśli znajdziemy na początku gry silny miecz, nie przejdziemy nim całej gry. Gra oferuje też wiele pomniejszych mechanik, takich jak jedzenie, temperatura, wspinaczka, latanie na lotni, moce które dostajemy w prologu, czy wierzchowce. 
Grafika i dźwięk: styl artystyczny doprze pasuje do gry, buduje klimat, udźwiękowienie też jest na najwyższym poziomie, z jedną wadą... praktycznie w grze nie uświadczymy dubbingu. Muzyka jak chyba w każdej zeldzie jest na bardzo wysokim poziomie i świetnie wpasowuje się w to gdzie jesteśmy i co aktualnie dzieje się na ekranie. Nie ma co ukrywać że gra momentami nie zachwyca szczegółowością tekstur czy rozdzielczością, ale to kwestia przestarzałej konsoli i na szczęście wersja na switch 2 eliminuje wszystkie te niedociągnięcia.
Wydajność/optymalizacja: Gra jest świetnie zoptymalizowana, wyciska z pierwszego pstryczka 100%, momentami zdarzają się chrupnięcia, czasy ładowania na pierwszym switch'u też nie są najkrótsze, ale nadal gra się przyjemnie, a nawet lekkie ścinki nie zaburzają gry i nie irytują, jest to na prawdę solidny port z WII'U. 
Najważniejsze + i -
+ Eksploracja!
+ Brak prowadzenia za rączkę
+ Ogrom aktywności w świecie gry
- Walki z bossami
- brak dubbingu...
Podsumowując, jest to gra która na pewno nie trafi do każdego, stawia na kreatywność gracza, eksploracje i sandboxowość, jeśli ktoś nie lubi takich sandboxowych otwartych światów i po prostu chce przebiec przez fabułę, jasne, można, ale w takim wypadku raczej nie polecam, ale dla graczy takich jak ja, którzy szukają dużego otwartego sandboxa nie prowadzącego za rączkę jest to tytuł obowiązkowy, obiektywnie gra ma niedociągnięcia, braki i nie jest idealna, więc na pewno nie zasługuje na 10/10, a raczej na solidne 8,5/10, ale dla mnie osobiście, to aktualnie najlepsza gra w jaką kiedykolwiek grałem!"
the-legend-of-zelda-breath-of-the-wild,"Apr 13, 2026",10,"Legend of Zelda: Breath of the Wild is by far the greatest open world game of all time, rivaling games like Skyrim and Ghost of Tsushima. Gameplay wise, you could spend 1000 hours in BotW and still not find every Korok Seed, Shrine, or shop. Its no wonder why this is the highest rated video game ever. All acclaim that this game receives is deserved. One of my favorite games of all time."
the-legend-of-zelda-breath-of-the-wild,"Apr 9, 2026",10,This game changed they way we look at games and experience them. The game evolves around the players no matter which way you choose while enjoying perfect mechanics and the most atmospheric scenery. All this is put together in simple but sophisticated way.
the-legend-of-zelda-breath-of-the-wild,"Apr 6, 2026",10,Honnestly this game changed the whole gaming industry forever its criminal to rate it below 10
the-legend-of-zelda-breath-of-the-wild,"Apr 5, 2026",10,"The best game I ever played. No game has that much freedom at all. The feeling when you step out of the shrine of living is amazing. And yet nearly 8 years later I still play this game. The Freedom to go wherever you want whenever you want is so good. The Story is perfect and you learn time after time the things you need to progress further
All in all is it the best game in the world of games"
the-legend-of-zelda-breath-of-the-wild,"Apr 5, 2026",10,Despite not being a perfect game (Tears would make it slightly better) it is almost perfect the world and how everything interacts is awesome. The best open world released still in 2026.
the-legend-of-zelda-breath-of-the-wild,"Apr 5, 2026",10,"An Amazing game with great graphics, open world area and repetitive gameplay that you can enjoy all the time, there are some flaws like the weapon durability system but overall it's amazing."
the-legend-of-zelda-breath-of-the-wild,"Apr 1, 2026",10,[SPOILER ALERT: This review contains spoilers.]
the-legend-of-zelda-breath-of-the-wild,"Mar 29, 2026",7,"cute, interesting world to discover, some parts are very underutilized and the shrine thing that you have to learn skills in those **** massive balls. The story was kinda whatever but it was a fun playthrough. 50 hours is **** mental however, and the end bossfight was way too easy in comparison to the other bossfights you had to do. A few parts of this game was a bit underwhelming but other than that it is a pretty solid one if you are into this kind of stuff."
the-legend-of-zelda-breath-of-the-wild,"Apr 2, 2026",10,"Ho giocato questo gioco tempo fa, e dopo aver giocato titoli famosi come Rdr2, TLOU 1/2, Ghost of Tsushima e tanti altri, questo rimane per me sempre in cima alla lista, per le tante cose da fare nel mondo open world e anche per una trama bellissima. La cosa fantastica di questo gioco è che la storia principale dura poco, ma è la voglia di scoprire ed esplorare che la fa allungare di tantissime ore."
the-legend-of-zelda-breath-of-the-wild,"Apr 2, 2026",10,"Candidate for my favourite game of all time. 

This game had multiple moments in which it took me back to the feeling of being a little kid experiencing the wonder of video games for the first time again."
the-legend-of-zelda-breath-of-the-wild,"Apr 1, 2026",9,"The most ""Open world"" open world an open world game can get without being too much, the exploration is great but not overwhelming."
the-legend-of-zelda-breath-of-the-wild,"Apr 1, 2026",10,[SPOILER ALERT: This review contains spoilers.]
the-legend-of-zelda-breath-of-the-wild,"Apr 1, 2026",9,"A complete masterpiece, Nintendo's second best (after TotK). It is a revolutionary game where you can explore a huge free world. The game is almost perfect but there is one problem: you cannot do anything with the drops from monsters and that is why TotK is better, they fixed it..."
the-legend-of-zelda-breath-of-the-wild,"Apr 1, 2026",10,"juegazo lo jugue con 15 años y lo seguire jugando igual, cada parte del mapa explorable es una belleza muy buen juego hoy con 22 años entiendo lo que fue para mi infancia y lo que sigue siendo es una obra maestra"
the-legend-of-zelda-breath-of-the-wild,"Mar 31, 2026",10,"Zelda: Breath of the Wild (9.9/10) is a masterclass in open-world design. Every corner of Hyrule feels alive, with physics-driven puzzles, dynamic weather, and stunning vistas. The freedom to explore, experiment, and approach challenges your way is unparalleled. Combat is satisfying, shrines are clever, and the story, though subtle, resonates. A breathtaking adventure that sets a new standard for gaming."
the-legend-of-zelda-breath-of-the-wild,"Mar 28, 2026",7,"The Legend of Zelda: Breath of The Wild has a wonderful open world and engaging concept for a story, but struggles to tell that story in a satisfying way and the player will spend more time doing tedious chores than adventuring."
the-legend-of-zelda-breath-of-the-wild,"Mar 28, 2026",10,"I simply love the exploration and setting of this game; the soundtrack and art direction drive me crazy. Needless to say, the freedom this game gives you is insane. Without a doubt, one of my favorites."
the-legend-of-zelda-breath-of-the-wild,"Mar 28, 2026",10,Uno de los mejores videojuegos que he jugado en mi vida. No hay palabras suficientes para describir todo lo que he podido vivir y sentir. Un imprescindible.
the-legend-of-zelda-breath-of-the-wild,"Mar 27, 2026",10,"Absolute masterpiece! The first game I played on switch! Open world, many things to explore and of course the following saying applies perfectly onto this game: Life is about the journey, not the destination. You're in a vast unknown world, you can go everywhere your eyes can see. Wherever you go there will be something to obtain, from completing a quest, or just getting a korok seed. The artwork is beautiful, the music is relaxing. It's not about rushing to complete this game. It's about exploring, picking a direction and just heading that way and whatever happens. I really wish i could forget this game and experience it once again from scratch. 10/10"
the-legend-of-zelda-breath-of-the-wild,"Mar 25, 2026",10,Este es sin duda alguna mi videojuego favorito con diferencia nunca me había encontrado con un juego tan hermoso y épico tal vez hable desde el amor que le tengo a esta saga pero no puedo dejar de decir lo mucho que amo este juego yo creo que nunca voy a encontrar un juego que me guste más que este
the-legend-of-zelda-breath-of-the-wild,"Mar 24, 2026",10,"One of the best games ever made. An incredibly beautiful world- so much to explore and find. 
This game truly encapsulates the sense of wonder of games of old.
Take your time with this game and enjoy every moment it has to offer- there is no wasted time when getting into this world."
the-legend-of-zelda-breath-of-the-wild,"Mar 24, 2026",10,"È un gioco perfetto, la grafica nel 2026 sembra quella di un gioco non curatissimo ma di certo non datato. Gameplay 10, QoL 10, grafica, se contiamo che il gioco sia tanto datato 10"
the-legend-of-zelda-breath-of-the-wild,"May 19, 2026",10,"The Legend of Zelda: Breath of the Wild is, hands down, the best game on the Nintendo Switch. It is totally different from any other Zelda game, featuring a completely open world with barely any boundaries. The controls are seamless, the story is compelling, and the graphics are amazing. If you own a Switch, a Wii U, or a Switch 2, the game is a must-play experience."
the-legend-of-zelda-breath-of-the-wild,"May 6, 2026",9,The game is not all that 97 on metacritic is tooo high the game is not top1 in fiction it's solid 9/10 and that's it
the-legend-of-zelda-breath-of-the-wild,"May 18, 2026",10,"It is an amazing game that still holds up to this day, this is my favorite game of all time nothing feels tedious and the shika slate abilities are amazing."
the-legend-of-zelda-breath-of-the-wild,"May 17, 2026",9,"très différent des différents jeux The Legend of Zelda, avec des armes que l'on récupère sur des ennemis majoritairement, qui se brisent etc. Malgré cet énorme changement dans la licence, le jeu reste incroyable"
the-legend-of-zelda-breath-of-the-wild,"May 17, 2026",9,[SPOILER ALERT: This review contains spoilers.]
the-legend-of-zelda-breath-of-the-wild,"May 17, 2026",10,Juegazo. tal vez el mejor que haya jugado en mi vida. la libertad de jugar sin que te digan a donde ir. la adrenalina de duración de armas. la música. su historia que si me atrapo a punta de recuerdos. es un juego 10/10 recomendado
the-legend-of-zelda-breath-of-the-wild,"May 17, 2026",3,"Surement un des pires jeux que j'ai acheté ...
Le jeu vous lâche au milieux de nul part et ne vous explique pas quoi faire et ou aller . Si vous aimez l'aventure je vous conseille alors Genshin Impact ."
the-legend-of-zelda-breath-of-the-wild,"May 13, 2026",10,"Such an amazing game, amazing graphics for its release and still amazing! I love fighting guardians and lynels. Master Mode makes the game even better!"
the-legend-of-zelda-breath-of-the-wild,"May 12, 2026",10,"A completely new chapter to zelda with open world mechanics and so much to see. A great amount to discover with a decent story and bosses.
A little repetitive at points, but that's just open world and you have to keep it fresh by doing other things.
Basically a must play on the list of top games."
the-legend-of-zelda-breath-of-the-wild,"May 10, 2026",9,"The Legend of Zelda: Breath of the Wild starts off medium‑fast: it doesn’t throw you into the open world immediately, but it does a great job teaching the basics. The tutorial island is tight, clear, and never feels like a boring checklist. By the time you leave the starting point, the game truly opens itself and becomes a reactive, fun, and interesting experience that keeps you engaged from minute one to final credits. A world that wants to be messed with. The sheer amount of things you can interact with is insane.•	You can set fires, cook, craft, experiment with weapons, and watch the world react: rain puts out flames, wind spreads fire, metal conducts electricity, and climbing works everywhere.•	There are tons of recipes, enemy types, sword types, and shields, so you never feel like you’re repeating the same loop.•	Every town and region has its own lore, vibe, and mini‑story, and the side quests are actual stories, not just “kill 10 monsters” spam.•	Easy‑minded enemies throw rocks at you, gang up if there are more of them, and try to flank you.•	Bigger enemies later on are even better, they’ll cover their weakness once you hit them, reposition, and force you to adapt. The characters are interesting and lovely, the towns look great, and the overall story is engaging enough to keep you invested, even when you’re off doing random side stuff. The enemies actually react how you fight them, which makes combat feel smart instead of just mindless.  There are many, many more little tweaks like this, and they make every fight feel like a tiny puzzle instead of a button‑mash. The game has:•	Cold sensor / heat sensor for different biomes,•	Noise sensor where a clanking weapon on your back makes your sneaking louder; unequip that loud sword and suddenly you’re way stealthier. These aren’t just “flavour” details: they’re real gameplay incentives to think about your gear, position, and timing. Want to take out multiple enemies?•	Shoot some fire arrows around them, make them panic, and then clean up the mess.•	The skeleton animations are hilarious! I’m not spoiling it; you just have to experience it yourself. Puzzles that actually feel like Zelda. I’m usually bad at puzzles, but the ones in Breath of the Wild make sense.•	They’re canon‑adjacent, not just “time‑waste” filler.•	They feel like real puzzles, not random busywork, and they’re actually fun to solve.  Resident Evil games could really learn from this: puzzles that match the world and don’t feel like homework. Loot, loot, and more loot The game is packed with loot:•	Weapons to pick up,•	Shields to experiment with,•	Food to cook,•	Items to trade,•	Side quests that feel meaningful. Even after you finish the main story, there’s a ton of content to keep you going. You can keep exploring, crafting, cooking, and doing side quests, and it still feels like you’re discovering something new. Final verdict: 10/10.  This is a fantastic f***king game and truly one of the best games ever. AFTER Beating the game: The game can be very hard, but very balanced if you use everything the game gives you."
the-legend-of-zelda-breath-of-the-wild,"May 8, 2026",10,A must play. Please if you are thinking about playing it. Play it. It is the best game I ever played.
the-legend-of-zelda-breath-of-the-wild,"May 5, 2026",10,"Потрясающая игра тем более для своего времени, очень привлекательная визуальная составляющая заманчивая графика дающая чувство сразу и ностальгия и чувство детства , физика потрясающая можно взаимодействовать почти с каждым предметом , потрясающая игра в которую можно провести просто огромная куча времени видно что разработчики проделали огромную работу по созданию такого супер детального мира отличный эксклюзив 10 из 10 тем более если мы вспоминаем 2017 год"
the-legend-of-zelda-breath-of-the-wild,"May 4, 2026",8,"This was my first Zelda game , so my expectations were high . Actually i like this game but i cant say 'this is the best video game has ever made in that it had more flow than i anticipated . Firstly , enemy variety is not enough . In my 100 hours experince i always fight same enemy types plus game is contain not much boss variety either . After that , game difficulty . i think this topic is controversial but i my opinion game is so basic in everyway . for example shrines i had very high expectations for the shrines so i am dissapointed . we have 5 diffierent ability actually abilities are enough but we are not combinating them . This leads us to keep making the same things over and over . Additionally , ı was bored in the last 10 hours since i had consumed all the bosses therefore i didnt find formidable enemy . Nonethless i think the game is peak . the game provided an exceptionally rewarding experience that kept me thoroughly engaged ."
the-legend-of-zelda-breath-of-the-wild,"Apr 29, 2026",10,"The best open-world game I've ever played. You can't put it down because you keep wanting to go here and do there. The mountains and hills, and the advantage of being at high altitude, just like in real life, are very well thought out. Although Divine Beasts seems structurally repetitive, each game takes place in a different biome. In short, once you start playing, you're faced with a masterpiece that you won't be able to put down and will keep you occupied for hours. I recommend it to everyone."
the-legend-of-zelda-breath-of-the-wild,"Apr 26, 2026",10,Un onde ouvert qui révolutionne le monde ouvert. Un sentiment de liberté dans un monde merveilleux. Graphismes qui vont très bien avec cette licence. A aucun moment je me suis ennuyé tellement l'envie de parcourir la map est présente.
the-legend-of-zelda-breath-of-the-wild,"Apr 26, 2026",10,"Tremendo juegazo lo he jugado mas de mil horas y nunca me aburre, definitivamente el mejor juego de mundo abierto de la historia"
the-legend-of-zelda-breath-of-the-wild,"Apr 25, 2026",9,"This game is system-buying worthy and that’s exactly what happened. I’ve pinned over playing this for 5 years and after finally experiencing it, I’m not disappointed. It’s huge, it's innovative, it's beautiful, it's nostalgic, it's new. Its only downfall is the lack of a story. Zelda titles previously have been at the top tier in storytelling and this story is underbaked and unsatisfying."
the-legend-of-zelda-breath-of-the-wild,"Apr 23, 2026",10,Best zelda game hands down! Everything is amazing buy this game you wont regret it!
the-legend-of-zelda-breath-of-the-wild,"Apr 23, 2026",9,"2017 REVISITED: A REVOLUTION IN FREEDOM: Looking back at 2017, it’s hard to overstate how much this game changed the industry. While other open-world games were obsessed with checklists and map markers, Breath of the Wild gave us a paraglider and told us to ""go."" The true greatness of this game lies in its physics-based chemistry system. Whether you were using a metal sword to attract lightning during a storm or freezing a boulder to launch it at a camp, the game rewarded curiosity in a way that felt truly revolutionary at the time. TECHNICAL PERFORMANCE: AGING WITH GRACE: Does it show its age? Yes. When played today, you’ll notice the 30 FPS cap (granted, there is a switch 2 edition, but it costs money) and the occasional frame dips in dense areas like Korok Forest. However, the art style is so strong that it masks the technical limitations of the original Switch hardware. The painterly, watercolor aesthetic ensures that Hyrule still feels vast and inviting, rather than ""outdated."" It’s a testament to the art direction that a game from 2017 can still stand side-by-side with modern Switch 2 titles without feeling out of place. THE WORLD: A RELEVANT MASTERPIECE: The most surprising thing about playing this today is how relevant it remains. Many games have tried to copy the ""Zelda formula,"" but few capture the same sense of lonely, quiet exploration. The lack of a constant music track—replaced by the sounds of wind and grass—makes the world feel alive and ""lived-in."" Even with its sequel out in the world, the original journey of Link waking up in the Shrine of Resurrection still carries a weight and a simplicity that is unmatched. THE DURABILITY DILEMMA: If there is one thing that frustrates me the most in this game, it’s definitely the weapon durability system. While it encourages you to try new gear, it can still feel frustrating to have a legendary weapon shatter after a single encounter. It creates a ""hoarding"" mentality that sometimes clashes with the game’s otherwise perfect sense of freedom. PROS: Unrivaled sense of exploration and freedom. Timeless art style that still looks beautiful today. The ""Chemistry Engine"" allows for insane player creativity. CONS: Divisive weapon durability system.Occasional frame rate stutters in busy environments. THE FINAL VERDICT: 9/10: In 2017, this game was a 10/10. Today, it remains a near-perfect 9/10. It is a technical marvel of its time that has aged with incredible grace. Even with newer titles pushing hardware further, the original ""Breath"" remains an essential, quiet, and breathtaking journey that every gamer should experience at least once."
the-legend-of-zelda-breath-of-the-wild,"Apr 19, 2026",10,"One of the greatest games of all time, the freedom I experienced when playing this game for the first time was unbelievable. The individuality of every playthrough makes it one of the most replayable games out there."
the-legend-of-zelda-breath-of-the-wild,"Oct 29, 2025",10,"At first I was a bit bored from this game. The starting area is a bit tedious. But then it became super fun and addicting - exploring the different areas of the map, not knowing what you will find makes you want to keep playing the game. The shrines are neat puzzles, some of which really test your problem solving skills.

The combat is descent. I like how you can get better by learning to parry and flurry rush, but it can get repetitive a bit boring after like 50 hoursm but exploring is the thing that makes the game a masterpiece so it isn't a problem. Plus there are many different weapons with different natural abilities (fire, ice...) that make it more interesting.

The story is intriguing and you help figure stuff out by finding memories (which you access by playing like geoguessr which is fun). The characters can be a bit goofy and have intereseting things to say.

The quest are ok I guess. Some are very hard to figure out so you will probably need to look them up on youtube.

The only thing I genuinely don't like is that there isn't a big variety in enemies. There are only 3-4 enemy types in the different zones and it does get a bit dull, but as I said combat is not the main part of the game (it does play a hue big, but exploration is number 1)."
the-legend-of-zelda-breath-of-the-wild,"Apr 17, 2026",10,"Melhor jogo que eu joguei na minha vida! Nunca tinha jogado nada do universo Zelda. Porém, fiquei totalmente fascinado."
the-legend-of-zelda-breath-of-the-wild,"Jul 4, 2025",10,Il miglior gioco del mondo insieme a rdr2. Grafica ottima e storia bella. Incredibile.
the-legend-of-zelda-breath-of-the-wild,"Apr 16, 2026",10,"Prawdziwy powiew świeżości w grach video.
The Legend of Zelda: Breath of the Wild przywraca na nowo radość z grania."
the-legend-of-zelda-breath-of-the-wild,"Apr 16, 2026",10,a really nice game with cool graphics and a very interesting story and good controls
the-legend-of-zelda-breath-of-the-wild,"Apr 14, 2026",10,"Este juego me marcó demasiado, es de esos juegos que cuando necesitas desconectar de la vida diaria, está ahí para poder apoyarte en el y disfrutarlo como si no hubiera un mañana. El juego para mí podría ser mejorable en algunos aspectos, pero muy pocos, porque en general me parece sublime y le tengo un inmenso cariño. Gracias Nintendo por crear este tipo de joyas."
the-legend-of-zelda-breath-of-the-wild,"Apr 14, 2026",10,"Легенда Зельди найчудовіша гра на світч персонально для мене, мила, красива по своєму. Бойовка, на справді, легка, але для мене як для новачка світу консолей було складнувато."
the-legend-of-zelda-breath-of-the-wild,"Apr 12, 2026",10,"Jeśli ktoś szuka sandboxa na ponad 100h, must have!
Jeśli ktoś nie lubi eksploracji i sandboxowych otwartych światów, to raczej się odbije...

Kontekst: Zelda w klimacie post-apo, dostajemy duży otwarty świat który po przejściu dobrze tłumaczącego mechaniki prologu (nie prowadzi za rączkę jak typowe AAA) praktycznie cały stoi przed nami otworem, fabuła jest tylko tłem ale dobrze nakreśla cel i daje motywację do gry.
Gameplay: gra nie wprowadza niczego całkowicie nowego, ale łączy w idealny sposób wiele znanych mechanik. Eksploracja jest genialnie zrealizowana, jeśli tylko pozwoli nam na to poziom staminy i nasze umiejętności jesteśmy w stanie dostać się wszędzie gdzie tylko zechcemy, świat jest wystarczający duży żeby móc na spokojnie eksplorować i poczuć klimat podróży, ale jednocześnie nie jest pusty, jeśli coś przykuje naszą uwagę, to najprawdopodobniej coś ciekawego tam znajdziemy. System walki jest prosty, ale satysfakcjonujący, a przez mnogość sposobów na eliminowanie przeciwników nie nudzi nawet pod koniec gry, tak na prawdę najgorsze walki to te z bossami, bo tam mamy ograniczoną przestrzeń i często wymuszony sposób walki. Mamy tu system niszczenia się broni, który wymusza na nas ciągłe zmienianie naszego rynsztunku i szukanie nowych broni, dzięki temu nawet jeśli znajdziemy na początku gry silny miecz, nie przejdziemy nim całej gry. Gra oferuje też wiele pomniejszych mechanik, takich jak jedzenie, temperatura, wspinaczka, latanie na lotni, moce które dostajemy w prologu, czy wierzchowce. 
Grafika i dźwięk: styl artystyczny doprze pasuje do gry, buduje klimat, udźwiękowienie też jest na najwyższym poziomie, z jedną wadą... praktycznie w grze nie uświadczymy dubbingu. Muzyka jak chyba w każdej zeldzie jest na bardzo wysokim poziomie i świetnie wpasowuje się w to gdzie jesteśmy i co aktualnie dzieje się na ekranie. Nie ma co ukrywać że gra momentami nie zachwyca szczegółowością tekstur czy rozdzielczością, ale to kwestia przestarzałej konsoli i na szczęście wersja na switch 2 eliminuje wszystkie te niedociągnięcia.
Wydajność/optymalizacja: Gra jest świetnie zoptymalizowana, wyciska z pierwszego pstryczka 100%, momentami zdarzają się chrupnięcia, czasy ładowania na pierwszym switch'u też nie są najkrótsze, ale nadal gra się przyjemnie, a nawet lekkie ścinki nie zaburzają gry i nie irytują, jest to na prawdę solidny port z WII'U. 
Najważniejsze + i -
+ Eksploracja!
+ Brak prowadzenia za rączkę
+ Ogrom aktywności w świecie gry
- Walki z bossami
- brak dubbingu...
Podsumowując, jest to gra która na pewno nie trafi do każdego, stawia na kreatywność gracza, eksploracje i sandboxowość, jeśli ktoś nie lubi takich sandboxowych otwartych światów i po prostu chce przebiec przez fabułę, jasne, można, ale w takim wypadku raczej nie polecam, ale dla graczy takich jak ja, którzy szukają dużego otwartego sandboxa nie prowadzącego za rączkę jest to tytuł obowiązkowy, obiektywnie gra ma niedociągnięcia, braki i nie jest idealna, więc na pewno nie zasługuje na 10/10, a raczej na solidne 8,5/10, ale dla mnie osobiście, to aktualnie najlepsza gra w jaką kiedykolwiek grałem!"
the-legend-of-zelda-breath-of-the-wild,"Apr 13, 2026",10,"Legend of Zelda: Breath of the Wild is by far the greatest open world game of all time, rivaling games like Skyrim and Ghost of Tsushima. Gameplay wise, you could spend 1000 hours in BotW and still not find every Korok Seed, Shrine, or shop. Its no wonder why this is the highest rated video game ever. All acclaim that this game receives is deserved. One of my favorite games of all time."
the-legend-of-zelda-breath-of-the-wild,"Apr 9, 2026",10,This game changed they way we look at games and experience them. The game evolves around the players no matter which way you choose while enjoying perfect mechanics and the most atmospheric scenery. All this is put together in simple but sophisticated way.
the-legend-of-zelda-breath-of-the-wild,"Apr 6, 2026",10,Honnestly this game changed the whole gaming industry forever its criminal to rate it below 10
the-legend-of-zelda-breath-of-the-wild,"Apr 5, 2026",10,"The best game I ever played. No game has that much freedom at all. The feeling when you step out of the shrine of living is amazing. And yet nearly 8 years later I still play this game. The Freedom to go wherever you want whenever you want is so good. The Story is perfect and you learn time after time the things you need to progress further
All in all is it the best game in the world of games"
the-legend-of-zelda-breath-of-the-wild,"Apr 5, 2026",10,Despite not being a perfect game (Tears would make it slightly better) it is almost perfect the world and how everything interacts is awesome. The best open world released still in 2026.
the-legend-of-zelda-breath-of-the-wild,"Apr 5, 2026",10,"An Amazing game with great graphics, open world area and repetitive gameplay that you can enjoy all the time, there are some flaws like the weapon durability system but overall it's amazing."
the-legend-of-zelda-breath-of-the-wild,"Apr 1, 2026",10,[SPOILER ALERT: This review contains spoilers.]
the-legend-of-zelda-breath-of-the-wild,"Mar 29, 2026",7,"cute, interesting world to discover, some parts are very underutilized and the shrine thing that you have to learn skills in those **** massive balls. The story was kinda whatever but it was a fun playthrough. 50 hours is **** mental however, and the end bossfight was way too easy in comparison to the other bossfights you had to do. A few parts of this game was a bit underwhelming but other than that it is a pretty solid one if you are into this kind of stuff."
the-legend-of-zelda-breath-of-the-wild,"Apr 2, 2026",10,"Ho giocato questo gioco tempo fa, e dopo aver giocato titoli famosi come Rdr2, TLOU 1/2, Ghost of Tsushima e tanti altri, questo rimane per me sempre in cima alla lista, per le tante cose da fare nel mondo open world e anche per una trama bellissima. La cosa fantastica di questo gioco è che la storia principale dura poco, ma è la voglia di scoprire ed esplorare che la fa allungare di tantissime ore."
the-legend-of-zelda-breath-of-the-wild,"Apr 2, 2026",10,"Candidate for my favourite game of all time. 

This game had multiple moments in which it took me back to the feeling of being a little kid experiencing the wonder of video games for the first time again."
the-legend-of-zelda-breath-of-the-wild,"Apr 1, 2026",9,"The most ""Open world"" open world an open world game can get without being too much, the exploration is great but not overwhelming."
the-legend-of-zelda-breath-of-the-wild,"Apr 1, 2026",10,[SPOILER ALERT: This review contains spoilers.]
the-legend-of-zelda-breath-of-the-wild,"Apr 1, 2026",9,"A complete masterpiece, Nintendo's second best (after TotK). It is a revolutionary game where you can explore a huge free world. The game is almost perfect but there is one problem: you cannot do anything with the drops from monsters and that is why TotK is better, they fixed it..."
the-legend-of-zelda-breath-of-the-wild,"Apr 1, 2026",10,"juegazo lo jugue con 15 años y lo seguire jugando igual, cada parte del mapa explorable es una belleza muy buen juego hoy con 22 años entiendo lo que fue para mi infancia y lo que sigue siendo es una obra maestra"
the-legend-of-zelda-breath-of-the-wild,"Mar 31, 2026",10,"Zelda: Breath of the Wild (9.9/10) is a masterclass in open-world design. Every corner of Hyrule feels alive, with physics-driven puzzles, dynamic weather, and stunning vistas. The freedom to explore, experiment, and approach challenges your way is unparalleled. Combat is satisfying, shrines are clever, and the story, though subtle, resonates. A breathtaking adventure that sets a new standard for gaming."
the-legend-of-zelda-breath-of-the-wild,"Mar 28, 2026",7,"The Legend of Zelda: Breath of The Wild has a wonderful open world and engaging concept for a story, but struggles to tell that story in a satisfying way and the player will spend more time doing tedious chores than adventuring."
the-legend-of-zelda-breath-of-the-wild,"Mar 28, 2026",10,"I simply love the exploration and setting of this game; the soundtrack and art direction drive me crazy. Needless to say, the freedom this game gives you is insane. Without a doubt, one of my favorites."
the-legend-of-zelda-breath-of-the-wild,"Mar 28, 2026",10,Uno de los mejores videojuegos que he jugado en mi vida. No hay palabras suficientes para describir todo lo que he podido vivir y sentir. Un imprescindible.
the-legend-of-zelda-breath-of-the-wild,"Mar 27, 2026",10,"Absolute masterpiece! The first game I played on switch! Open world, many things to explore and of course the following saying applies perfectly onto this game: Life is about the journey, not the destination. You're in a vast unknown world, you can go everywhere your eyes can see. Wherever you go there will be something to obtain, from completing a quest, or just getting a korok seed. The artwork is beautiful, the music is relaxing. It's not about rushing to complete this game. It's about exploring, picking a direction and just heading that way and whatever happens. I really wish i could forget this game and experience it once again from scratch. 10/10"
the-legend-of-zelda-breath-of-the-wild,"Mar 25, 2026",10,Este es sin duda alguna mi videojuego favorito con diferencia nunca me había encontrado con un juego tan hermoso y épico tal vez hable desde el amor que le tengo a esta saga pero no puedo dejar de decir lo mucho que amo este juego yo creo que nunca voy a encontrar un juego que me guste más que este
the-legend-of-zelda-breath-of-the-wild,"Mar 24, 2026",10,"One of the best games ever made. An incredibly beautiful world- so much to explore and find. 
This game truly encapsulates the sense of wonder of games of old.
Take your time with this game and enjoy every moment it has to offer- there is no wasted time when getting into this world."
the-legend-of-zelda-breath-of-the-wild,"Mar 24, 2026",10,"È un gioco perfetto, la grafica nel 2026 sembra quella di un gioco non curatissimo ma di certo non datato. Gameplay 10, QoL 10, grafica, se contiamo che il gioco sia tanto datato 10"
the-legend-of-zelda-breath-of-the-wild,"May 19, 2026",10,"The Legend of Zelda: Breath of the Wild is, hands down, the best game on the Nintendo Switch. It is totally different from any other Zelda game, featuring a completely open world with barely any boundaries. The controls are seamless, the story is compelling, and the graphics are amazing. If you own a Switch, a Wii U, or a Switch 2, the game is a must-play experience."
the-legend-of-zelda-breath-of-the-wild,"May 6, 2026",9,The game is not all that 97 on metacritic is tooo high the game is not top1 in fiction it's solid 9/10 and that's it
the-legend-of-zelda-breath-of-the-wild,"May 18, 2026",10,"It is an amazing game that still holds up to this day, this is my favorite game of all time nothing feels tedious and the shika slate abilities are amazing."
the-legend-of-zelda-breath-of-the-wild,"May 17, 2026",9,"très différent des différents jeux The Legend of Zelda, avec des armes que l'on récupère sur des ennemis majoritairement, qui se brisent etc. Malgré cet énorme changement dans la licence, le jeu reste incroyable"
the-legend-of-zelda-breath-of-the-wild,"May 17, 2026",9,[SPOILER ALERT: This review contains spoilers.]
the-legend-of-zelda-breath-of-the-wild,"May 17, 2026",10,Juegazo. tal vez el mejor que haya jugado en mi vida. la libertad de jugar sin que te digan a donde ir. la adrenalina de duración de armas. la música. su historia que si me atrapo a punta de recuerdos. es un juego 10/10 recomendado
the-legend-of-zelda-breath-of-the-wild,"May 17, 2026",3,"Surement un des pires jeux que j'ai acheté ...
Le jeu vous lâche au milieux de nul part et ne vous explique pas quoi faire et ou aller . Si vous aimez l'aventure je vous conseille alors Genshin Impact ."
the-legend-of-zelda-breath-of-the-wild,"May 13, 2026",10,"Such an amazing game, amazing graphics for its release and still amazing! I love fighting guardians and lynels. Master Mode makes the game even better!"
the-legend-of-zelda-breath-of-the-wild,"May 12, 2026",10,"A completely new chapter to zelda with open world mechanics and so much to see. A great amount to discover with a decent story and bosses.
A little repetitive at points, but that's just open world and you have to keep it fresh by doing other things.
Basically a must play on the list of top games."
the-legend-of-zelda-breath-of-the-wild,"May 10, 2026",9,"The Legend of Zelda: Breath of the Wild starts off medium‑fast: it doesn’t throw you into the open world immediately, but it does a great job teaching the basics. The tutorial island is tight, clear, and never feels like a boring checklist. By the time you leave the starting point, the game truly opens itself and becomes a reactive, fun, and interesting experience that keeps you engaged from minute one to final credits. A world that wants to be messed with. The sheer amount of things you can interact with is insane.•	You can set fires, cook, craft, experiment with weapons, and watch the world react: rain puts out flames, wind spreads fire, metal conducts electricity, and climbing works everywhere.•	There are tons of recipes, enemy types, sword types, and shields, so you never feel like you’re repeating the same loop.•	Every town and region has its own lore, vibe, and mini‑story, and the side quests are actual stories, not just “kill 10 monsters” spam.•	Easy‑minded enemies throw rocks at you, gang up if there are more of them, and try to flank you.•	Bigger enemies later on are even better, they’ll cover their weakness once you hit them, reposition, and force you to adapt. The characters are interesting and lovely, the towns look great, and the overall story is engaging enough to keep you invested, even when you’re off doing random side stuff. The enemies actually react how you fight them, which makes combat feel smart instead of just mindless.  There are many, many more little tweaks like this, and they make every fight feel like a tiny puzzle instead of a button‑mash. The game has:•	Cold sensor / heat sensor for different biomes,•	Noise sensor where a clanking weapon on your back makes your sneaking louder; unequip that loud sword and suddenly you’re way stealthier. These aren’t just “flavour” details: they’re real gameplay incentives to think about your gear, position, and timing. Want to take out multiple enemies?•	Shoot some fire arrows around them, make them panic, and then clean up the mess.•	The skeleton animations are hilarious! I’m not spoiling it; you just have to experience it yourself. Puzzles that actually feel like Zelda. I’m usually bad at puzzles, but the ones in Breath of the Wild make sense.•	They’re canon‑adjacent, not just “time‑waste” filler.•	They feel like real puzzles, not random busywork, and they’re actually fun to solve.  Resident Evil games could really learn from this: puzzles that match the world and don’t feel like homework. Loot, loot, and more loot The game is packed with loot:•	Weapons to pick up,•	Shields to experiment with,•	Food to cook,•	Items to trade,•	Side quests that feel meaningful. Even after you finish the main story, there’s a ton of content to keep you going. You can keep exploring, crafting, cooking, and doing side quests, and it still feels like you’re discovering something new. Final verdict: 10/10.  This is a fantastic f***king game and truly one of the best games ever. AFTER Beating the game: The game can be very hard, but very balanced if you use everything the game gives you."
the-legend-of-zelda-breath-of-the-wild,"May 8, 2026",10,A must play. Please if you are thinking about playing it. Play it. It is the best game I ever played.
the-legend-of-zelda-breath-of-the-wild,"May 5, 2026",10,"Потрясающая игра тем более для своего времени, очень привлекательная визуальная составляющая заманчивая графика дающая чувство сразу и ностальгия и чувство детства , физика потрясающая можно взаимодействовать почти с каждым предметом , потрясающая игра в которую можно провести просто огромная куча времени видно что разработчики проделали огромную работу по созданию такого супер детального мира отличный эксклюзив 10 из 10 тем более если мы вспоминаем 2017 год"
the-legend-of-zelda-breath-of-the-wild,"May 4, 2026",8,"This was my first Zelda game , so my expectations were high . Actually i like this game but i cant say 'this is the best video game has ever made in that it had more flow than i anticipated . Firstly , enemy variety is not enough . In my 100 hours experince i always fight same enemy types plus game is contain not much boss variety either . After that , game difficulty . i think this topic is controversial but i my opinion game is so basic in everyway . for example shrines i had very high expectations for the shrines so i am dissapointed . we have 5 diffierent ability actually abilities are enough but we are not combinating them . This leads us to keep making the same things over and over . Additionally , ı was bored in the last 10 hours since i had consumed all the bosses therefore i didnt find formidable enemy . Nonethless i think the game is peak . the game provided an exceptionally rewarding experience that kept me thoroughly engaged ."
the-legend-of-zelda-breath-of-the-wild,"Apr 29, 2026",10,"The best open-world game I've ever played. You can't put it down because you keep wanting to go here and do there. The mountains and hills, and the advantage of being at high altitude, just like in real life, are very well thought out. Although Divine Beasts seems structurally repetitive, each game takes place in a different biome. In short, once you start playing, you're faced with a masterpiece that you won't be able to put down and will keep you occupied for hours. I recommend it to everyone."
the-legend-of-zelda-breath-of-the-wild,"Apr 26, 2026",10,Un onde ouvert qui révolutionne le monde ouvert. Un sentiment de liberté dans un monde merveilleux. Graphismes qui vont très bien avec cette licence. A aucun moment je me suis ennuyé tellement l'envie de parcourir la map est présente.
the-legend-of-zelda-breath-of-the-wild,"Apr 26, 2026",10,"Tremendo juegazo lo he jugado mas de mil horas y nunca me aburre, definitivamente el mejor juego de mundo abierto de la historia"
the-legend-of-zelda-breath-of-the-wild,"Apr 25, 2026",9,"This game is system-buying worthy and that’s exactly what happened. I’ve pinned over playing this for 5 years and after finally experiencing it, I’m not disappointed. It’s huge, it's innovative, it's beautiful, it's nostalgic, it's new. Its only downfall is the lack of a story. Zelda titles previously have been at the top tier in storytelling and this story is underbaked and unsatisfying."
the-legend-of-zelda-breath-of-the-wild,"Apr 23, 2026",10,Best zelda game hands down! Everything is amazing buy this game you wont regret it!
the-legend-of-zelda-breath-of-the-wild,"Apr 23, 2026",9,"2017 REVISITED: A REVOLUTION IN FREEDOM: Looking back at 2017, it’s hard to overstate how much this game changed the industry. While other open-world games were obsessed with checklists and map markers, Breath of the Wild gave us a paraglider and told us to ""go."" The true greatness of this game lies in its physics-based chemistry system. Whether you were using a metal sword to attract lightning during a storm or freezing a boulder to launch it at a camp, the game rewarded curiosity in a way that felt truly revolutionary at the time. TECHNICAL PERFORMANCE: AGING WITH GRACE: Does it show its age? Yes. When played today, you’ll notice the 30 FPS cap (granted, there is a switch 2 edition, but it costs money) and the occasional frame dips in dense areas like Korok Forest. However, the art style is so strong that it masks the technical limitations of the original Switch hardware. The painterly, watercolor aesthetic ensures that Hyrule still feels vast and inviting, rather than ""outdated."" It’s a testament to the art direction that a game from 2017 can still stand side-by-side with modern Switch 2 titles without feeling out of place. THE WORLD: A RELEVANT MASTERPIECE: The most surprising thing about playing this today is how relevant it remains. Many games have tried to copy the ""Zelda formula,"" but few capture the same sense of lonely, quiet exploration. The lack of a constant music track—replaced by the sounds of wind and grass—makes the world feel alive and ""lived-in."" Even with its sequel out in the world, the original journey of Link waking up in the Shrine of Resurrection still carries a weight and a simplicity that is unmatched. THE DURABILITY DILEMMA: If there is one thing that frustrates me the most in this game, it’s definitely the weapon durability system. While it encourages you to try new gear, it can still feel frustrating to have a legendary weapon shatter after a single encounter. It creates a ""hoarding"" mentality that sometimes clashes with the game’s otherwise perfect sense of freedom. PROS: Unrivaled sense of exploration and freedom. Timeless art style that still looks beautiful today. The ""Chemistry Engine"" allows for insane player creativity. CONS: Divisive weapon durability system.Occasional frame rate stutters in busy environments. THE FINAL VERDICT: 9/10: In 2017, this game was a 10/10. Today, it remains a near-perfect 9/10. It is a technical marvel of its time that has aged with incredible grace. Even with newer titles pushing hardware further, the original ""Breath"" remains an essential, quiet, and breathtaking journey that every gamer should experience at least once."
the-legend-of-zelda-breath-of-the-wild,"Apr 19, 2026",10,"One of the greatest games of all time, the freedom I experienced when playing this game for the first time was unbelievable. The individuality of every playthrough makes it one of the most replayable games out there."
the-legend-of-zelda-breath-of-the-wild,"Oct 29, 2025",10,"At first I was a bit bored from this game. The starting area is a bit tedious. But then it became super fun and addicting - exploring the different areas of the map, not knowing what you will find makes you want to keep playing the game. The shrines are neat puzzles, some of which really test your problem solving skills.

The combat is descent. I like how you can get better by learning to parry and flurry rush, but it can get repetitive a bit boring after like 50 hoursm but exploring is the thing that makes the game a masterpiece so it isn't a problem. Plus there are many different weapons with different natural abilities (fire, ice...) that make it more interesting.

The story is intriguing and you help figure stuff out by finding memories (which you access by playing like geoguessr which is fun). The characters can be a bit goofy and have intereseting things to say.

The quest are ok I guess. Some are very hard to figure out so you will probably need to look them up on youtube.

The only thing I genuinely don't like is that there isn't a big variety in enemies. There are only 3-4 enemy types in the different zones and it does get a bit dull, but as I said combat is not the main part of the game (it does play a hue big, but exploration is number 1)."
the-legend-of-zelda-breath-of-the-wild,"Apr 17, 2026",10,"Melhor jogo que eu joguei na minha vida! Nunca tinha jogado nada do universo Zelda. Porém, fiquei totalmente fascinado."
the-legend-of-zelda-breath-of-the-wild,"Jul 4, 2025",10,Il miglior gioco del mondo insieme a rdr2. Grafica ottima e storia bella. Incredibile.
the-legend-of-zelda-breath-of-the-wild,"Apr 16, 2026",10,"Prawdziwy powiew świeżości w grach video.
The Legend of Zelda: Breath of the Wild przywraca na nowo radość z grania."
the-legend-of-zelda-breath-of-the-wild,"Apr 16, 2026",10,a really nice game with cool graphics and a very interesting story and good controls
the-legend-of-zelda-breath-of-the-wild,"Apr 14, 2026",10,"Este juego me marcó demasiado, es de esos juegos que cuando necesitas desconectar de la vida diaria, está ahí para poder apoyarte en el y disfrutarlo como si no hubiera un mañana. El juego para mí podría ser mejorable en algunos aspectos, pero muy pocos, porque en general me parece sublime y le tengo un inmenso cariño. Gracias Nintendo por crear este tipo de joyas."
the-legend-of-zelda-breath-of-the-wild,"Apr 14, 2026",10,"Легенда Зельди найчудовіша гра на світч персонально для мене, мила, красива по своєму. Бойовка, на справді, легка, але для мене як для новачка світу консолей було складнувато."
the-legend-of-zelda-breath-of-the-wild,"Apr 12, 2026",10,"Jeśli ktoś szuka sandboxa na ponad 100h, must have!
Jeśli ktoś nie lubi eksploracji i sandboxowych otwartych światów, to raczej się odbije...

Kontekst: Zelda w klimacie post-apo, dostajemy duży otwarty świat który po przejściu dobrze tłumaczącego mechaniki prologu (nie prowadzi za rączkę jak typowe AAA) praktycznie cały stoi przed nami otworem, fabuła jest tylko tłem ale dobrze nakreśla cel i daje motywację do gry.
Gameplay: gra nie wprowadza niczego całkowicie nowego, ale łączy w idealny sposób wiele znanych mechanik. Eksploracja jest genialnie zrealizowana, jeśli tylko pozwoli nam na to poziom staminy i nasze umiejętności jesteśmy w stanie dostać się wszędzie gdzie tylko zechcemy, świat jest wystarczający duży żeby móc na spokojnie eksplorować i poczuć klimat podróży, ale jednocześnie nie jest pusty, jeśli coś przykuje naszą uwagę, to najprawdopodobniej coś ciekawego tam znajdziemy. System walki jest prosty, ale satysfakcjonujący, a przez mnogość sposobów na eliminowanie przeciwników nie nudzi nawet pod koniec gry, tak na prawdę najgorsze walki to te z bossami, bo tam mamy ograniczoną przestrzeń i często wymuszony sposób walki. Mamy tu system niszczenia się broni, który wymusza na nas ciągłe zmienianie naszego rynsztunku i szukanie nowych broni, dzięki temu nawet jeśli znajdziemy na początku gry silny miecz, nie przejdziemy nim całej gry. Gra oferuje też wiele pomniejszych mechanik, takich jak jedzenie, temperatura, wspinaczka, latanie na lotni, moce które dostajemy w prologu, czy wierzchowce. 
Grafika i dźwięk: styl artystyczny doprze pasuje do gry, buduje klimat, udźwiękowienie też jest na najwyższym poziomie, z jedną wadą... praktycznie w grze nie uświadczymy dubbingu. Muzyka jak chyba w każdej zeldzie jest na bardzo wysokim poziomie i świetnie wpasowuje się w to gdzie jesteśmy i co aktualnie dzieje się na ekranie. Nie ma co ukrywać że gra momentami nie zachwyca szczegółowością tekstur czy rozdzielczością, ale to kwestia przestarzałej konsoli i na szczęście wersja na switch 2 eliminuje wszystkie te niedociągnięcia.
Wydajność/optymalizacja: Gra jest świetnie zoptymalizowana, wyciska z pierwszego pstryczka 100%, momentami zdarzają się chrupnięcia, czasy ładowania na pierwszym switch'u też nie są najkrótsze, ale nadal gra się przyjemnie, a nawet lekkie ścinki nie zaburzają gry i nie irytują, jest to na prawdę solidny port z WII'U. 
Najważniejsze + i -
+ Eksploracja!
+ Brak prowadzenia za rączkę
+ Ogrom aktywności w świecie gry
- Walki z bossami
- brak dubbingu...
Podsumowując, jest to gra która na pewno nie trafi do każdego, stawia na kreatywność gracza, eksploracje i sandboxowość, jeśli ktoś nie lubi takich sandboxowych otwartych światów i po prostu chce przebiec przez fabułę, jasne, można, ale w takim wypadku raczej nie polecam, ale dla graczy takich jak ja, którzy szukają dużego otwartego sandboxa nie prowadzącego za rączkę jest to tytuł obowiązkowy, obiektywnie gra ma niedociągnięcia, braki i nie jest idealna, więc na pewno nie zasługuje na 10/10, a raczej na solidne 8,5/10, ale dla mnie osobiście, to aktualnie najlepsza gra w jaką kiedykolwiek grałem!"
the-legend-of-zelda-breath-of-the-wild,"Apr 13, 2026",10,"Legend of Zelda: Breath of the Wild is by far the greatest open world game of all time, rivaling games like Skyrim and Ghost of Tsushima. Gameplay wise, you could spend 1000 hours in BotW and still not find every Korok Seed, Shrine, or shop. Its no wonder why this is the highest rated video game ever. All acclaim that this game receives is deserved. One of my favorite games of all time."
the-legend-of-zelda-breath-of-the-wild,"Apr 9, 2026",10,This game changed they way we look at games and experience them. The game evolves around the players no matter which way you choose while enjoying perfect mechanics and the most atmospheric scenery. All this is put together in simple but sophisticated way.
the-legend-of-zelda-breath-of-the-wild,"Apr 6, 2026",10,Honnestly this game changed the whole gaming industry forever its criminal to rate it below 10
the-legend-of-zelda-breath-of-the-wild,"Apr 5, 2026",10,"The best game I ever played. No game has that much freedom at all. The feeling when you step out of the shrine of living is amazing. And yet nearly 8 years later I still play this game. The Freedom to go wherever you want whenever you want is so good. The Story is perfect and you learn time after time the things you need to progress further
All in all is it the best game in the world of games"
the-legend-of-zelda-breath-of-the-wild,"Apr 5, 2026",10,Despite not being a perfect game (Tears would make it slightly better) it is almost perfect the world and how everything interacts is awesome. The best open world released still in 2026.
the-legend-of-zelda-breath-of-the-wild,"Apr 5, 2026",10,"An Amazing game with great graphics, open world area and repetitive gameplay that you can enjoy all the time, there are some flaws like the weapon durability system but overall it's amazing."
the-legend-of-zelda-breath-of-the-wild,"Apr 1, 2026",10,[SPOILER ALERT: This review contains spoilers.]
the-legend-of-zelda-breath-of-the-wild,"Mar 29, 2026",7,"cute, interesting world to discover, some parts are very underutilized and the shrine thing that you have to learn skills in those **** massive balls. The story was kinda whatever but it was a fun playthrough. 50 hours is **** mental however, and the end bossfight was way too easy in comparison to the other bossfights you had to do. A few parts of this game was a bit underwhelming but other than that it is a pretty solid one if you are into this kind of stuff."
the-legend-of-zelda-breath-of-the-wild,"Apr 2, 2026",10,"Ho giocato questo gioco tempo fa, e dopo aver giocato titoli famosi come Rdr2, TLOU 1/2, Ghost of Tsushima e tanti altri, questo rimane per me sempre in cima alla lista, per le tante cose da fare nel mondo open world e anche per una trama bellissima. La cosa fantastica di questo gioco è che la storia principale dura poco, ma è la voglia di scoprire ed esplorare che la fa allungare di tantissime ore."
the-legend-of-zelda-breath-of-the-wild,"Apr 2, 2026",10,"Candidate for my favourite game of all time. 

This game had multiple moments in which it took me back to the feeling of being a little kid experiencing the wonder of video games for the first time again."
the-legend-of-zelda-breath-of-the-wild,"Apr 1, 2026",9,"The most ""Open world"" open world an open world game can get without being too much, the exploration is great but not overwhelming."
the-legend-of-zelda-breath-of-the-wild,"Apr 1, 2026",10,[SPOILER ALERT: This review contains spoilers.]
the-legend-of-zelda-breath-of-the-wild,"Apr 1, 2026",9,"A complete masterpiece, Nintendo's second best (after TotK). It is a revolutionary game where you can explore a huge free world. The game is almost perfect but there is one problem: you cannot do anything with the drops from monsters and that is why TotK is better, they fixed it..."
the-legend-of-zelda-breath-of-the-wild,"Apr 1, 2026",10,"juegazo lo jugue con 15 años y lo seguire jugando igual, cada parte del mapa explorable es una belleza muy buen juego hoy con 22 años entiendo lo que fue para mi infancia y lo que sigue siendo es una obra maestra"
the-legend-of-zelda-breath-of-the-wild,"Mar 31, 2026",10,"Zelda: Breath of the Wild (9.9/10) is a masterclass in open-world design. Every corner of Hyrule feels alive, with physics-driven puzzles, dynamic weather, and stunning vistas. The freedom to explore, experiment, and approach challenges your way is unparalleled. Combat is satisfying, shrines are clever, and the story, though subtle, resonates. A breathtaking adventure that sets a new standard for gaming."
the-legend-of-zelda-breath-of-the-wild,"Mar 28, 2026",7,"The Legend of Zelda: Breath of The Wild has a wonderful open world and engaging concept for a story, but struggles to tell that story in a satisfying way and the player will spend more time doing tedious chores than adventuring."
the-legend-of-zelda-breath-of-the-wild,"Mar 28, 2026",10,"I simply love the exploration and setting of this game; the soundtrack and art direction drive me crazy. Needless to say, the freedom this game gives you is insane. Without a doubt, one of my favorites."
the-legend-of-zelda-breath-of-the-wild,"Mar 28, 2026",10,Uno de los mejores videojuegos que he jugado en mi vida. No hay palabras suficientes para describir todo lo que he podido vivir y sentir. Un imprescindible.
the-legend-of-zelda-breath-of-the-wild,"Mar 27, 2026",10,"Absolute masterpiece! The first game I played on switch! Open world, many things to explore and of course the following saying applies perfectly onto this game: Life is about the journey, not the destination. You're in a vast unknown world, you can go everywhere your eyes can see. Wherever you go there will be something to obtain, from completing a quest, or just getting a korok seed. The artwork is beautiful, the music is relaxing. It's not about rushing to complete this game. It's about exploring, picking a direction and just heading that way and whatever happens. I really wish i could forget this game and experience it once again from scratch. 10/10"
the-legend-of-zelda-breath-of-the-wild,"Mar 25, 2026",10,Este es sin duda alguna mi videojuego favorito con diferencia nunca me había encontrado con un juego tan hermoso y épico tal vez hable desde el amor que le tengo a esta saga pero no puedo dejar de decir lo mucho que amo este juego yo creo que nunca voy a encontrar un juego que me guste más que este
the-legend-of-zelda-breath-of-the-wild,"Mar 24, 2026",10,"One of the best games ever made. An incredibly beautiful world- so much to explore and find. 
This game truly encapsulates the sense of wonder of games of old.
Take your time with this game and enjoy every moment it has to offer- there is no wasted time when getting into this world."
the-legend-of-zelda-breath-of-the-wild,"Mar 24, 2026",10,"È un gioco perfetto, la grafica nel 2026 sembra quella di un gioco non curatissimo ma di certo non datato. Gameplay 10, QoL 10, grafica, se contiamo che il gioco sia tanto datato 10"
the-legend-of-zelda-breath-of-the-wild,"May 19, 2026",10,"The Legend of Zelda: Breath of the Wild is, hands down, the best game on the Nintendo Switch. It is totally different from any other Zelda game, featuring a completely open world with barely any boundaries. The controls are seamless, the story is compelling, and the graphics are amazing. If you own a Switch, a Wii U, or a Switch 2, the game is a must-play experience."
the-legend-of-zelda-breath-of-the-wild,"May 6, 2026",9,The game is not all that 97 on metacritic is tooo high the game is not top1 in fiction it's solid 9/10 and that's it
the-legend-of-zelda-breath-of-the-wild,"May 18, 2026",10,"It is an amazing game that still holds up to this day, this is my favorite game of all time nothing feels tedious and the shika slate abilities are amazing."
the-legend-of-zelda-breath-of-the-wild,"May 17, 2026",9,"très différent des différents jeux The Legend of Zelda, avec des armes que l'on récupère sur des ennemis majoritairement, qui se brisent etc. Malgré cet énorme changement dans la licence, le jeu reste incroyable"
the-legend-of-zelda-breath-of-the-wild,"May 17, 2026",9,[SPOILER ALERT: This review contains spoilers.]
the-legend-of-zelda-breath-of-the-wild,"May 17, 2026",10,Juegazo. tal vez el mejor que haya jugado en mi vida. la libertad de jugar sin que te digan a donde ir. la adrenalina de duración de armas. la música. su historia que si me atrapo a punta de recuerdos. es un juego 10/10 recomendado
the-legend-of-zelda-breath-of-the-wild,"May 17, 2026",3,"Surement un des pires jeux que j'ai acheté ...
Le jeu vous lâche au milieux de nul part et ne vous explique pas quoi faire et ou aller . Si vous aimez l'aventure je vous conseille alors Genshin Impact ."
the-legend-of-zelda-breath-of-the-wild,"May 13, 2026",10,"Such an amazing game, amazing graphics for its release and still amazing! I love fighting guardians and lynels. Master Mode makes the game even better!"
the-legend-of-zelda-breath-of-the-wild,"May 12, 2026",10,"A completely new chapter to zelda with open world mechanics and so much to see. A great amount to discover with a decent story and bosses.
A little repetitive at points, but that's just open world and you have to keep it fresh by doing other things.
Basically a must play on the list of top games."
the-legend-of-zelda-breath-of-the-wild,"May 10, 2026",9,"The Legend of Zelda: Breath of the Wild starts off medium‑fast: it doesn’t throw you into the open world immediately, but it does a great job teaching the basics. The tutorial island is tight, clear, and never feels like a boring checklist. By the time you leave the starting point, the game truly opens itself and becomes a reactive, fun, and interesting experience that keeps you engaged from minute one to final credits. A world that wants to be messed with. The sheer amount of things you can interact with is insane.•	You can set fires, cook, craft, experiment with weapons, and watch the world react: rain puts out flames, wind spreads fire, metal conducts electricity, and climbing works everywhere.•	There are tons of recipes, enemy types, sword types, and shields, so you never feel like you’re repeating the same loop.•	Every town and region has its own lore, vibe, and mini‑story, and the side quests are actual stories, not just “kill 10 monsters” spam.•	Easy‑minded enemies throw rocks at you, gang up if there are more of them, and try to flank you.•	Bigger enemies later on are even better, they’ll cover their weakness once you hit them, reposition, and force you to adapt. The characters are interesting and lovely, the towns look great, and the overall story is engaging enough to keep you invested, even when you’re off doing random side stuff. The enemies actually react how you fight them, which makes combat feel smart instead of just mindless.  There are many, many more little tweaks like this, and they make every fight feel like a tiny puzzle instead of a button‑mash. The game has:•	Cold sensor / heat sensor for different biomes,•	Noise sensor where a clanking weapon on your back makes your sneaking louder; unequip that loud sword and suddenly you’re way stealthier. These aren’t just “flavour” details: they’re real gameplay incentives to think about your gear, position, and timing. Want to take out multiple enemies?•	Shoot some fire arrows around them, make them panic, and then clean up the mess.•	The skeleton animations are hilarious! I’m not spoiling it; you just have to experience it yourself. Puzzles that actually feel like Zelda. I’m usually bad at puzzles, but the ones in Breath of the Wild make sense.•	They’re canon‑adjacent, not just “time‑waste” filler.•	They feel like real puzzles, not random busywork, and they’re actually fun to solve.  Resident Evil games could really learn from this: puzzles that match the world and don’t feel like homework. Loot, loot, and more loot The game is packed with loot:•	Weapons to pick up,•	Shields to experiment with,•	Food to cook,•	Items to trade,•	Side quests that feel meaningful. Even after you finish the main story, there’s a ton of content to keep you going. You can keep exploring, crafting, cooking, and doing side quests, and it still feels like you’re discovering something new. Final verdict: 10/10.  This is a fantastic f***king game and truly one of the best games ever. AFTER Beating the game: The game can be very hard, but very balanced if you use everything the game gives you."
the-legend-of-zelda-breath-of-the-wild,"May 8, 2026",10,A must play. Please if you are thinking about playing it. Play it. It is the best game I ever played.
the-legend-of-zelda-breath-of-the-wild,"May 5, 2026",10,"Потрясающая игра тем более для своего времени, очень привлекательная визуальная составляющая заманчивая графика дающая чувство сразу и ностальгия и чувство детства , физика потрясающая можно взаимодействовать почти с каждым предметом , потрясающая игра в которую можно провести просто огромная куча времени видно что разработчики проделали огромную работу по созданию такого супер детального мира отличный эксклюзив 10 из 10 тем более если мы вспоминаем 2017 год"
the-legend-of-zelda-breath-of-the-wild,"May 4, 2026",8,"This was my first Zelda game , so my expectations were high . Actually i like this game but i cant say 'this is the best video game has ever made in that it had more flow than i anticipated . Firstly , enemy variety is not enough . In my 100 hours experince i always fight same enemy types plus game is contain not much boss variety either . After that , game difficulty . i think this topic is controversial but i my opinion game is so basic in everyway . for example shrines i had very high expectations for the shrines so i am dissapointed . we have 5 diffierent ability actually abilities are enough but we are not combinating them . This leads us to keep making the same things over and over . Additionally , ı was bored in the last 10 hours since i had consumed all the bosses therefore i didnt find formidable enemy . Nonethless i think the game is peak . the game provided an exceptionally rewarding experience that kept me thoroughly engaged ."
the-legend-of-zelda-breath-of-the-wild,"Apr 29, 2026",10,"The best open-world game I've ever played. You can't put it down because you keep wanting to go here and do there. The mountains and hills, and the advantage of being at high altitude, just like in real life, are very well thought out. Although Divine Beasts seems structurally repetitive, each game takes place in a different biome. In short, once you start playing, you're faced with a masterpiece that you won't be able to put down and will keep you occupied for hours. I recommend it to everyone."
the-legend-of-zelda-breath-of-the-wild,"Apr 26, 2026",10,Un onde ouvert qui révolutionne le monde ouvert. Un sentiment de liberté dans un monde merveilleux. Graphismes qui vont très bien avec cette licence. A aucun moment je me suis ennuyé tellement l'envie de parcourir la map est présente.
the-legend-of-zelda-breath-of-the-wild,"Apr 26, 2026",10,"Tremendo juegazo lo he jugado mas de mil horas y nunca me aburre, definitivamente el mejor juego de mundo abierto de la historia"
the-legend-of-zelda-breath-of-the-wild,"Apr 25, 2026",9,"This game is system-buying worthy and that’s exactly what happened. I’ve pinned over playing this for 5 years and after finally experiencing it, I’m not disappointed. It’s huge, it's innovative, it's beautiful, it's nostalgic, it's new. Its only downfall is the lack of a story. Zelda titles previously have been at the top tier in storytelling and this story is underbaked and unsatisfying."
the-legend-of-zelda-breath-of-the-wild,"Apr 23, 2026",10,Best zelda game hands down! Everything is amazing buy this game you wont regret it!
the-legend-of-zelda-breath-of-the-wild,"Apr 23, 2026",9,"2017 REVISITED: A REVOLUTION IN FREEDOM: Looking back at 2017, it’s hard to overstate how much this game changed the industry. While other open-world games were obsessed with checklists and map markers, Breath of the Wild gave us a paraglider and told us to ""go."" The true greatness of this game lies in its physics-based chemistry system. Whether you were using a metal sword to attract lightning during a storm or freezing a boulder to launch it at a camp, the game rewarded curiosity in a way that felt truly revolutionary at the time. TECHNICAL PERFORMANCE: AGING WITH GRACE: Does it show its age? Yes. When played today, you’ll notice the 30 FPS cap (granted, there is a switch 2 edition, but it costs money) and the occasional frame dips in dense areas like Korok Forest. However, the art style is so strong that it masks the technical limitations of the original Switch hardware. The painterly, watercolor aesthetic ensures that Hyrule still feels vast and inviting, rather than ""outdated."" It’s a testament to the art direction that a game from 2017 can still stand side-by-side with modern Switch 2 titles without feeling out of place. THE WORLD: A RELEVANT MASTERPIECE: The most surprising thing about playing this today is how relevant it remains. Many games have tried to copy the ""Zelda formula,"" but few capture the same sense of lonely, quiet exploration. The lack of a constant music track—replaced by the sounds of wind and grass—makes the world feel alive and ""lived-in."" Even with its sequel out in the world, the original journey of Link waking up in the Shrine of Resurrection still carries a weight and a simplicity that is unmatched. THE DURABILITY DILEMMA: If there is one thing that frustrates me the most in this game, it’s definitely the weapon durability system. While it encourages you to try new gear, it can still feel frustrating to have a legendary weapon shatter after a single encounter. It creates a ""hoarding"" mentality that sometimes clashes with the game’s otherwise perfect sense of freedom. PROS: Unrivaled sense of exploration and freedom. Timeless art style that still looks beautiful today. The ""Chemistry Engine"" allows for insane player creativity. CONS: Divisive weapon durability system.Occasional frame rate stutters in busy environments. THE FINAL VERDICT: 9/10: In 2017, this game was a 10/10. Today, it remains a near-perfect 9/10. It is a technical marvel of its time that has aged with incredible grace. Even with newer titles pushing hardware further, the original ""Breath"" remains an essential, quiet, and breathtaking journey that every gamer should experience at least once."
the-legend-of-zelda-breath-of-the-wild,"Apr 19, 2026",10,"One of the greatest games of all time, the freedom I experienced when playing this game for the first time was unbelievable. The individuality of every playthrough makes it one of the most replayable games out there."
the-legend-of-zelda-breath-of-the-wild,"Oct 29, 2025",10,"At first I was a bit bored from this game. The starting area is a bit tedious. But then it became super fun and addicting - exploring the different areas of the map, not knowing what you will find makes you want to keep playing the game. The shrines are neat puzzles, some of which really test your problem solving skills.

The combat is descent. I like how you can get better by learning to parry and flurry rush, but it can get repetitive a bit boring after like 50 hoursm but exploring is the thing that makes the game a masterpiece so it isn't a problem. Plus there are many different weapons with different natural abilities (fire, ice...) that make it more interesting.

The story is intriguing and you help figure stuff out by finding memories (which you access by playing like geoguessr which is fun). The characters can be a bit goofy and have intereseting things to say.

The quest are ok I guess. Some are very hard to figure out so you will probably need to look them up on youtube.

The only thing I genuinely don't like is that there isn't a big variety in enemies. There are only 3-4 enemy types in the different zones and it does get a bit dull, but as I said combat is not the main part of the game (it does play a hue big, but exploration is number 1)."
the-legend-of-zelda-breath-of-the-wild,"Apr 17, 2026",10,"Melhor jogo que eu joguei na minha vida! Nunca tinha jogado nada do universo Zelda. Porém, fiquei totalmente fascinado."
the-legend-of-zelda-breath-of-the-wild,"Jul 4, 2025",10,Il miglior gioco del mondo insieme a rdr2. Grafica ottima e storia bella. Incredibile.
the-legend-of-zelda-breath-of-the-wild,"Apr 16, 2026",10,"Prawdziwy powiew świeżości w grach video.
The Legend of Zelda: Breath of the Wild przywraca na nowo radość z grania."
the-legend-of-zelda-breath-of-the-wild,"Apr 16, 2026",10,a really nice game with cool graphics and a very interesting story and good controls
the-legend-of-zelda-breath-of-the-wild,"Apr 14, 2026",10,"Este juego me marcó demasiado, es de esos juegos que cuando necesitas desconectar de la vida diaria, está ahí para poder apoyarte en el y disfrutarlo como si no hubiera un mañana. El juego para mí podría ser mejorable en algunos aspectos, pero muy pocos, porque en general me parece sublime y le tengo un inmenso cariño. Gracias Nintendo por crear este tipo de joyas."
the-legend-of-zelda-breath-of-the-wild,"Apr 14, 2026",10,"Легенда Зельди найчудовіша гра на світч персонально для мене, мила, красива по своєму. Бойовка, на справді, легка, але для мене як для новачка світу консолей було складнувато."
the-legend-of-zelda-breath-of-the-wild,"Apr 12, 2026",10,"Jeśli ktoś szuka sandboxa na ponad 100h, must have!
Jeśli ktoś nie lubi eksploracji i sandboxowych otwartych światów, to raczej się odbije...

Kontekst: Zelda w klimacie post-apo, dostajemy duży otwarty świat który po przejściu dobrze tłumaczącego mechaniki prologu (nie prowadzi za rączkę jak typowe AAA) praktycznie cały stoi przed nami otworem, fabuła jest tylko tłem ale dobrze nakreśla cel i daje motywację do gry.
Gameplay: gra nie wprowadza niczego całkowicie nowego, ale łączy w idealny sposób wiele znanych mechanik. Eksploracja jest genialnie zrealizowana, jeśli tylko pozwoli nam na to poziom staminy i nasze umiejętności jesteśmy w stanie dostać się wszędzie gdzie tylko zechcemy, świat jest wystarczający duży żeby móc na spokojnie eksplorować i poczuć klimat podróży, ale jednocześnie nie jest pusty, jeśli coś przykuje naszą uwagę, to najprawdopodobniej coś ciekawego tam znajdziemy. System walki jest prosty, ale satysfakcjonujący, a przez mnogość sposobów na eliminowanie przeciwników nie nudzi nawet pod koniec gry, tak na prawdę najgorsze walki to te z bossami, bo tam mamy ograniczoną przestrzeń i często wymuszony sposób walki. Mamy tu system niszczenia się broni, który wymusza na nas ciągłe zmienianie naszego rynsztunku i szukanie nowych broni, dzięki temu nawet jeśli znajdziemy na początku gry silny miecz, nie przejdziemy nim całej gry. Gra oferuje też wiele pomniejszych mechanik, takich jak jedzenie, temperatura, wspinaczka, latanie na lotni, moce które dostajemy w prologu, czy wierzchowce. 
Grafika i dźwięk: styl artystyczny doprze pasuje do gry, buduje klimat, udźwiękowienie też jest na najwyższym poziomie, z jedną wadą... praktycznie w grze nie uświadczymy dubbingu. Muzyka jak chyba w każdej zeldzie jest na bardzo wysokim poziomie i świetnie wpasowuje się w to gdzie jesteśmy i co aktualnie dzieje się na ekranie. Nie ma co ukrywać że gra momentami nie zachwyca szczegółowością tekstur czy rozdzielczością, ale to kwestia przestarzałej konsoli i na szczęście wersja na switch 2 eliminuje wszystkie te niedociągnięcia.
Wydajność/optymalizacja: Gra jest świetnie zoptymalizowana, wyciska z pierwszego pstryczka 100%, momentami zdarzają się chrupnięcia, czasy ładowania na pierwszym switch'u też nie są najkrótsze, ale nadal gra się przyjemnie, a nawet lekkie ścinki nie zaburzają gry i nie irytują, jest to na prawdę solidny port z WII'U. 
Najważniejsze + i -
+ Eksploracja!
+ Brak prowadzenia za rączkę
+ Ogrom aktywności w świecie gry
- Walki z bossami
- brak dubbingu...
Podsumowując, jest to gra która na pewno nie trafi do każdego, stawia na kreatywność gracza, eksploracje i sandboxowość, jeśli ktoś nie lubi takich sandboxowych otwartych światów i po prostu chce przebiec przez fabułę, jasne, można, ale w takim wypadku raczej nie polecam, ale dla graczy takich jak ja, którzy szukają dużego otwartego sandboxa nie prowadzącego za rączkę jest to tytuł obowiązkowy, obiektywnie gra ma niedociągnięcia, braki i nie jest idealna, więc na pewno nie zasługuje na 10/10, a raczej na solidne 8,5/10, ale dla mnie osobiście, to aktualnie najlepsza gra w jaką kiedykolwiek grałem!"
the-legend-of-zelda-breath-of-the-wild,"Apr 13, 2026",10,"Legend of Zelda: Breath of the Wild is by far the greatest open world game of all time, rivaling games like Skyrim and Ghost of Tsushima. Gameplay wise, you could spend 1000 hours in BotW and still not find every Korok Seed, Shrine, or shop. Its no wonder why this is the highest rated video game ever. All acclaim that this game receives is deserved. One of my favorite games of all time."
the-legend-of-zelda-breath-of-the-wild,"Apr 9, 2026",10,This game changed they way we look at games and experience them. The game evolves around the players no matter which way you choose while enjoying perfect mechanics and the most atmospheric scenery. All this is put together in simple but sophisticated way.
the-legend-of-zelda-breath-of-the-wild,"Apr 6, 2026",10,Honnestly this game changed the whole gaming industry forever its criminal to rate it below 10
the-legend-of-zelda-breath-of-the-wild,"Apr 5, 2026",10,"The best game I ever played. No game has that much freedom at all. The feeling when you step out of the shrine of living is amazing. And yet nearly 8 years later I still play this game. The Freedom to go wherever you want whenever you want is so good. The Story is perfect and you learn time after time the things you need to progress further
All in all is it the best game in the world of games"
the-legend-of-zelda-breath-of-the-wild,"Apr 5, 2026",10,Despite not being a perfect game (Tears would make it slightly better) it is almost perfect the world and how everything interacts is awesome. The best open world released still in 2026.
the-legend-of-zelda-breath-of-the-wild,"Apr 5, 2026",10,"An Amazing game with great graphics, open world area and repetitive gameplay that you can enjoy all the time, there are some flaws like the weapon durability system but overall it's amazing."
the-legend-of-zelda-breath-of-the-wild,"Apr 1, 2026",10,[SPOILER ALERT: This review contains spoilers.]
the-legend-of-zelda-breath-of-the-wild,"Mar 29, 2026",7,"cute, interesting world to discover, some parts are very underutilized and the shrine thing that you have to learn skills in those **** massive balls. The story was kinda whatever but it was a fun playthrough. 50 hours is **** mental however, and the end bossfight was way too easy in comparison to the other bossfights you had to do. A few parts of this game was a bit underwhelming but other than that it is a pretty solid one if you are into this kind of stuff."
the-legend-of-zelda-breath-of-the-wild,"Apr 2, 2026",10,"Ho giocato questo gioco tempo fa, e dopo aver giocato titoli famosi come Rdr2, TLOU 1/2, Ghost of Tsushima e tanti altri, questo rimane per me sempre in cima alla lista, per le tante cose da fare nel mondo open world e anche per una trama bellissima. La cosa fantastica di questo gioco è che la storia principale dura poco, ma è la voglia di scoprire ed esplorare che la fa allungare di tantissime ore."
the-legend-of-zelda-breath-of-the-wild,"Apr 2, 2026",10,"Candidate for my favourite game of all time. 

This game had multiple moments in which it took me back to the feeling of being a little kid experiencing the wonder of video games for the first time again."
the-legend-of-zelda-breath-of-the-wild,"Apr 1, 2026",9,"The most ""Open world"" open world an open world game can get without being too much, the exploration is great but not overwhelming."
the-legend-of-zelda-breath-of-the-wild,"Apr 1, 2026",10,[SPOILER ALERT: This review contains spoilers.]
the-legend-of-zelda-breath-of-the-wild,"Apr 1, 2026",9,"A complete masterpiece, Nintendo's second best (after TotK). It is a revolutionary game where you can explore a huge free world. The game is almost perfect but there is one problem: you cannot do anything with the drops from monsters and that is why TotK is better, they fixed it..."
the-legend-of-zelda-breath-of-the-wild,"Apr 1, 2026",10,"juegazo lo jugue con 15 años y lo seguire jugando igual, cada parte del mapa explorable es una belleza muy buen juego hoy con 22 años entiendo lo que fue para mi infancia y lo que sigue siendo es una obra maestra"
the-legend-of-zelda-breath-of-the-wild,"Mar 31, 2026",10,"Zelda: Breath of the Wild (9.9/10) is a masterclass in open-world design. Every corner of Hyrule feels alive, with physics-driven puzzles, dynamic weather, and stunning vistas. The freedom to explore, experiment, and approach challenges your way is unparalleled. Combat is satisfying, shrines are clever, and the story, though subtle, resonates. A breathtaking adventure that sets a new standard for gaming."
the-legend-of-zelda-breath-of-the-wild,"Mar 28, 2026",7,"The Legend of Zelda: Breath of The Wild has a wonderful open world and engaging concept for a story, but struggles to tell that story in a satisfying way and the player will spend more time doing tedious chores than adventuring."
the-legend-of-zelda-breath-of-the-wild,"Mar 28, 2026",10,"I simply love the exploration and setting of this game; the soundtrack and art direction drive me crazy. Needless to say, the freedom this game gives you is insane. Without a doubt, one of my favorites."
the-legend-of-zelda-breath-of-the-wild,"Mar 28, 2026",10,Uno de los mejores videojuegos que he jugado en mi vida. No hay palabras suficientes para describir todo lo que he podido vivir y sentir. Un imprescindible.
the-legend-of-zelda-breath-of-the-wild,"Mar 27, 2026",10,"Absolute masterpiece! The first game I played on switch! Open world, many things to explore and of course the following saying applies perfectly onto this game: Life is about the journey, not the destination. You're in a vast unknown world, you can go everywhere your eyes can see. Wherever you go there will be something to obtain, from completing a quest, or just getting a korok seed. The artwork is beautiful, the music is relaxing. It's not about rushing to complete this game. It's about exploring, picking a direction and just heading that way and whatever happens. I really wish i could forget this game and experience it once again from scratch. 10/10"
the-legend-of-zelda-breath-of-the-wild,"Mar 25, 2026",10,Este es sin duda alguna mi videojuego favorito con diferencia nunca me había encontrado con un juego tan hermoso y épico tal vez hable desde el amor que le tengo a esta saga pero no puedo dejar de decir lo mucho que amo este juego yo creo que nunca voy a encontrar un juego que me guste más que este
the-legend-of-zelda-breath-of-the-wild,"Mar 24, 2026",10,"One of the best games ever made. An incredibly beautiful world- so much to explore and find. 
This game truly encapsulates the sense of wonder of games of old.
Take your time with this game and enjoy every moment it has to offer- there is no wasted time when getting into this world."
the-legend-of-zelda-breath-of-the-wild,"Mar 24, 2026",10,"È un gioco perfetto, la grafica nel 2026 sembra quella di un gioco non curatissimo ma di certo non datato. Gameplay 10, QoL 10, grafica, se contiamo che il gioco sia tanto datato 10"
